customerID,gender,SeniorCitizen,Partner,Dependents,tenure,PhoneService,MultipleLines,InternetService,OnlineSecurity,OnlineBackup,DeviceProtection,TechSupport,StreamingTV,StreamingMovies,Contract,PaperlessBilling,PaymentMethod,MonthlyCharges,TotalCharges,Churn,tenure_group,monthly_ratio,revenue_risk
5365,0,0,1,0,1,0,1,0,0,2,0,0,0,0,0,1,2,29.85,29.85,0,0,0.9675850891410048,0.0
3953,1,0,0,0,34,1,0,0,2,0,2,0,0,0,1,0,3,56.95,1889.5,0,2,0.0301243057392224,0.0
2558,1,0,0,0,2,1,0,0,2,2,0,0,0,0,0,1,3,53.85,108.15,1,0,0.4933577645442052,646.2
5524,1,0,0,0,45,0,1,0,2,0,2,2,0,0,1,0,0,42.3,1840.75,0,2,0.0229672865481199,0.0
6500,0,0,0,0,2,1,0,1,0,0,0,0,0,0,0,1,2,70.7,151.65,1,0,0.4631509990173599,848.4000000000001
6540,0,0,0,0,8,1,2,1,0,0,2,0,2,2,0,1,2,99.65,820.5,1,0,0.1213024954351795,1195.8000000000002
1001,1,0,0,1,22,1,2,1,0,2,0,0,2,0,0,1,1,89.1,1949.4,0,1,0.04568293683347,0.0
4760,0,0,0,0,10,0,1,0,2,0,0,0,0,0,0,0,3,29.75,301.9,0,0,0.0982172334103664,0.0
5593,0,0,1,0,28,1,2,1,0,0,2,2,2,2,0,1,2,104.8,3046.05,1,2,0.0343939219901215,1257.6
4524,1,0,0,1,62,1,0,0,2,2,0,0,0,0,1,0,0,56.15,3487.95,0,3,0.0160936671491422,0.0
6860,1,0,1,1,13,1,0,0,2,0,0,0,0,0,0,1,3,49.95,587.45,0,1,0.0848840173336732,0.0
5278,1,0,0,0,16,1,0,2,1,1,1,1,1,1,2,0,1,18.95,326.8,0,1,0.0578096400244051,0.0
5740,1,0,1,0,58,1,2,1,0,0,2,0,2,2,1,0,1,100.35,5681.1,0,3,0.0176607240280882,0.0
174,1,0,0,0,49,1,2,1,0,2,2,0,2,2,0,1,0,103.7,5036.3,1,3,0.0205864252675044,1244.4
3606,1,0,0,0,25,1,0,1,2,0,2,2,2,2,0,1,2,105.5,2686.05,0,2,0.0392623881208016,0.0
2550,0,0,1,1,69,1,2,1,2,2,2,2,2,2,2,0,1,113.25,7895.15,0,3,0.0143424327045458,0.0
5809,0,0,0,0,52,1,0,2,1,1,1,1,1,1,1,0,3,20.65,1022.95,0,3,0.0201670003418135,0.0
7008,1,0,0,1,71,1,2,1,2,0,2,0,2,2,2,0,0,106.7,7382.25,0,3,0.0144516303795753,0.0
2930,0,0,1,1,10,1,0,0,0,0,2,2,0,0,0,0,1,55.2,528.35,1,0,0.1042788325304618,662.4000000000001
2921,0,0,0,0,21,1,0,1,0,2,2,0,0,2,0,1,2,90.05,1862.9,0,1,0.0483126777187617,1080.6
6196,1,1,0,0,1,0,1,0,0,0,2,0,0,2,0,1,2,39.65,39.65,1,0,0.97539975399754,475.79999999999995
1140,1,0,1,0,12,1,0,2,1,1,1,1,1,1,1,0,0,19.8,202.25,0,0,0.0974169741697417,0.0
723,1,0,0,0,1,1,0,2,1,1,1,1,1,1,0,0,3,20.15,20.15,1,0,0.9527186761229316,241.79999999999998
2535,0,0,1,0,58,1,2,0,0,2,0,2,0,0,2,1,1,59.9,3505.1,0,3,0.017084509854254,0.0
4469,1,0,1,1,49,1,0,0,2,2,0,2,0,0,0,0,1,59.6,2970.3,0,3,0.0200585602261636,0.0
4863,0,0,0,0,30,1,0,0,2,2,0,0,0,0,0,1,0,55.3,1530.6,0,2,0.0361060329067641,0.0
4574,1,0,1,1,47,1,2,1,0,2,0,0,2,2,0,1,2,99.35,4749.15,1,2,0.0209151289959264,1192.1999999999998
6108,1,0,1,1,1,0,1,0,0,2,0,0,0,0,0,0,2,30.2,30.2,1,0,0.967948717948718,362.4
3724,1,0,1,0,72,1,2,0,2,2,2,2,2,2,2,1,1,90.25,6369.45,0,3,0.0141669740756147,0.0
6188,0,0,0,1,17,1,0,0,0,0,0,0,2,2,0,1,3,64.7,1093.1,1,1,0.0591353623983182,0.0
2694,0,1,1,0,71,1,2,1,2,2,2,2,0,0,2,1,1,96.35,6766.95,0,3,0.0142362162841037,0.0
3472,1,1,1,0,2,1,0,1,0,0,2,0,2,2,0,1,1,95.5,181.65,0,0,0.5228579249931563,0.0
4834,0,0,1,1,27,1,0,0,2,2,2,2,0,0,1,0,3,66.15,1874.45,0,2,0.0352715348316404,0.0
5184,1,0,0,0,1,1,0,2,1,1,1,1,1,1,0,0,0,20.2,20.2,0,0,0.9528301886792452,0.0
2378,1,1,0,0,1,1,0,0,0,0,0,0,0,0,0,0,0,45.25,45.25,0,0,0.9783783783783784,0.0
4413,0,0,1,1,72,1,2,1,2,2,0,2,2,0,2,0,0,99.9,7251.7,0,3,0.0137741806499648,0.0
4282,1,0,0,0,5,1,0,1,0,0,0,0,0,0,0,1,2,69.7,316.9,1,0,0.2192513368983957,836.4000000000001
4646,0,0,0,0,46,1,0,1,0,0,2,0,0,0,0,1,1,74.8,3548.3,0,2,0.0210745780858197,0.0
3819,1,0,0,0,34,1,2,1,0,2,2,0,2,2,0,1,2,106.35,3549.25,1,2,0.0299556369269769,1276.1999999999998
5792,0,0,0,0,11,1,2,1,0,0,2,0,2,2,0,1,0,97.85,1105.4,1,0,0.088439985538684,1174.1999999999998
6252,1,0,1,1,10,1,0,0,0,2,0,0,0,0,1,0,3,49.55,475.7,0,0,0.1039437801552339,0.0
6660,0,0,1,1,70,1,2,0,2,2,0,0,2,0,2,1,1,69.2,4872.35,0,3,0.014199677839679,0.0
6945,0,0,1,1,17,1,0,2,1,1,1,1,1,1,1,0,3,20.75,418.25,0,1,0.0494931425163983,0.0
3259,0,0,0,0,63,1,2,0,2,2,2,2,2,0,2,1,1,79.85,4861.45,0,3,0.0164217626916472,0.0
2855,0,0,1,0,13,1,2,0,2,2,0,2,2,0,0,1,2,76.2,981.45,0,1,0.0775611990432083,0.0
2593,0,0,0,0,49,1,2,1,0,0,0,0,0,2,0,1,2,84.5,3906.7,0,3,0.0216239731811551,0.0
4202,1,0,0,0,2,1,0,0,0,2,0,0,0,0,0,0,3,49.25,97.0,0,0,0.5025510204081632,0.0
5499,0,0,0,0,2,1,0,1,0,0,0,0,2,0,0,1,2,80.65,144.15,1,0,0.555632104719256,967.8000000000001
5417,1,0,0,0,52,1,2,0,2,0,0,2,2,2,2,1,1,79.75,4217.8,0,3,0.0189034796624632,0.0
2043,0,0,1,1,69,1,2,0,2,0,2,2,0,0,2,1,1,64.15,4254.1,0,3,0.0150760264153603,0.0
5675,0,1,0,0,43,1,2,1,0,2,0,0,2,0,0,1,2,90.25,3838.75,0,2,0.0235041343837489,0.0
6619,0,0,0,0,15,1,0,1,2,2,0,0,2,2,0,1,1,99.1,1426.4,1,1,0.0694269300826677,1189.1999999999998
4648,0,1,1,0,25,1,2,0,2,0,0,2,2,0,0,1,1,69.5,1752.65,0,2,0.0396316254668833,0.0
5295,0,1,1,0,8,1,2,1,0,2,0,0,0,0,0,1,1,80.65,633.3,1,0,0.1271480372063692,967.8000000000001
3256,0,1,1,1,60,1,0,0,2,2,2,2,0,2,1,1,1,74.85,4456.35,0,3,0.0167924888106161,0.0
1128,1,1,0,0,18,1,2,1,0,0,0,0,2,2,0,1,2,95.45,1752.55,1,1,0.0544324370562573,1145.4
6187,0,0,1,1,63,1,2,1,2,0,0,0,2,2,1,1,1,99.65,6311.2,0,3,0.0157868888818478,0.0
3569,1,1,1,1,66,1,2,1,0,2,2,2,2,2,1,1,2,108.45,7076.35,0,3,0.0153235321130084,0.0
2777,0,0,1,1,34,1,2,2,1,1,1,1,1,1,2,0,1,24.95,894.3,0,2,0.0278677538255333,0.0
4208,0,0,0,0,72,1,2,1,0,0,2,2,2,2,2,1,1,107.5,7853.7,0,3,0.013686073306428,0.0
295,0,0,1,0,47,1,2,1,0,0,2,0,2,2,0,1,2,100.5,4707.1,0,2,0.0213461906076761,0.0
832,1,0,0,0,60,1,2,1,0,2,0,0,2,0,0,1,0,89.9,5450.7,0,3,0.0164902690903754,0.0
358,1,0,1,0,72,0,1,0,2,2,2,0,0,0,2,0,0,42.1,2962.0,0,3,0.014208572392845,0.0
374,0,0,1,1,18,1,0,0,0,0,2,2,0,0,1,1,1,54.4,957.1,0,1,0.0567790418536687,0.0
4034,0,0,0,0,9,1,2,1,0,0,0,0,2,2,0,0,2,94.4,857.25,1,0,0.1099912612875036,1132.8000000000002
3600,0,0,0,0,3,1,0,0,0,2,0,2,2,2,0,1,2,75.3,244.1,0,0,0.3072215422276622,0.0
6079,1,0,1,0,47,1,2,1,0,2,0,0,0,0,1,1,2,78.9,3650.35,0,2,0.0216084461911347,0.0
2376,0,0,0,0,31,1,0,0,0,2,2,2,2,2,2,0,3,79.2,2497.2,0,2,0.031702826034745,0.0
2210,0,0,1,1,50,1,0,2,1,1,1,1,1,1,2,0,0,20.15,930.9,0,3,0.021622491683657,0.0
5252,1,0,0,0,10,1,0,1,2,0,2,0,0,0,0,1,3,79.85,887.35,0,0,0.0898857432318342,0.0
1561,1,0,0,0,1,1,0,0,0,0,0,2,0,0,0,0,3,49.05,49.05,0,0,0.98001998001998,0.0
501,0,0,1,1,52,1,0,2,1,1,1,1,1,1,1,1,2,20.4,1090.65,0,3,0.0186873082031786,0.0
1271,1,1,1,1,64,1,2,1,2,0,2,2,2,2,2,1,0,111.6,7099.0,0,3,0.0157183098591549,0.0
5686,1,0,1,1,62,1,2,2,1,1,1,1,1,1,2,1,0,24.25,1424.6,0,3,0.0170103815937149,0.0
3985,0,0,0,1,3,1,0,0,2,0,0,2,0,2,0,1,0,64.5,177.4,0,0,0.3615470852017937,0.0
1834,0,1,0,0,56,1,2,1,2,2,2,0,2,2,1,0,2,110.5,6139.5,0,3,0.0179952772575523,0.0
4540,0,0,0,0,46,1,0,0,0,0,0,0,0,2,1,0,1,55.65,2688.85,0,2,0.0206888859973604,0.0
3961,0,0,1,1,8,1,0,0,2,2,0,0,0,0,0,0,3,54.65,482.25,0,0,0.1130884635281945,0.0
108,1,1,0,0,30,1,0,0,2,2,0,0,2,2,0,1,2,74.75,2111.3,0,2,0.0353879657245656,0.0
2725,0,0,1,1,45,1,2,2,1,1,1,1,1,1,1,1,1,25.9,1216.6,0,2,0.0212713534822601,0.0
4181,0,0,0,1,1,1,0,1,0,0,0,0,2,0,0,1,2,79.35,79.35,1,0,0.9875544492843809,952.1999999999999
5755,0,0,1,1,11,0,1,0,2,0,0,0,2,2,0,0,2,50.55,565.35,0,0,0.0892557605720844,0.0
6477,0,0,1,0,7,1,0,1,0,0,2,0,0,0,0,1,0,75.15,496.9,1,0,0.1509339224743924,901.8000000000001
6978,0,0,0,0,42,1,0,1,0,2,2,2,2,2,0,1,0,103.8,4327.5,0,2,0.0239805937391706,0.0
202,0,0,1,0,49,1,0,2,1,1,1,1,1,1,2,1,0,20.15,973.35,0,3,0.0206804536357571,0.0
3092,1,0,0,0,9,1,2,1,0,2,0,0,2,2,0,1,1,99.3,918.75,0,0,0.1079641206849687,0.0
3367,0,0,1,0,35,1,0,0,2,0,0,0,2,0,1,1,0,62.15,2215.45,0,2,0.0280403347695639,0.0
1257,0,0,1,1,48,1,0,2,1,1,1,1,1,1,2,0,0,20.65,1057.0,0,2,0.0195179584120983,0.0
1917,0,0,1,1,46,1,0,2,1,1,1,1,1,1,2,1,3,19.95,927.1,0,2,0.0214955284990841,0.0
2099,1,0,1,0,29,0,1,0,0,0,0,0,2,0,0,0,3,33.75,1009.25,0,2,0.0334075723830735,0.0
3336,1,0,1,1,30,1,0,1,0,2,2,0,0,0,0,0,0,82.05,2570.2,0,2,0.0319111698817672,0.0
1662,1,1,0,0,1,1,0,1,0,0,0,2,0,0,0,0,2,74.7,74.7,0,0,0.9867899603698812,0.0
5127,1,0,1,1,66,1,2,0,2,0,2,2,2,2,2,1,3,84.0,5714.25,0,3,0.0146975197935348,0.0
4295,0,0,0,0,65,1,2,1,2,2,2,0,2,2,0,1,1,111.05,7107.0,0,3,0.0156232414181204,0.0
6934,1,0,0,0,72,1,2,1,0,2,2,0,2,2,2,1,0,100.9,7459.05,0,3,0.0135253785162297,0.0
6088,0,0,0,0,12,1,2,1,2,0,0,0,0,0,0,1,2,78.95,927.35,1,0,0.0850433564927021,947.4000000000001
6897,1,0,1,1,71,1,2,0,2,2,0,2,0,0,1,1,1,66.85,4748.7,0,3,0.0140745731309345,0.0
173,1,0,0,0,5,1,0,2,1,1,1,1,1,1,0,0,3,21.05,113.85,1,0,0.1832825424466695,252.60000000000002
2244,1,0,0,0,52,1,0,2,1,1,1,1,1,1,2,0,0,21.0,1107.2,0,3,0.0189496480779642,0.0
3199,0,1,1,0,25,1,0,1,0,2,2,0,2,2,0,1,2,98.5,2514.5,1,2,0.0391572252037368,1182.0
4520,1,0,0,0,1,1,0,2,1,1,1,1,1,1,0,0,3,20.2,20.2,0,0,0.9528301886792452,0.0
2569,0,0,1,1,1,1,0,2,1,1,1,1,1,1,0,0,2,19.45,19.45,0,0,0.9511002444987776,0.0
5054,1,0,0,0,38,1,2,1,0,0,2,2,2,0,1,0,0,95.0,3605.6,0,2,0.0263405977929351,0.0
3826,0,1,1,0,66,0,1,0,0,2,2,0,2,0,1,0,0,45.55,3027.25,0,3,0.01504169074548,0.0
2228,1,0,1,0,68,1,2,1,0,2,2,2,2,2,2,1,0,110.0,7611.85,1,3,0.0144492535646965,1320.0
4376,1,0,0,0,5,0,1,0,0,0,0,0,0,0,0,0,3,24.3,100.2,0,0,0.2401185770750988,0.0
4772,0,0,1,1,72,1,2,1,2,2,0,0,2,2,1,1,2,104.15,7303.05,0,3,0.0142592123547894,0.0
6852,0,0,0,0,32,0,1,0,2,0,0,0,0,0,1,0,3,30.15,927.65,0,2,0.0324664836052334,0.0
6056,1,0,0,0,43,1,2,1,0,0,0,0,2,2,1,0,3,94.35,3921.3,0,2,0.0240547637865538,0.0
1965,1,0,1,1,72,1,0,2,1,1,1,1,1,1,2,0,1,19.4,1363.25,0,3,0.0142202675462708,0.0
327,1,0,1,0,55,1,2,1,2,2,0,0,2,0,0,1,2,96.75,5238.9,1,3,0.0184640928261989,1161.0
3164,0,0,0,0,52,1,0,0,2,0,2,2,0,0,1,0,1,57.95,3042.25,0,3,0.0190421424463977,0.0
4045,0,0,0,0,43,1,0,1,0,2,2,0,2,0,0,1,2,91.65,3954.1,0,2,0.0231726125761674,0.0
3410,0,1,1,0,37,1,2,1,0,0,0,0,0,0,0,1,2,76.5,2868.15,1,2,0.0266629489570081,918.0
3726,0,0,1,1,64,0,1,0,0,2,0,2,2,2,2,1,2,54.6,3423.5,0,3,0.0159439334209373,0.0
2138,1,0,1,1,3,1,0,1,2,2,0,0,2,0,0,0,2,89.85,248.4,0,0,0.3602646351242983,0.0
6721,0,0,0,0,36,0,1,0,2,0,0,0,0,0,2,0,0,31.05,1126.35,0,2,0.0275424668470306,0.0
3754,0,0,1,1,10,1,2,1,2,0,0,0,2,2,0,1,2,100.25,1064.65,1,0,0.0940740393187256,1203.0
5950,0,0,0,0,41,1,0,2,1,1,1,1,1,1,2,0,3,20.65,835.15,0,2,0.0246965257429887,0.0
6633,1,0,1,1,27,1,2,1,0,2,0,2,0,0,0,1,1,85.2,2151.6,0,2,0.0395800427390132,0.0
745,0,0,1,1,56,1,2,1,0,0,2,0,2,2,1,1,1,99.8,5515.45,0,3,0.0180913449772951,0.0
2028,0,0,0,0,6,1,0,2,1,1,1,1,1,1,0,0,3,20.7,112.75,0,0,0.1819780219780219,0.0
274,1,0,0,0,3,1,2,1,0,0,0,0,0,0,0,1,2,74.4,229.55,1,0,0.3227065712426805,892.8000000000001
4597,0,0,1,1,7,1,0,0,2,0,0,0,0,0,0,0,3,50.7,350.35,0,0,0.1443005550021346,0.0
5120,0,0,1,1,4,1,0,2,1,1,1,1,1,1,0,0,3,20.85,62.9,0,0,0.3262910798122066,0.0
3213,1,0,0,0,33,1,0,1,2,0,0,2,2,0,2,1,2,88.95,3027.65,0,2,0.0293695210737457,0.0
3071,0,1,0,0,27,1,2,1,0,0,2,0,0,0,0,1,2,78.05,2135.5,1,2,0.0365317107418675,0.0
4784,1,0,1,0,72,1,2,2,1,1,1,1,1,1,2,1,0,23.55,1723.95,0,3,0.0136525696396997,0.0
2754,1,0,0,0,1,1,0,2,1,1,1,1,1,1,0,0,3,19.75,19.75,0,0,0.9518072289156626,0.0
1806,1,1,0,0,71,0,1,0,2,2,0,0,2,2,1,1,2,56.45,3985.35,0,3,0.0141608238112559,0.0
1986,0,0,0,0,13,1,2,1,0,0,0,0,0,2,0,1,2,85.95,1215.65,0,1,0.0706448033534705,0.0
4393,0,0,1,1,25,0,1,0,2,2,2,0,2,2,0,1,1,58.6,1502.65,1,2,0.0389718352010108,703.2
6047,1,0,0,0,67,1,0,0,0,0,0,2,0,0,2,0,0,50.55,3260.1,0,3,0.0155009046027414,0.0
2154,1,0,0,0,1,0,1,0,0,0,0,0,0,2,0,1,2,35.45,35.45,1,0,0.9725651577503428,425.40000000000003
1631,1,0,0,0,2,1,0,0,0,0,0,0,0,0,0,0,2,44.35,81.25,1,0,0.539209726443769,532.2
5528,0,0,0,0,43,1,2,2,1,1,1,1,1,1,2,1,1,25.7,1188.2,0,2,0.0216111671712075,0.0
5559,0,0,0,0,23,1,0,1,2,0,0,0,0,0,0,1,0,75.0,1778.5,0,1,0.0421466704130373,0.0
2650,0,0,1,1,64,1,0,2,1,1,1,1,1,1,2,0,3,20.2,1277.75,0,3,0.0157966764418377,0.0
4400,1,0,0,1,57,1,0,2,1,1,1,1,1,1,2,1,3,19.6,1170.55,0,3,0.0167299731125432,0.0
262,0,1,1,0,1,1,0,1,0,0,0,0,0,0,0,1,3,70.45,70.45,1,0,0.986004198740378,845.4000000000001
2192,0,1,1,1,72,1,2,0,2,2,2,2,2,2,2,1,1,88.05,6425.65,0,3,0.0137007616720997,0.0
2856,0,0,0,0,8,1,2,0,2,0,0,2,0,2,0,0,2,71.15,563.65,1,0,0.1260072611352165,853.8000000000001
751,0,0,1,0,61,1,2,1,0,2,0,0,2,2,2,1,0,101.05,5971.25,0,3,0.0169199213026916,0.0
1804,1,0,0,0,64,1,2,1,2,2,0,0,0,0,1,1,1,84.3,5289.05,0,3,0.0159355771684577,0.0
775,1,1,1,0,71,1,2,2,1,1,1,1,1,1,2,0,0,23.95,1756.2,0,3,0.0136296380605508,0.0
4048,0,0,1,1,65,1,2,1,2,2,0,2,2,0,2,1,1,99.05,6416.7,0,3,0.0154338781806566,0.0
4838,1,0,0,0,3,1,0,2,1,1,1,1,1,1,1,0,3,19.6,61.35,0,0,0.3143544506816359,0.0
1445,1,0,0,0,1,1,0,0,0,0,0,0,0,0,0,1,2,45.65,45.65,1,0,0.9785637727759914,547.8
4561,1,0,0,1,30,1,0,0,0,2,2,0,2,0,1,0,1,64.5,1929.95,0,2,0.0334032471063466,0.0
2414,1,0,1,1,15,1,0,0,0,2,2,2,0,2,0,1,3,69.5,1071.4,0,1,0.0648079074972025,0.0
2656,0,0,1,1,8,1,0,0,0,0,0,2,2,2,0,1,2,68.55,564.35,0,0,0.1212523215707084,0.0
2718,1,0,0,0,7,1,2,1,0,0,0,0,2,2,0,0,3,95.0,655.5,1,0,0.1447067783701447,1140.0
1139,0,0,1,1,70,1,2,1,2,2,2,0,2,2,1,1,1,108.15,7930.55,0,3,0.0136354180456531,0.0
6397,1,0,1,1,62,1,0,0,2,2,2,2,2,2,2,0,2,86.1,5215.25,0,3,0.0165061107117181,0.0
2140,0,0,1,1,6,1,0,2,1,1,1,1,1,1,0,0,3,19.7,113.5,0,0,0.1720524017467249,0.0
4633,0,0,1,1,14,1,0,1,0,0,0,0,0,2,0,1,0,80.9,1152.8,0,1,0.0701161379788525,0.0
6461,0,0,0,0,22,1,2,1,0,0,0,0,2,0,0,1,0,84.15,1821.95,0,1,0.0461614416193532,0.0
1891,1,0,1,1,22,1,0,2,1,1,1,1,1,1,1,0,3,20.15,419.9,0,1,0.0478736041815157,0.0
4512,1,0,1,1,16,1,0,0,2,0,2,0,2,0,2,0,3,64.25,1024.0,0,1,0.0626829268292682,0.0
5339,1,0,0,0,10,1,2,2,1,1,1,1,1,1,2,0,0,25.7,251.6,0,0,0.1017418844022169,0.0
6342,0,0,0,1,13,1,0,0,2,2,0,0,0,0,0,1,2,56.0,764.55,0,1,0.0731500228593821,0.0
589,0,0,1,0,20,1,2,1,2,0,0,0,0,0,0,0,2,82.4,1592.35,1,1,0.0517149402202905,0.0
3115,0,0,0,0,2,1,0,1,0,0,0,0,0,0,0,1,2,69.7,135.2,0,0,0.511747430249633,0.0
3241,1,0,0,0,53,1,2,0,0,2,2,2,0,2,2,1,0,73.9,3958.25,0,3,0.0186651512281366,0.0
2012,0,0,1,1,11,1,0,2,1,1,1,1,1,1,1,0,3,20.6,233.9,0,0,0.0876968922945934,0.0
4488,1,0,1,0,69,1,0,2,1,1,1,1,1,1,2,0,3,19.9,1363.45,0,3,0.0145846311700685,0.0
2353,0,0,0,0,4,1,0,1,0,0,0,0,0,0,0,1,0,70.9,273.0,1,0,0.2587591240875913,850.8000000000001
4249,1,0,1,0,72,1,2,0,2,2,2,2,2,2,2,1,0,89.05,6254.45,0,3,0.0142355865685122,0.0
2400,1,1,1,0,58,0,1,0,0,2,2,0,0,2,0,1,2,45.3,2651.2,1,3,0.0170801598672799,0.0
794,0,0,1,1,16,1,0,2,1,1,1,1,1,1,0,0,2,20.4,321.4,0,1,0.0632754342431761,0.0
5426,1,0,1,0,43,1,0,1,2,0,2,2,0,0,1,1,0,84.25,3539.25,0,2,0.0237977543958759,0.0
1268,0,0,1,0,2,1,2,1,0,0,2,2,2,2,0,1,2,104.4,242.8,1,0,0.4282198523379819,1252.8000000000002
4770,1,0,1,0,14,1,0,0,0,2,2,2,2,2,2,0,3,81.95,1181.75,0,1,0.069287677023885,0.0
475,0,0,1,0,53,1,0,1,0,0,2,0,2,2,1,1,0,94.85,5000.2,1,3,0.0189654482924098,0.0
4180,0,0,0,0,32,1,0,2,1,1,1,1,1,1,1,0,0,20.55,654.55,0,2,0.0313477232857905,0.0
1184,0,0,1,0,34,1,2,2,1,1,1,1,1,1,0,0,2,24.7,780.2,0,2,0.0316180235535074,0.0
1816,0,1,0,0,15,1,2,1,0,0,0,0,0,0,0,1,3,74.45,1145.7,1,1,0.0649254382140054,893.4000000000001
1397,0,1,0,0,7,1,0,1,2,0,0,0,0,0,0,0,0,76.45,503.6,1,0,0.1515061434799841,917.4000000000001
4201,0,0,1,1,15,1,2,1,0,2,2,0,2,2,0,1,0,105.35,1559.25,0,1,0.0675212305720237,0.0
2591,1,0,1,0,61,1,0,2,1,1,1,1,1,1,1,1,1,20.55,1252.0,0,3,0.0164006384676775,0.0
4466,0,0,0,0,1,0,1,0,0,2,0,0,0,0,0,0,0,29.95,29.95,1,0,0.9676898222940226,359.4
4653,0,0,0,0,1,1,0,0,0,0,0,0,0,0,0,0,3,45.3,45.3,0,0,0.978401727861771,0.0
6581,1,0,0,0,8,1,2,1,0,0,0,0,0,2,0,0,0,84.5,662.65,1,0,0.1273261508325171,1014.0
3917,1,0,1,1,33,1,0,0,2,0,2,0,2,2,1,0,1,74.75,2453.3,0,2,0.0304567493786415,0.0
1287,0,0,0,0,13,1,0,1,0,2,2,0,0,0,0,1,2,79.25,1111.65,1,1,0.0712263515031681,951.0
692,0,0,1,0,1,0,1,0,0,0,0,0,0,0,0,1,2,24.8,24.8,1,0,0.9612403100775194,297.6
3396,1,0,0,0,20,1,0,0,0,2,0,0,0,0,0,1,3,51.8,1023.85,0,1,0.050543982046153,0.0
5791,1,0,0,0,3,0,1,0,0,0,0,2,0,0,0,0,2,30.4,82.15,0,0,0.3656043295249548,0.0
653,0,0,0,0,13,1,0,2,1,1,1,1,1,1,1,0,2,19.65,244.8,0,1,0.0799430431244914,0.0
5680,0,0,1,0,40,1,2,0,0,2,0,0,0,0,0,0,1,56.6,2379.1,0,2,0.0237805134238057,0.0
5037,1,0,1,1,43,1,2,0,2,0,0,2,0,2,1,1,1,71.9,3173.35,0,2,0.0226503063619323,0.0
1694,1,0,1,0,6,1,0,1,0,2,2,0,0,2,0,1,2,91.0,531.0,1,0,0.1710526315789473,1092.0
2072,0,0,1,1,69,1,0,2,1,1,1,1,1,1,2,0,0,19.75,1375.4,0,3,0.0143490264458006,0.0
6805,0,0,1,1,72,1,2,1,2,2,2,0,2,2,2,0,1,109.7,8129.3,0,3,0.0134927370453734,0.0
1453,1,0,1,1,59,1,0,2,1,1,1,1,1,1,2,0,1,19.3,1192.7,0,3,0.0161682164697997,0.0
1778,0,0,1,0,20,1,0,1,2,2,0,2,2,0,0,1,2,96.55,1901.65,0,1,0.0507450135337555,0.0
6472,1,0,1,1,24,1,2,2,1,1,1,1,1,1,2,1,0,24.1,587.4,0,1,0.0409585316111488,0.0
4363,1,0,0,0,59,1,2,1,0,2,2,2,2,2,0,1,2,111.35,6519.75,0,3,0.0170762565655791,0.0
5152,1,0,1,1,72,1,2,1,0,2,2,2,2,2,2,1,0,112.25,8041.65,0,3,0.0139568425829794,0.0
2543,1,0,0,1,1,1,0,2,1,1,1,1,1,1,0,0,3,20.75,20.75,0,0,0.9540229885057472,0.0
6550,0,0,1,0,27,1,0,1,2,0,0,2,2,2,1,1,1,101.9,2681.15,0,2,0.0379919094756072,0.0
6021,0,0,0,0,14,1,0,1,0,2,0,2,0,0,0,1,1,80.05,1112.3,0,1,0.0719033503997125,0.0
2341,1,0,1,1,71,1,2,1,2,0,2,0,2,2,2,0,2,105.55,7405.5,0,3,0.014250995746979,0.0
4984,1,0,0,1,13,1,0,1,0,0,0,0,2,0,0,1,1,78.3,1033.95,0,1,0.0756558287839992,0.0
6450,1,0,0,0,44,1,0,1,0,0,0,0,0,0,0,0,1,68.85,2958.95,0,2,0.0232605280494602,0.0
5445,0,0,0,0,33,1,0,1,0,2,0,2,0,0,1,1,0,79.95,2684.85,0,2,0.0297671128320643,0.0
4492,1,0,1,1,72,0,1,0,2,2,2,2,0,2,2,1,1,55.45,4179.2,0,3,0.0132649155542797,0.0
884,1,0,0,0,1,1,0,1,0,0,0,0,0,2,0,0,2,79.9,79.9,1,0,0.9876390605686032,958.8000000000001
5547,0,0,0,0,19,1,0,1,2,0,2,2,2,2,0,1,2,106.6,1934.45,1,1,0.0550776305252008,1279.1999999999998
929,1,0,1,0,64,1,0,1,0,2,2,2,2,2,1,1,1,102.45,6654.1,0,3,0.0153942089525326,0.0
5556,1,0,0,0,2,1,0,0,0,0,0,0,0,0,0,1,1,46.0,84.5,1,0,0.5380116959064327,552.0
2937,0,0,0,0,1,0,1,0,0,0,0,0,0,0,0,0,2,25.25,25.25,0,0,0.961904761904762,0.0
5084,1,0,0,1,61,1,0,2,1,1,1,1,1,1,2,0,3,19.75,1124.2,0,3,0.0175524351226448,0.0
3294,0,0,1,1,29,1,0,2,1,1,1,1,1,1,1,0,2,20.0,540.05,0,2,0.0369651603363829,0.0
1716,1,1,1,0,23,1,2,1,0,0,0,0,0,2,0,0,2,86.8,1975.85,0,1,0.0439082378531502,0.0
479,0,0,1,0,57,0,1,0,2,2,2,0,2,2,0,1,0,58.75,3437.45,0,3,0.0170861870901132,0.0
6530,1,0,1,1,72,0,1,0,2,2,2,2,0,0,2,0,1,45.25,3139.8,0,3,0.0144071574121242,0.0
138,1,0,1,0,66,0,1,0,2,2,2,2,2,0,2,1,0,56.6,3789.2,0,3,0.0149332489050709,0.0
1376,1,0,1,1,65,1,2,0,0,2,2,2,2,2,2,1,0,84.2,5324.5,0,3,0.0158107219979344,0.0
4595,0,0,0,0,8,1,0,1,0,0,0,0,2,0,0,1,0,80.0,624.6,0,0,0.1278772378516624,0.0
6610,0,0,0,0,4,1,0,1,0,0,0,0,0,0,0,1,2,70.15,268.35,1,0,0.2604418043437906,841.8000000000001
3090,0,0,1,0,71,1,2,2,1,1,1,1,1,1,2,0,0,24.75,1836.9,0,3,0.0134664562816257,0.0
4575,1,0,1,1,1,1,0,2,1,1,1,1,1,1,1,1,2,20.2,20.2,0,0,0.9528301886792452,0.0
507,1,0,1,0,4,1,0,0,0,0,0,2,0,0,0,0,3,50.05,179.35,1,0,0.2775159412253951,0.0
4216,0,0,0,0,12,1,0,2,1,1,1,1,1,1,1,1,0,19.35,219.35,0,0,0.0878148400272294,0.0
4811,1,0,0,0,24,0,1,0,2,0,0,0,2,2,1,1,3,50.6,1288.75,0,1,0.0392324093816631,0.0
4486,0,0,1,1,31,1,0,0,2,0,2,2,2,2,1,1,3,81.15,2545.75,0,2,0.0318641405713163,0.0
1520,0,0,1,0,1,1,0,0,0,0,0,0,2,0,0,0,3,55.2,55.2,1,0,0.98220640569395,662.4000000000001
3368,1,0,0,0,30,1,2,1,0,0,0,2,0,2,0,1,1,89.9,2723.15,0,2,0.0330011196152928,0.0
645,0,0,1,1,47,1,2,0,2,2,0,2,2,2,2,1,1,85.3,4107.25,0,2,0.0207630986429745,0.0
1814,1,0,0,0,54,1,2,1,2,2,0,2,2,2,2,1,1,108.0,5760.65,0,3,0.0187446304444039,0.0
2310,1,0,0,0,50,1,0,1,2,2,0,2,0,2,0,1,1,93.5,4747.5,0,3,0.0196904285563862,0.0
6302,1,0,0,0,1,1,0,1,2,0,0,0,0,2,0,1,3,84.6,84.6,1,0,0.9883177570093458,1015.1999999999999
5028,0,0,0,0,72,1,0,2,1,1,1,1,1,1,2,0,1,20.25,1566.9,0,3,0.012915364500287,0.0
1333,0,0,0,0,29,1,2,2,1,1,1,1,1,1,0,0,2,25.15,702.0,0,2,0.0357752489331436,0.0
861,1,0,0,0,2,1,2,0,0,2,0,0,0,0,0,1,3,54.4,114.1,1,0,0.472632493483927,652.8
423,0,0,0,0,10,0,1,0,0,0,0,2,0,0,2,1,3,29.6,299.05,0,0,0.0986502249625062,0.0
6966,1,0,1,0,18,1,2,1,0,0,0,0,0,0,0,1,2,73.15,1305.95,0,1,0.0559700065036918,877.8000000000001
54,0,1,0,0,11,1,0,1,0,2,0,0,2,2,0,1,2,95.0,1120.3,1,0,0.0847230892713814,1140.0
6494,1,0,0,0,16,1,0,2,1,1,1,1,1,1,2,0,3,19.75,284.35,0,1,0.0692132468897844,0.0
5180,0,0,0,0,72,1,2,0,0,2,2,2,2,2,2,0,0,86.6,6350.5,0,3,0.0136345745099582,0.0
4675,1,0,0,0,72,1,2,1,0,2,2,2,2,2,2,0,0,109.2,7878.3,0,3,0.0138590991585546,0.0
5354,0,0,1,1,41,1,0,0,2,0,0,2,2,2,1,1,1,74.7,3187.65,0,2,0.0234268420805042,0.0
6384,0,1,1,0,65,1,0,1,2,2,2,0,0,2,0,0,2,94.4,6126.15,0,3,0.0154068367838228,0.0
3141,0,1,0,0,13,1,0,0,0,2,2,0,0,0,0,1,2,54.8,731.3,0,1,0.0748327188310801,0.0
129,1,1,0,0,4,1,0,1,2,0,0,0,0,0,0,0,2,75.35,273.4,0,0,0.2745991253644315,904.1999999999999
187,1,0,0,0,41,1,2,0,0,0,2,0,0,2,1,0,3,65.0,2531.8,0,2,0.0256632975363234,0.0
7001,1,1,0,0,15,1,0,1,0,2,0,0,0,0,0,1,2,74.4,1074.3,1,1,0.0691899934901888,892.8000000000001
207,1,0,0,0,1,1,0,0,2,0,0,0,0,0,0,1,3,48.55,48.55,1,0,0.9798183652875884,582.5999999999999
655,1,0,0,0,42,1,2,1,2,2,2,0,0,2,1,1,2,99.0,4298.45,0,2,0.0230262010257125,0.0
2848,0,0,1,0,51,1,0,1,2,2,2,0,2,0,1,1,2,93.5,4619.55,0,3,0.02023568622783,0.0
3223,0,0,1,1,2,1,0,1,0,0,0,0,0,0,0,0,2,70.4,147.15,1,0,0.4751940600742491,844.8000000000001
6689,1,1,1,0,1,0,1,0,0,2,0,0,2,0,0,0,2,40.2,40.2,1,0,0.9757281553398058,482.40000000000003
2291,1,0,0,1,32,1,2,0,0,2,2,2,2,2,1,0,1,83.7,2633.3,0,2,0.0317731465664502,0.0
2565,1,0,0,0,10,1,0,2,1,1,1,1,1,1,0,1,3,19.85,193.05,0,0,0.1022932233960319,0.0
2876,0,0,1,1,67,0,1,0,0,2,2,2,2,2,2,1,2,59.55,4103.9,0,3,0.014507052546956,0.0
4981,0,0,1,1,61,1,2,1,2,2,2,2,2,2,2,0,1,115.1,7008.15,0,3,0.0164213920375509,0.0
4717,1,0,0,0,50,1,2,1,2,2,2,2,2,2,1,0,1,114.35,5791.1,0,3,0.0197424077622969,0.0
3495,0,0,1,0,2,1,0,0,0,0,0,0,0,0,0,1,1,44.6,80.55,1,0,0.5469037400367873,535.2
3551,0,1,1,0,29,0,1,0,2,0,2,0,0,2,0,1,2,45.0,1228.65,0,2,0.0365957792867889,0.0
5161,1,1,0,0,3,0,1,0,0,0,2,0,0,2,0,1,2,41.15,132.2,1,0,0.3089339339339339,493.79999999999995
2517,1,1,0,0,13,1,2,1,0,2,2,0,2,2,0,1,2,106.9,1364.3,1,1,0.078297810005127,1282.8000000000002
5321,1,1,1,0,57,1,2,1,0,2,0,0,0,2,0,1,2,89.85,4925.35,0,3,0.0182386553939529,0.0
5384,0,0,0,0,31,0,1,0,2,2,0,2,0,2,2,1,0,49.85,1520.1,0,2,0.0327723358096114,0.0
1310,0,0,1,0,45,1,2,1,2,2,2,2,2,2,1,0,3,113.3,5032.25,0,2,0.0225103064620275,0.0
76,0,0,1,1,61,1,2,0,2,2,2,2,2,2,2,0,3,88.1,5526.75,0,3,0.0159377685315001,0.0
4453,1,0,0,0,50,1,2,2,1,1,1,1,1,1,2,0,0,24.9,1195.25,0,3,0.0208150470219435,0.0
2232,0,1,0,0,19,1,0,1,2,2,0,2,2,2,0,1,3,105.0,2007.25,0,1,0.0522843271505041,0.0
4471,1,0,0,0,59,1,0,2,1,1,1,1,1,1,2,0,3,19.35,1099.6,1,3,0.0175813192803925,232.20000000000002
4978,0,0,1,0,71,1,2,2,1,1,1,1,1,1,2,1,1,24.25,1732.95,0,3,0.0139854090371694,0.0
3055,0,1,0,0,16,1,0,1,0,0,0,2,2,2,0,1,2,94.45,1511.2,1,1,0.0624586694881629,1133.4
5410,1,0,1,0,57,1,0,0,2,2,0,2,0,0,2,1,2,59.75,3450.15,0,3,0.0173130695565246,0.0
4507,1,0,0,0,1,0,1,0,0,0,0,0,0,0,0,0,0,24.8,24.8,1,0,0.9612403100775194,297.6
3301,1,1,1,0,20,1,2,1,0,2,0,2,2,2,0,0,2,107.05,2172.05,0,1,0.0492625572352223,0.0
4197,1,0,0,0,1,1,0,1,0,0,0,0,0,0,0,0,3,70.6,70.6,1,0,0.9860335195530726,847.1999999999999
4552,1,0,1,0,5,1,2,1,0,2,0,2,0,0,0,1,2,85.4,401.1,1,0,0.2123849788609798,1024.8000000000002
3118,0,0,1,0,52,1,2,1,0,2,2,0,2,2,0,1,2,105.05,5624.85,1,3,0.0186727338979887,1260.6
2218,1,1,1,0,21,1,0,0,2,2,0,0,0,2,0,1,0,64.95,1339.8,0,1,0.0484412291169451,0.0
6095,1,0,0,0,14,0,1,0,0,0,2,2,2,2,0,1,2,55.0,771.95,0,1,0.0711559609289087,0.0
2892,0,0,0,0,5,1,0,0,0,2,0,0,0,0,0,0,0,50.55,244.75,0,0,0.2056968463886063,0.0
199,0,0,0,0,6,1,0,0,2,2,0,0,0,0,0,0,3,55.15,322.9,0,0,0.1702686014201914,0.0
5844,0,0,0,0,10,1,0,0,0,2,0,0,0,0,0,0,2,51.2,498.25,0,0,0.1025538307461191,0.0
1410,0,0,0,1,1,1,2,2,1,1,1,1,1,1,0,0,3,25.4,25.4,0,0,0.9621212121212122,0.0
6736,0,0,0,0,68,1,2,0,2,0,0,0,0,0,0,0,3,54.45,3687.75,0,3,0.0147610979329041,0.0
6687,1,0,1,1,18,1,0,1,0,0,2,0,2,2,0,0,3,95.15,1779.95,1,1,0.0534265420140936,1141.8000000000002
4389,0,0,0,0,22,1,2,1,0,0,0,0,0,0,1,1,1,76.0,1783.6,0,1,0.0425865740221898,0.0
2679,0,0,0,0,20,1,0,0,0,0,0,0,0,0,0,1,2,44.35,927.15,0,1,0.0477832246942843,0.0
3958,1,0,1,0,1,1,0,1,0,0,0,0,0,0,0,0,2,70.0,70.0,1,0,0.9859154929577464,840.0
2430,1,1,0,0,8,1,0,1,0,2,0,0,0,0,0,1,2,74.5,606.55,1,0,0.1226236523742902,894.0
2498,1,0,0,0,10,1,0,0,0,0,0,0,0,0,0,1,1,44.85,435.4,1,0,0.1027726856095325,538.2
5324,1,1,0,0,24,1,2,1,0,0,0,0,0,0,0,1,2,76.1,1712.7,1,1,0.0444068390033261,913.1999999999999
2614,1,0,0,0,35,1,0,0,2,2,2,0,0,0,1,0,3,61.2,2021.2,0,2,0.0302640688359212,0.0
1575,1,0,1,1,23,1,0,1,0,2,2,2,0,0,1,0,3,86.8,1940.8,0,1,0.0447007930785868,0.0
3412,0,1,0,0,6,1,0,1,0,0,0,0,2,2,0,1,2,89.35,567.8,0,0,0.1570850914205344,0.0
1070,0,0,0,0,12,1,0,2,1,1,1,1,1,1,0,0,3,19.7,220.35,0,0,0.0889993223401852,0.0
5817,1,0,0,0,1,1,0,2,1,1,1,1,1,1,0,0,3,20.25,20.25,0,0,0.9529411764705882,0.0
4636,0,0,1,1,71,1,0,1,0,0,2,0,0,0,2,0,2,76.05,5436.45,0,3,0.0139863355065333,0.0
4851,1,1,1,0,35,1,2,1,0,0,2,0,2,2,0,1,2,100.8,3437.5,0,2,0.0293151083321215,0.0
2075,1,0,1,1,40,1,2,0,0,0,2,0,2,2,0,1,2,74.55,3015.75,0,2,0.0247120245297091,0.0
4525,0,0,0,1,1,1,0,1,2,0,0,0,0,0,0,1,3,73.6,73.6,1,0,0.9865951742627346,883.1999999999999
609,1,0,0,0,23,1,0,0,0,0,0,0,2,2,1,1,0,64.9,1509.8,0,1,0.0429573735769129,0.0
5746,0,1,0,0,4,1,2,1,0,0,0,0,2,2,0,1,2,95.45,396.1,1,0,0.2403676655754218,1145.4
5870,1,0,0,0,4,1,0,1,0,0,2,2,0,2,0,1,2,90.4,356.65,0,0,0.2527610792674403,1084.8000000000002
5799,0,0,1,1,68,0,1,0,0,2,2,2,2,2,2,0,1,60.3,4109.0,0,3,0.0146715328467153,0.0
1533,1,0,0,1,38,1,2,1,0,2,0,0,0,0,0,1,3,81.85,3141.7,0,2,0.0260444840423839,0.0
860,1,0,1,1,52,1,2,2,1,1,1,1,1,1,2,0,3,24.8,1229.1,0,3,0.020160962523372,0.0
163,1,1,1,0,32,1,2,1,0,0,0,0,0,0,0,1,2,74.9,2303.35,1,2,0.0325037429209972,0.0
2879,1,0,1,1,29,1,0,0,0,0,2,2,2,2,2,0,3,75.55,2054.4,0,2,0.0367568356524277,0.0
2208,1,1,1,1,38,1,2,1,0,2,0,0,2,2,0,0,2,101.15,3741.85,0,2,0.027024860734467,0.0
2865,1,0,0,1,48,1,2,0,2,0,2,0,2,2,1,1,1,78.75,3682.45,0,2,0.0213794133217499,0.0
755,0,0,0,0,1,1,0,2,1,1,1,1,1,1,0,1,0,19.25,19.25,0,0,0.9506172839506172,0.0
5165,0,0,0,0,22,1,0,1,2,0,0,2,0,2,0,1,2,89.05,1886.25,0,1,0.0471850576235262,0.0
1067,0,0,0,0,43,1,2,1,2,2,2,2,2,2,2,0,1,115.05,4895.1,0,2,0.0234982945609771,0.0
1920,0,1,1,0,5,1,0,1,0,0,0,0,0,0,0,1,2,69.35,341.6,0,0,0.2024226503210741,0.0
5345,1,0,0,0,5,1,0,1,0,0,0,0,2,0,0,1,2,80.6,415.55,1,0,0.1934941783699435,967.1999999999999
3539,1,0,1,1,51,1,2,1,2,2,0,2,2,2,1,0,1,110.05,5686.4,0,3,0.0193497907655519,0.0
2786,1,0,0,0,71,1,0,2,1,1,1,1,1,1,2,1,1,19.9,1355.1,0,3,0.0146744340387877,0.0
1592,0,0,1,1,38,1,0,0,2,2,0,2,2,2,1,0,1,80.3,3058.65,1,2,0.0262448319252202,0.0
1958,1,1,1,0,24,1,0,1,0,0,2,0,2,2,0,1,2,93.15,2231.05,1,1,0.0417329360901413,0.0
4790,1,0,1,0,35,1,2,1,0,0,0,2,2,0,0,1,1,91.5,3236.35,0,2,0.0282638577849166,0.0
3533,0,1,0,0,54,1,2,0,2,2,0,2,2,2,1,0,0,82.45,4350.1,1,3,0.0189492312288846,989.4000000000001
6952,0,0,1,1,72,0,1,0,0,2,2,2,2,2,2,1,2,60.0,4264.0,0,3,0.0140679953106682,0.0
6131,1,0,0,0,1,1,0,0,0,0,0,0,0,0,0,1,2,44.8,44.8,0,0,0.9781659388646288,0.0
5039,0,0,1,1,9,1,0,0,2,0,0,0,0,0,1,0,3,48.6,422.3,0,0,0.1148121899362154,0.0
6076,1,0,0,0,69,0,1,0,2,2,0,2,2,2,2,1,0,60.05,4176.7,0,3,0.014373937812672,0.0
3506,0,0,1,0,52,1,2,1,0,2,0,2,2,2,0,1,1,102.7,5138.1,0,3,0.0199840438987371,0.0
4038,0,1,1,0,11,1,0,1,0,0,0,2,2,0,0,1,2,82.9,880.05,0,0,0.0940922762612791,0.0
4097,0,1,0,0,2,1,0,1,0,0,0,0,0,0,0,1,2,70.35,139.05,1,0,0.5023205997857907,844.1999999999999
4033,0,1,1,1,28,0,1,0,0,0,0,0,2,0,0,1,2,35.9,973.65,0,2,0.0368337351869902,0.0
1885,0,1,0,0,17,1,2,1,0,0,2,0,0,0,0,1,1,82.65,1470.05,0,1,0.0561843581115529,0.0
6590,0,0,1,1,35,1,0,2,1,1,1,1,1,1,2,1,3,19.85,739.35,0,2,0.0268116431417572,0.0
6671,0,0,0,0,8,1,0,2,1,1,1,1,1,1,1,1,3,19.2,161.95,0,0,0.1178275544645596,0.0
1637,1,0,0,0,46,1,2,1,0,2,2,0,2,0,1,1,1,94.9,4422.95,0,2,0.0214514178505634,0.0
75,0,0,0,0,7,1,2,1,0,0,0,0,0,0,0,1,2,73.85,511.25,1,0,0.1441678867740361,886.1999999999999
1982,0,0,0,0,2,1,2,1,0,0,2,0,0,0,0,0,3,80.6,155.8,1,0,0.5140306122448979,967.1999999999999
3013,1,0,1,1,68,1,2,0,0,2,2,2,0,2,1,1,0,75.8,5293.95,1,3,0.0143155270588013,0.0
4728,0,0,0,0,43,1,2,1,0,2,2,0,2,2,2,1,2,104.6,4759.85,1,2,0.0219708665469401,1255.1999999999998
1418,0,0,0,0,68,1,2,0,2,2,2,2,2,2,2,1,2,88.15,6148.45,0,3,0.0143346152907983,0.0
5653,0,0,0,0,36,1,0,1,0,2,0,0,2,2,0,1,1,94.8,3565.65,0,2,0.026579563455904,0.0
924,1,0,1,0,63,1,2,1,0,2,2,0,2,2,0,1,2,103.4,6603.0,1,3,0.015657177468201,1240.8000000000002
4276,0,1,0,0,32,1,0,0,0,2,0,2,0,0,0,0,0,54.65,1830.1,0,2,0.0298454480913112,0.0
4875,0,0,1,0,71,1,2,0,2,2,2,2,2,2,2,0,1,85.75,6223.8,0,3,0.0137755429893329,0.0
5314,0,0,1,1,66,1,2,0,2,2,2,0,0,0,0,1,0,67.45,4508.65,0,3,0.0149568148304192,0.0
6781,1,0,0,0,63,1,0,2,1,1,1,1,1,1,1,0,3,20.5,1328.15,0,3,0.0154233908889139,0.0
4187,0,0,0,1,41,1,0,2,1,1,1,1,1,1,1,1,1,20.25,865.0,0,2,0.0233833718244803,0.0
17,0,1,0,0,1,1,2,1,0,0,0,0,0,0,0,1,2,72.1,72.1,0,0,0.9863201094391244,0.0
1369,0,0,0,0,2,1,0,1,0,0,0,0,2,2,0,1,2,90.4,168.2,1,0,0.5342789598108748,1084.8000000000002
6321,0,0,1,0,70,1,0,2,1,1,1,1,1,1,2,0,0,19.45,1303.5,0,3,0.0149099271751628,0.0
4419,0,0,0,0,23,0,1,0,0,0,0,0,2,2,0,1,2,44.95,996.85,0,1,0.0450468507290675,0.0
3244,0,1,1,0,64,1,0,1,2,2,2,0,0,2,1,0,0,97.0,6430.9,0,3,0.0150810802406753,0.0
346,1,0,1,1,37,1,2,0,2,0,2,2,0,0,2,1,1,62.8,2278.75,0,2,0.0275468801403662,0.0
3642,1,0,0,1,17,1,0,0,0,0,0,0,0,0,1,0,3,44.6,681.4,0,1,0.0653575615474794,0.0
2880,0,1,0,0,7,1,0,1,0,0,0,0,2,2,0,1,2,89.15,574.35,0,0,0.1549491613800295,0.0
126,1,0,1,1,4,1,2,1,0,2,2,0,0,0,0,1,0,84.8,371.9,1,0,0.2274068114776079,1017.5999999999999
428,0,1,0,0,21,0,1,0,2,0,0,0,2,0,0,1,2,41.9,840.1,1,1,0.0498157175127808,0.0
3182,0,0,0,0,10,1,0,1,0,0,0,0,0,2,0,1,0,80.25,846.0,1,0,0.0947461629279811,963.0
2335,0,1,0,0,16,1,2,0,2,0,0,0,0,0,0,1,2,54.1,889.0,0,1,0.0607865168539325,0.0
6333,1,0,1,0,64,1,2,1,0,2,0,2,2,2,2,1,2,105.25,6823.4,0,3,0.0154226012543227,0.0
6381,1,1,1,0,27,0,1,0,2,0,0,0,0,0,0,0,1,30.75,805.1,1,2,0.0381466319315221,369.0
6920,1,0,1,1,42,1,2,1,2,0,0,0,2,2,1,0,2,97.1,4016.75,0,2,0.0241677555845933,0.0
6534,1,0,0,1,5,1,0,2,1,1,1,1,1,1,0,0,3,20.2,83.75,0,0,0.2383480825958702,0.0
3708,0,0,0,0,41,1,0,1,0,2,0,2,2,2,2,1,0,98.8,3959.15,0,2,0.0249485499286643,0.0
60,1,0,1,0,58,1,0,0,0,0,2,0,0,0,1,0,1,50.3,2878.55,0,3,0.0174680071538955,0.0
3660,0,0,0,0,47,1,0,2,1,1,1,1,1,1,2,1,3,20.55,945.7,0,2,0.0217069821485158,0.0
2500,1,0,0,0,18,1,0,1,0,0,0,2,0,0,0,1,0,75.9,1373.05,0,1,0.0552381645500527,0.0
683,1,0,0,0,5,1,0,1,0,0,2,0,2,2,0,0,0,96.5,492.55,1,0,0.1955222368554351,1158.0
6395,1,0,1,0,23,1,0,0,2,0,0,0,0,2,0,1,0,59.95,1406.0,0,1,0.0426083866382373,0.0
5181,0,0,0,0,1,1,0,2,1,1,1,1,1,1,0,0,3,19.15,19.15,0,0,0.9503722084367244,0.0
6728,1,0,1,0,71,1,2,1,0,0,2,0,2,2,1,1,1,98.65,6962.85,0,3,0.0141660144891116,0.0
2451,1,0,1,1,72,1,2,1,2,2,2,2,2,2,2,1,1,112.6,8126.65,0,3,0.0138539430216606,0.0
4642,1,0,1,1,33,1,0,2,1,1,1,1,1,1,1,0,3,20.6,690.25,0,2,0.0298010849909584,0.0
159,1,0,0,0,2,1,2,1,0,0,0,0,2,0,0,1,2,85.65,181.5,1,0,0.4693150684931507,1027.8000000000002
4329,1,0,0,1,24,0,1,0,2,0,0,2,0,0,2,0,3,35.75,830.8,0,1,0.0429790815099783,0.0
1927,0,0,1,1,56,1,2,1,0,2,2,2,0,2,1,1,1,99.75,5608.4,0,3,0.017782650550861,0.0
4862,1,0,0,0,37,1,0,1,0,2,0,0,2,2,0,1,1,96.1,3646.8,0,2,0.026344646088053,0.0
5083,0,0,0,0,43,1,2,0,0,2,2,2,2,2,1,0,1,85.1,3662.25,0,2,0.0232307377328874,0.0
4355,1,0,0,0,1,0,1,0,0,0,0,0,0,0,0,0,3,25.35,25.35,0,0,0.9620493358633776,0.0
6751,0,0,1,0,25,1,2,1,0,0,2,2,2,2,0,1,0,104.95,2566.5,1,2,0.0408763388510224,0.0
1976,0,0,0,0,61,1,2,0,2,2,2,2,2,2,2,0,2,89.65,5308.7,0,3,0.0168841930805883,0.0
4023,1,0,0,0,17,1,2,1,0,0,2,2,0,0,1,0,2,86.75,1410.25,0,1,0.0614703277236492,0.0
4001,0,0,1,0,41,1,0,1,0,2,2,2,0,0,1,1,0,86.2,3339.05,0,2,0.0258079968862741,0.0
4894,1,0,0,0,1,1,0,0,0,2,0,0,0,0,0,0,3,50.65,50.65,1,0,0.9806389157792836,607.8
5819,1,1,1,1,72,0,1,0,2,2,2,2,2,2,2,1,0,64.8,4732.35,0,3,0.0136900926405188,0.0
3646,1,0,0,0,1,1,2,1,0,2,0,0,0,2,0,1,1,90.85,90.85,1,0,0.9891126837234622,1090.1999999999998
4657,1,0,0,0,48,1,2,1,0,2,2,0,2,2,2,1,0,108.1,5067.45,0,2,0.0213280194142193,0.0
3444,1,1,1,0,11,1,0,2,1,1,1,1,1,1,0,0,3,19.95,214.75,1,0,0.0924681344148319,239.39999999999998
363,0,1,1,0,55,1,2,1,0,2,2,0,0,0,0,1,2,85.45,4874.7,1,3,0.01752568861907,0.0
1162,0,0,0,0,42,0,1,0,2,2,2,2,0,2,1,1,2,54.75,2348.45,0,2,0.023303326310413,0.0
6202,1,0,0,0,44,1,2,1,0,0,2,0,0,2,0,1,3,90.4,4063.0,0,2,0.0222440944881889,0.0
3915,1,0,0,1,1,1,0,0,0,0,0,0,0,0,0,0,2,44.0,44.0,0,0,0.9777777777777776,0.0
2512,0,0,0,0,27,1,2,1,0,0,0,0,2,2,0,1,0,95.6,2595.25,0,2,0.0368223399133365,1147.1999999999998
6869,1,1,1,0,27,1,2,0,0,2,2,2,2,2,0,1,0,84.8,2309.55,0,2,0.0367012183246413,0.0
133,0,1,0,0,2,1,0,0,0,0,0,0,0,0,0,1,2,44.3,89.3,0,0,0.4905869324473975,0.0
7013,0,0,0,0,19,1,0,2,1,1,1,1,1,1,0,0,3,19.9,367.55,0,1,0.0539953873287206,0.0
2771,0,1,1,0,42,1,2,1,0,0,0,0,2,2,0,1,2,95.05,3944.5,0,2,0.02409073628184,0.0
2064,0,0,0,0,66,1,2,0,2,2,2,2,2,2,2,1,1,90.05,5965.95,0,3,0.0150914621372728,0.0
99,1,1,1,0,33,1,2,1,2,0,2,2,2,2,0,1,0,109.9,3694.7,0,2,0.0297372622236653,0.0
4667,0,0,0,0,34,1,0,1,0,2,0,0,0,0,0,1,1,73.95,2524.45,1,2,0.0292819101546259,887.4000000000001
1726,1,1,0,0,33,0,1,0,0,0,2,2,2,2,0,1,2,54.6,1803.7,0,2,0.0302543359007037,0.0
4146,0,0,1,1,23,1,0,2,1,1,1,1,1,1,1,0,3,20.05,415.1,0,1,0.0481855323239605,0.0
1565,0,0,0,0,32,1,0,2,1,1,1,1,1,1,1,0,0,19.75,624.15,0,2,0.0315924178197232,0.0
6629,0,0,0,0,11,1,0,2,1,1,1,1,1,1,1,0,1,20.05,237.7,0,0,0.0839966485127775,0.0
670,1,0,1,1,69,1,2,1,0,0,2,0,2,2,0,1,1,99.45,7007.6,1,3,0.0141897097851211,1193.4
2131,0,0,1,0,68,1,0,0,2,0,0,2,0,0,1,0,0,55.9,3848.8,0,3,0.0145202348173931,0.0
3897,1,0,0,0,20,1,0,2,1,1,1,1,1,1,2,1,3,19.7,419.4,0,1,0.04686013320647,0.0
5386,1,0,0,0,72,1,0,2,1,1,1,1,1,1,2,1,1,19.8,1468.75,0,3,0.0134716788569484,0.0
3320,1,0,1,1,60,1,2,1,2,0,2,0,2,0,1,1,0,95.4,5812.0,0,3,0.0164114914846034,0.0
65,1,1,1,1,32,1,0,1,0,2,0,0,2,2,0,1,3,93.95,2861.45,0,2,0.0328215340005939,0.0
3357,0,0,0,0,1,1,0,2,1,1,1,1,1,1,0,1,3,19.9,19.9,1,0,0.9521531100478468,238.79999999999998
5655,1,0,0,0,1,1,0,2,1,1,1,1,1,1,0,1,3,19.6,19.6,1,0,0.9514563106796116,235.20000000000002
217,1,1,0,0,3,1,2,1,0,2,0,0,0,0,0,1,2,81.35,233.7,1,0,0.3466126970600767,976.1999999999999
2914,0,0,1,0,46,1,2,2,1,1,1,1,1,1,1,1,0,24.45,1066.15,0,2,0.0229114932296303,0.0
3712,0,0,1,0,29,1,2,1,0,0,0,0,0,0,0,1,2,74.95,2149.05,0,2,0.0348596544266412,0.0
4223,1,0,0,0,51,1,2,1,0,2,2,2,0,0,0,1,2,87.35,4473.0,0,3,0.0195239159588734,0.0
1339,0,1,1,0,48,1,0,1,0,0,0,0,0,0,0,1,0,70.65,3545.05,0,2,0.0199235769377194,0.0
5607,0,0,1,1,16,1,0,1,0,2,0,0,0,0,0,0,0,73.25,1195.75,0,1,0.0612074368080217,0.0
3271,1,0,1,0,70,1,2,1,0,2,2,2,0,2,2,1,0,98.7,6858.9,0,3,0.0143879648391375,0.0
3725,0,0,1,1,40,1,2,2,1,1,1,1,1,1,2,1,3,24.8,1024.7,0,2,0.0241786097299405,0.0
391,0,0,1,1,22,1,0,1,0,2,0,0,0,2,0,0,2,83.3,1845.9,1,1,0.0451026043640695,999.5999999999999
3941,0,1,0,0,1,1,0,1,0,0,2,0,0,0,0,1,0,75.3,75.3,1,0,0.9868938401048492,903.5999999999999
1521,0,0,1,1,5,1,2,2,1,1,1,1,1,1,0,1,3,24.3,132.25,0,0,0.1823639774859287,0.0
3969,0,0,0,0,7,1,0,1,0,0,0,0,0,0,0,1,0,69.85,515.45,0,0,0.1352502662406815,0.0
5434,1,0,0,1,29,1,2,1,0,2,2,2,0,2,1,0,1,100.55,2830.45,0,2,0.0355118402232071,0.0
2759,1,0,1,1,44,1,2,2,1,1,1,1,1,1,1,0,3,25.7,1110.5,0,2,0.0231219073324336,0.0
5757,0,0,0,0,10,0,1,0,2,2,2,0,0,0,0,0,0,40.7,449.3,0,0,0.0903841883188985,0.0
1388,0,1,1,0,55,1,2,0,0,0,0,0,0,0,0,0,0,51.65,2838.55,0,3,0.0181895018576887,0.0
1928,1,1,1,0,52,1,2,1,0,2,2,0,2,2,1,1,0,105.1,5376.4,0,3,0.0195447614088593,0.0
6153,0,0,1,1,10,1,2,1,0,0,0,0,0,2,0,0,2,85.95,858.6,0,0,0.0999883666821777,0.0
3037,1,0,0,0,18,1,2,1,0,0,0,0,0,0,0,1,0,75.6,1395.05,0,1,0.0541527882239174,0.0
4352,0,0,1,0,68,1,2,0,2,0,0,2,0,0,1,0,0,58.25,3975.7,0,3,0.0146478235723087,0.0
6388,0,0,1,1,61,1,0,2,1,1,1,1,1,1,0,1,3,19.4,1182.55,1,3,0.0163913649613451,232.79999999999998
5516,0,0,1,1,72,0,1,0,2,2,2,2,2,2,2,1,1,65.2,4784.45,0,3,0.013624633002121,0.0
1475,1,0,0,0,2,1,0,0,2,0,2,0,0,0,0,0,2,53.45,119.5,0,0,0.4435684647302905,0.0
2048,1,0,0,0,12,1,0,0,0,0,0,0,0,0,0,1,0,45.4,518.9,1,0,0.0873244854779765,544.8
4283,1,0,1,0,41,1,0,2,1,1,1,1,1,1,2,1,2,19.75,899.45,0,2,0.0219334777055916,0.0
1589,0,0,0,0,26,0,1,0,0,0,2,2,2,0,0,1,1,44.45,1183.8,0,2,0.037516880486158,0.0
3503,1,0,1,0,36,1,0,2,1,1,1,1,1,1,1,0,0,20.85,720.05,0,2,0.0289161639276055,0.0
3050,1,0,1,1,72,1,2,1,2,2,2,2,2,2,2,1,1,114.05,8468.2,0,3,0.0134664431115099,0.0
4153,1,0,1,0,35,1,2,1,0,0,0,2,0,2,0,1,0,89.85,3161.2,0,2,0.0284137625703624,0.0
2495,1,0,0,0,1,1,0,0,0,0,2,2,0,0,0,0,3,55.05,55.05,0,0,0.9821587867975022,0.0
525,0,0,1,1,16,1,2,1,2,0,2,2,2,2,0,1,2,112.95,1882.55,0,1,0.0599665525205064,1355.4
3984,0,1,0,0,49,1,2,1,2,0,0,0,2,2,0,0,1,101.55,5070.4,0,3,0.0200240564735575,0.0
118,0,0,1,0,54,1,2,1,2,2,2,2,2,2,1,1,3,114.65,6049.5,0,3,0.0189488472027105,0.0
2038,0,0,0,1,18,1,2,0,2,0,0,0,0,2,0,0,2,64.8,1166.7,0,1,0.055493705575062,0.0
1284,0,0,1,0,36,1,0,1,0,0,0,0,0,2,0,0,2,80.4,2937.65,0,2,0.0273595018120565,0.0
5494,0,0,0,0,60,1,2,1,0,2,2,0,2,2,0,1,2,105.9,6396.45,1,3,0.0165534705234116,0.0
2875,0,0,0,0,1,1,0,1,0,0,0,0,0,0,0,0,3,69.55,69.55,1,0,0.9858256555634302,834.5999999999999
502,0,0,1,1,52,1,2,2,1,1,1,1,1,1,2,1,0,25.05,1270.25,0,3,0.0197050147492625,0.0
3648,1,0,1,1,8,1,0,1,0,0,2,0,2,2,0,1,2,94.75,759.55,0,0,0.1245808954046413,0.0
743,1,0,1,1,72,1,0,1,2,2,0,2,2,2,2,0,0,105.5,7611.55,0,3,0.0138586938673637,0.0
6052,0,0,0,0,64,1,2,2,1,1,1,1,1,1,1,0,3,24.7,1642.75,0,3,0.0150266159695817,0.0
4070,0,1,0,0,22,1,0,0,2,0,2,2,0,2,0,1,3,69.75,1545.4,0,1,0.0451047594412829,0.0
6240,1,0,1,0,60,0,1,0,0,2,2,2,2,2,0,1,0,60.2,3582.4,0,3,0.0167996874476753,0.0
155,0,0,1,1,28,1,0,1,0,0,0,0,0,2,0,1,2,81.05,2227.1,1,2,0.0363762847268973,0.0
3345,0,0,1,0,61,1,2,2,1,1,1,1,1,1,2,0,3,24.4,1417.9,0,3,0.0171964197617872,0.0
5894,0,0,0,0,24,1,2,1,0,2,2,0,2,2,0,1,2,104.15,2494.65,0,1,0.0417326147496644,0.0
3629,1,0,1,1,28,1,0,1,0,2,2,2,2,0,1,0,0,92.9,2768.35,0,2,0.0335457778901186,0.0
643,0,0,1,1,30,1,0,0,0,2,2,2,2,2,2,0,0,80.8,2369.3,0,2,0.0340885120027,0.0
2960,1,0,1,0,2,1,0,2,1,1,1,1,1,1,0,0,3,20.0,38.0,0,0,0.5128205128205128,0.0
1003,1,0,0,0,1,1,2,1,0,0,0,0,0,0,0,1,2,75.1,75.1,0,0,0.9868593955321944,0.0
3306,1,0,0,1,6,1,0,2,1,1,1,1,1,1,0,0,3,19.65,100.9,0,0,0.1928361138370951,0.0
4676,0,0,1,0,24,1,0,0,0,2,0,0,2,2,0,1,0,69.45,1614.05,0,1,0.0430017646512491,0.0
602,1,0,1,1,4,1,2,1,0,0,2,0,2,2,0,0,2,101.15,385.9,1,0,0.2614370638407857,1213.8000000000002
2682,1,0,0,0,7,1,2,1,0,2,0,0,2,2,0,1,2,99.8,673.25,1,0,0.1480163144234334,1197.6
1023,1,1,1,0,72,1,2,1,2,2,2,2,2,2,2,1,0,116.05,8404.9,0,3,0.0138057792740813,0.0
2085,1,0,0,0,70,0,1,0,0,0,0,2,0,2,2,1,3,40.05,2799.75,0,3,0.0142997411407658,0.0
6399,1,1,1,0,64,1,2,1,0,0,2,2,2,2,2,0,2,102.1,6538.45,0,3,0.0156129338094182,0.0
4221,1,0,1,1,72,1,2,1,0,2,0,0,2,0,1,1,2,89.7,6588.95,0,3,0.0136116359001206,0.0
6276,0,0,0,1,44,1,0,2,1,1,1,1,1,1,2,0,3,19.9,868.1,0,2,0.0228972500287653,0.0
3234,0,0,1,1,13,1,0,0,0,0,0,0,0,2,0,0,2,55.95,734.35,1,1,0.076086217447474,671.4000000000001
3475,0,1,0,0,17,1,0,2,1,1,1,1,1,1,1,0,3,20.65,330.6,0,1,0.0622738238841978,0.0
2499,1,0,0,0,1,1,0,0,0,0,0,0,0,2,0,1,2,55.0,55.0,1,0,0.9821428571428572,660.0
895,1,0,1,0,9,1,0,0,0,0,2,0,2,2,0,1,3,70.05,564.4,0,0,0.12389458790237,0.0
2872,1,0,1,0,24,1,0,0,2,0,0,2,0,0,0,0,3,53.6,1315.35,0,1,0.0407186538534584,0.0
6604,0,0,1,1,1,1,0,1,0,2,0,0,0,0,0,1,2,74.7,74.7,1,0,0.9867899603698812,896.4000000000001
1617,1,0,0,0,24,1,2,1,0,2,0,0,0,0,0,1,2,80.25,1861.5,1,1,0.0430872483221476,963.0
2655,1,1,1,1,35,1,0,0,0,2,0,2,2,2,0,1,2,76.05,2747.2,0,2,0.0276726584673604,0.0
3084,0,0,1,1,7,1,0,0,2,2,2,2,2,0,0,1,2,75.7,554.05,0,0,0.1363841095396811,0.0
190,1,0,0,0,5,1,0,1,0,0,0,2,2,2,0,1,2,96.1,453.4,1,0,0.211487676056338,1153.1999999999998
4406,0,0,0,1,15,1,0,1,0,0,0,0,0,0,0,0,0,69.0,994.8,1,1,0.0692910222936332,828.0
328,1,0,1,1,11,1,0,2,1,1,1,1,1,1,2,0,3,19.65,225.75,0,0,0.0866593164277838,0.0
304,0,0,1,0,48,0,1,0,2,0,2,0,0,2,0,1,0,45.3,2145.0,1,2,0.0211090400745573,543.5999999999999
3206,0,1,0,0,20,1,0,1,0,0,0,0,0,2,0,1,2,81.45,1671.6,0,1,0.0486966399617362,0.0
3647,0,0,1,0,72,1,2,1,0,2,2,2,2,2,1,1,0,108.5,8003.8,0,3,0.0135543673795722,0.0
4205,0,0,1,1,8,1,0,1,0,2,0,0,2,0,0,1,2,83.55,680.05,1,0,0.1226782174583364,1002.5999999999999
5644,1,0,1,1,72,1,2,1,0,0,0,0,0,2,2,1,1,84.5,6130.85,0,3,0.0137805066986309,0.0
6411,0,0,0,0,15,1,2,1,0,2,0,0,2,2,0,1,2,100.15,1415.0,0,1,0.0707274011299435,0.0
2547,1,0,0,0,72,1,2,0,0,2,2,2,2,2,2,1,0,88.6,6201.95,0,3,0.0142835263866386,0.0
5925,1,0,0,1,1,1,2,1,0,0,0,0,0,0,0,1,2,74.35,74.35,1,0,0.986728599867286,892.1999999999999
2478,1,0,1,1,63,1,2,1,0,2,2,0,2,2,2,1,0,104.8,6597.25,0,3,0.0158829992801121,0.0
4812,0,0,0,0,2,1,0,0,0,2,0,0,2,0,0,1,2,59.0,114.15,0,0,0.5123751628310899,0.0
261,0,0,1,0,2,1,0,1,2,0,0,0,0,0,0,1,2,74.4,139.4,1,0,0.5299145299145299,892.8000000000001
4066,1,1,1,0,61,1,2,0,0,2,0,0,0,2,1,0,0,64.05,3902.6,0,3,0.0164079311404857,0.0
4651,1,0,0,0,1,1,0,2,1,1,1,1,1,1,0,0,3,20.4,20.4,0,0,0.9532710280373832,0.0
5821,1,0,0,0,22,0,1,0,0,2,2,0,0,2,1,1,0,43.75,903.6,1,1,0.0483639177537032,0.0
2895,1,0,1,0,28,1,0,0,2,2,0,2,0,0,0,0,3,60.9,1785.65,0,2,0.0340861388632356,0.0
339,0,0,1,0,70,1,0,2,1,1,1,1,1,1,2,0,0,19.8,1397.65,0,3,0.0141565080613448,0.0
4414,0,1,0,0,5,0,1,0,0,2,0,0,0,0,0,0,2,28.45,131.05,1,0,0.2154486936766376,341.4
5517,0,0,0,0,12,1,2,1,2,2,2,0,0,2,0,1,0,99.7,1238.45,1,0,0.0804389043527371,1196.4
3049,1,0,0,0,34,1,2,1,2,2,2,2,2,2,1,0,1,116.25,3899.05,0,2,0.0298073101626902,0.0
3136,0,1,1,0,71,1,2,1,2,0,0,0,0,0,2,1,1,80.7,5676.0,0,3,0.0142152545358463,0.0
2775,0,0,1,1,70,1,2,0,2,0,0,0,0,2,1,0,0,65.2,4543.15,0,3,0.0143481179098401,0.0
5532,0,0,1,1,52,1,0,1,2,0,2,2,0,0,0,1,0,84.05,4326.8,0,3,0.0194209529090993,0.0
4058,1,0,0,1,69,1,2,0,2,2,2,2,2,0,2,1,1,79.45,5502.55,0,3,0.0144361366754185,0.0
3972,0,1,0,0,20,1,2,1,0,2,2,0,0,2,0,1,2,94.1,1782.4,1,1,0.0527643826399013,1129.1999999999998
6331,1,0,0,1,11,1,2,1,0,0,2,0,0,0,0,1,3,78.0,851.8,0,0,0.0914634146341463,0.0
5119,1,0,1,0,2,1,0,1,0,0,0,2,2,2,0,1,2,94.2,167.5,1,0,0.5590504451038576,1130.4
3232,0,0,1,1,6,1,2,1,0,0,0,2,0,0,0,1,2,80.5,502.85,1,0,0.1597697727498263,966.0
780,0,0,0,0,1,1,0,2,1,1,1,1,1,1,0,0,3,19.85,19.85,0,0,0.9520383693045564,0.0
3022,1,1,1,1,20,1,0,1,2,0,2,2,0,2,1,0,1,94.3,1818.3,0,1,0.0518331226295828,0.0
6017,1,0,0,0,61,1,2,1,2,0,2,0,2,2,0,1,2,106.45,6300.15,0,3,0.0168937416185934,0.0
4211,0,1,1,0,5,1,2,1,0,0,0,0,0,0,0,1,2,74.35,334.8,1,0,0.2214115544967242,892.1999999999999
6116,0,0,0,0,56,1,2,1,0,2,0,2,2,2,0,1,0,105.45,5916.95,0,3,0.0178186703165792,0.0
1697,1,0,0,0,30,1,2,1,2,2,2,2,0,0,0,1,1,95.0,2852.4,0,2,0.033293614635172,0.0
6613,1,0,0,0,40,1,2,1,0,0,2,2,2,2,0,0,0,104.8,4131.95,1,2,0.0253571903845921,1257.6
2425,0,0,0,0,28,1,0,0,2,0,0,2,0,0,1,0,3,54.3,1546.3,0,2,0.0350933884831642,0.0
4755,0,1,1,0,5,1,0,1,0,0,0,0,0,0,0,0,2,70.05,302.6,0,0,0.2307312252964426,840.5999999999999
157,0,1,1,0,27,1,0,1,2,0,0,0,0,0,0,1,0,75.2,1929.35,1,2,0.0389566658896055,902.4000000000001
5323,1,0,0,0,12,1,0,2,1,1,1,1,1,1,0,0,1,20.05,265.45,0,0,0.0752486395196097,0.0
3655,1,0,1,1,67,1,2,1,0,2,2,0,2,2,1,1,2,105.4,6989.45,0,3,0.015077713165819,0.0
2874,1,1,1,0,29,1,2,0,0,0,0,0,0,0,0,1,2,51.6,1442.0,0,2,0.0357588357588357,0.0
622,1,0,1,1,55,1,2,1,0,0,0,0,0,2,0,0,0,85.5,4713.4,0,3,0.0181359239776005,0.0
4833,0,0,0,0,23,1,2,1,0,0,0,0,0,0,0,0,0,75.6,1758.6,1,1,0.0429643100704705,907.1999999999999
5944,1,0,1,0,34,1,2,1,0,0,2,0,2,2,0,1,2,100.05,3480.0,1,2,0.0287417408790577,1200.6
516,1,0,0,0,52,1,0,1,2,0,2,0,2,0,1,0,2,91.25,4738.3,0,3,0.0192538982550165,0.0
6060,1,1,1,1,72,1,2,1,2,2,2,2,2,2,2,1,1,115.75,8399.15,0,3,0.013779515841979,0.0
2491,1,0,1,1,58,1,2,1,0,2,0,2,2,0,1,1,1,94.7,5430.35,0,3,0.0174358124591491,0.0
5379,1,0,1,1,35,1,0,2,1,1,1,1,1,1,2,0,3,19.6,686.95,0,2,0.0284904426193764,0.0
230,0,1,0,0,56,1,2,1,0,2,2,2,2,0,2,1,0,99.9,5706.3,0,3,0.0175038985159357,0.0
5722,0,0,1,1,24,1,0,2,1,1,1,1,1,1,2,1,1,21.1,490.65,0,1,0.0429167090409844,0.0
970,1,0,1,1,70,1,0,2,1,1,1,1,1,1,2,0,1,20.05,1360.25,0,3,0.0147291092745638,0.0
2957,1,0,0,0,2,1,0,1,0,0,0,0,2,0,0,1,2,79.95,174.45,0,0,0.4556853804502708,0.0
888,1,1,1,1,68,1,2,1,0,0,2,2,2,2,1,1,1,107.15,7379.8,0,3,0.0145173964881855,0.0
6528,0,0,0,0,1,1,2,1,0,0,0,0,0,2,0,1,2,85.0,85.0,1,0,0.9883720930232558,1020.0
3793,1,0,0,0,12,1,2,1,0,0,2,0,2,0,0,1,2,89.55,1021.75,0,0,0.0875580542654607,0.0
422,0,0,1,0,63,1,2,1,0,2,0,0,0,0,0,1,0,81.55,5029.05,0,3,0.0162125624993787,0.0
4122,0,0,1,1,33,1,0,0,2,2,2,0,0,0,1,1,3,58.45,1955.4,0,2,0.0298763034144346,0.0
6284,0,0,1,0,69,1,0,1,0,2,0,0,2,2,1,1,1,95.65,6744.2,0,3,0.0141804542489474,0.0
3832,0,0,1,1,60,1,0,0,0,2,2,2,2,2,2,1,0,80.6,4946.7,0,3,0.0162903975584615,0.0
4857,0,0,1,1,72,1,2,1,2,2,2,2,2,2,2,1,0,113.1,8248.5,0,3,0.0137099218134432,0.0
1907,0,0,0,0,11,1,2,0,0,0,0,0,0,2,0,1,3,58.95,601.6,0,0,0.0978260869565217,0.0
1978,0,0,0,0,1,1,0,2,1,1,1,1,1,1,0,0,3,19.55,19.55,0,0,0.951338199513382,0.0
923,1,0,0,0,10,1,2,1,0,0,0,0,2,0,0,1,0,86.05,834.1,1,0,0.1030415519099509,1032.6
1939,1,0,0,0,13,0,1,0,2,0,0,2,2,0,0,1,1,45.55,597.0,1,1,0.0761705685618729,546.5999999999999
5059,1,0,1,1,34,1,0,1,0,0,0,0,0,2,1,1,0,78.95,2647.2,0,2,0.0298127029680537,0.0
4953,1,0,1,1,39,1,0,1,0,2,0,0,2,0,0,1,3,86.3,3266.0,1,2,0.0264156718702173,1035.6
1750,0,0,0,0,65,1,2,1,0,2,0,2,2,2,1,1,0,105.05,6744.25,0,3,0.0155739223898298,0.0
3263,1,1,1,0,50,1,2,1,2,2,2,0,2,0,1,1,0,101.9,5265.5,0,3,0.019348713566885,0.0
5770,1,0,0,0,15,1,0,2,1,1,1,1,1,1,0,0,3,19.75,311.6,0,1,0.0631797824696097,0.0
2497,1,0,1,1,72,1,2,1,2,2,2,0,2,2,2,1,0,110.3,7966.9,0,3,0.013843045218941,0.0
931,0,0,1,1,72,1,2,1,2,2,2,2,2,2,2,1,0,115.6,8220.4,0,3,0.014060865546014,0.0
1403,1,0,1,1,55,1,0,2,1,1,1,1,1,1,2,0,0,19.35,1153.25,0,3,0.0167641325536062,0.0
1331,0,0,1,1,23,1,2,2,1,1,1,1,1,1,2,1,1,25.6,514.75,0,1,0.049636451769268,0.0
3756,1,0,0,0,32,1,2,1,0,2,0,0,0,0,0,1,0,80.35,2596.15,1,2,0.0309377586970332,964.1999999999999
4086,0,0,1,1,56,1,2,0,2,0,2,0,0,2,1,1,0,68.75,3808.0,0,3,0.0180493567865581,0.0
1815,0,0,0,0,1,1,0,2,1,1,1,1,1,1,0,0,0,19.9,19.9,0,0,0.9521531100478468,0.0
791,1,0,0,0,38,1,0,0,2,2,0,2,2,0,1,0,3,70.6,2708.2,0,2,0.0260593533146316,0.0
1715,1,0,0,0,11,1,0,1,0,0,0,0,0,0,0,0,2,70.2,760.05,0,0,0.0922409828526378,842.4000000000001
2597,1,0,0,0,1,1,0,0,0,0,0,2,0,0,0,1,2,49.3,49.3,0,0,0.9801192842942346,0.0
4826,1,0,1,0,56,1,2,1,0,2,0,2,2,2,1,1,2,107.25,6033.3,0,3,0.0177733954228328,0.0
5209,1,0,1,0,3,1,2,2,1,1,1,1,1,1,0,1,3,23.6,89.05,0,0,0.2620766240977235,0.0
2581,1,0,1,1,7,1,0,0,2,0,0,0,2,2,0,0,1,69.7,516.15,0,0,0.1347771439620999,0.0
4317,1,0,1,1,59,1,2,1,0,0,2,0,2,2,2,1,1,99.5,5861.75,0,3,0.0169715577160888,0.0
5191,1,0,0,0,7,1,0,0,0,0,2,2,2,0,0,0,0,64.3,445.95,0,0,0.1438639668866763,0.0
4125,1,0,1,1,71,1,0,0,2,0,2,2,0,2,2,1,1,70.85,4973.4,0,3,0.0142429237697008,0.0
4937,1,0,1,1,15,1,0,1,2,0,0,2,2,2,1,0,2,101.9,1667.25,0,1,0.0610819721264798,0.0
4082,1,0,1,0,71,1,2,0,2,2,0,2,2,0,2,0,1,73.5,5357.75,0,3,0.0137158852344296,0.0
641,0,0,0,0,35,1,2,1,0,0,2,0,2,2,0,1,2,100.25,3527.6,1,2,0.028410701127926,1203.0
193,0,0,0,0,11,0,1,0,0,2,2,2,0,0,1,1,1,40.4,422.6,0,0,0.0953729933899905,0.0
5173,0,0,1,1,60,1,0,2,1,1,1,1,1,1,2,1,1,19.25,1103.25,0,3,0.0174326465927099,0.0
4989,1,1,0,0,47,1,2,0,0,2,0,2,0,0,2,0,0,59.6,2754.0,0,2,0.021633393829401,0.0
4065,0,0,0,0,11,1,0,0,0,0,2,2,0,2,1,0,1,64.9,697.25,0,0,0.0929466523451486,0.0
3295,1,0,1,0,56,1,2,1,0,2,0,0,2,2,1,0,1,100.3,5614.45,1,3,0.0178614358599934,1203.6
4271,0,1,1,0,28,1,2,1,0,2,2,2,2,2,0,1,2,110.85,3204.4,0,2,0.0345822674237224,0.0
6713,1,0,1,0,61,1,0,0,2,2,0,2,2,2,2,1,3,81.05,4747.65,0,3,0.0170680088025017,0.0
3633,1,0,1,1,31,1,2,1,2,0,2,0,2,0,1,0,0,98.05,3082.1,0,2,0.0318024066686127,0.0
5874,1,0,0,0,9,1,0,1,0,0,0,0,0,0,0,1,2,70.5,597.9,0,0,0.1177158123225914,0.0
4619,1,1,1,0,35,1,2,1,2,2,0,0,0,2,0,1,2,94.55,3365.4,0,2,0.0280863830798479,0.0
1807,1,0,0,0,2,1,0,2,1,1,1,1,1,1,0,1,3,19.65,38.8,0,0,0.4937185929648241,0.0
837,0,0,1,1,12,1,0,2,1,1,1,1,1,1,0,0,3,19.0,233.55,1,0,0.0810061820507354,0.0
2527,0,0,0,0,1,1,0,1,2,0,0,0,0,0,0,0,3,75.3,75.3,1,0,0.9868938401048492,903.5999999999999
1977,0,1,0,0,4,1,2,1,0,0,2,0,2,0,0,1,2,89.2,346.2,1,0,0.2569124423963134,1070.4
980,0,0,1,1,1,1,0,2,1,1,1,1,1,1,0,1,3,19.0,19.0,0,0,0.95,0.0
1647,0,0,0,0,3,1,0,2,1,1,1,1,1,1,0,1,3,20.0,61.7,0,0,0.3189792663476873,0.0
3672,0,1,0,0,1,1,2,1,0,0,0,0,2,0,0,1,2,85.7,85.7,1,0,0.9884659746251442,1028.4
3179,1,0,0,0,52,1,0,0,2,2,0,0,2,0,2,1,1,63.25,3342.45,0,3,0.018917585129133,0.0
6177,1,0,1,1,5,1,0,2,1,1,1,1,1,1,1,0,3,20.1,85.1,0,0,0.2334494773519164,0.0
506,1,0,1,0,72,1,2,1,2,2,2,0,0,2,2,1,2,99.15,7422.1,0,3,0.0133569532944457,0.0
541,1,0,1,1,71,1,2,0,2,2,2,2,2,2,2,0,2,90.4,6668.05,0,3,0.0135551540324334,0.0
418,1,0,1,0,72,1,2,1,2,0,2,2,2,2,2,1,1,111.9,8071.05,0,3,0.0138626495128251,0.0
3906,1,0,1,1,46,1,2,2,1,1,1,1,1,1,1,0,2,24.9,1174.8,0,2,0.0211770709304303,0.0
310,1,0,1,1,63,1,2,0,2,2,2,0,2,2,2,0,1,83.5,5435.0,0,3,0.0153605592347314,0.0
123,1,0,0,0,30,1,0,1,2,2,2,0,0,0,0,1,1,84.3,2438.6,0,2,0.0345548450565666,0.0
6504,1,0,0,0,1,1,0,0,0,0,0,0,0,0,0,0,3,45.6,45.6,0,0,0.9785407725321889,547.2
489,0,0,0,0,12,1,2,0,2,0,2,2,0,0,0,1,3,61.65,713.75,1,0,0.0862539349422875,739.8
5825,1,0,0,0,16,0,1,0,2,2,2,2,2,0,2,0,3,54.85,916.15,0,1,0.0598048301804503,0.0
3651,1,0,0,0,4,1,2,0,0,0,0,2,0,2,0,0,3,65.55,237.2,0,0,0.2751889168765743,0.0
1164,1,0,1,0,51,1,2,1,0,2,0,0,0,2,1,1,1,90.35,4614.55,0,3,0.0195751318911072,0.0
244,1,0,1,0,65,1,0,2,1,1,1,1,1,1,2,1,1,20.4,1414.45,0,3,0.0144123776890741,0.0
4118,1,0,0,0,16,1,0,1,0,0,0,2,0,0,0,1,1,74.55,1170.5,0,1,0.0636363636363636,0.0
3654,1,0,0,0,2,1,0,2,1,1,1,1,1,1,1,0,3,19.95,47.7,0,0,0.4096509240246406,0.0
752,0,0,1,1,66,1,2,1,0,0,0,0,0,0,1,1,0,74.25,4859.25,0,3,0.0152769919242837,0.0
1344,1,0,0,0,46,1,2,1,0,2,2,2,2,2,2,0,2,108.65,4903.2,0,2,0.022154479833612,0.0
1881,0,0,0,0,32,1,2,1,2,0,2,2,2,2,1,1,0,109.55,3608.0,0,2,0.0303546688833471,0.0
3308,1,0,1,0,72,1,2,0,2,0,2,2,2,2,2,0,1,86.65,6094.25,0,3,0.0142159878593987,0.0
4611,1,0,1,1,38,1,0,0,2,0,2,2,2,2,2,0,1,81.0,3084.9,0,2,0.0262484202339674,0.0
6113,1,0,0,1,51,1,0,0,0,0,0,2,0,0,1,0,1,47.85,2356.75,0,3,0.0202947725585833,0.0
5823,1,0,1,1,72,1,2,1,2,2,2,2,2,2,2,0,0,114.55,8306.05,0,3,0.0137894920579507,0.0
2383,0,1,1,0,65,1,2,1,2,0,2,0,2,2,0,0,0,105.25,6786.4,1,3,0.0155066741314789,1263.0
4626,1,0,1,1,9,0,1,0,0,2,0,0,0,0,0,1,2,29.95,248.95,1,0,0.1198239647929585,0.0
3335,0,0,1,1,9,1,0,0,2,2,2,2,0,0,0,0,3,65.0,663.05,1,0,0.0978841954672088,780.0
1925,1,0,0,1,66,1,0,2,1,1,1,1,1,1,2,0,3,20.55,1357.1,0,3,0.0151314336204992,0.0
4740,0,1,0,0,44,1,2,1,2,2,2,0,2,2,1,1,1,109.8,4860.35,0,2,0.0225863186151994,0.0
5072,1,0,0,0,50,1,2,0,0,0,2,2,0,2,2,0,0,69.5,3418.2,0,3,0.0203263921385119,0.0
6601,0,0,0,0,15,1,2,0,0,0,0,0,0,0,0,0,3,48.85,631.4,0,1,0.0772454142947501,0.0
4572,1,0,0,0,8,0,1,0,0,0,0,0,0,0,0,1,1,25.25,186.3,0,0,0.1348104644954618,0.0
5067,0,1,0,0,66,1,2,1,0,0,2,2,2,2,1,1,1,102.85,6976.75,0,3,0.0147397083587116,0.0
3716,0,0,0,0,57,1,2,1,2,2,0,2,0,0,0,1,0,87.55,4884.85,0,3,0.0179190928906945,0.0
2838,0,0,0,0,7,1,2,1,0,2,0,0,0,0,0,1,0,78.55,522.95,0,0,0.1499188853898272,942.5999999999999
3434,1,1,1,1,10,0,1,0,0,0,0,0,0,2,0,1,0,34.55,362.6,0,0,0.09502200220022,0.0
350,0,0,0,0,62,1,2,1,2,2,2,0,0,0,1,1,2,92.05,5755.8,0,3,0.0159897859922178,0.0
3414,1,0,1,1,40,1,0,1,0,0,2,0,2,0,1,1,2,85.05,3355.65,0,2,0.0253377623523453,0.0
3627,0,0,0,0,20,1,0,2,1,1,1,1,1,1,2,0,3,19.7,406.95,0,1,0.048290231646035,0.0
682,0,0,0,0,7,1,0,2,1,1,1,1,1,1,0,0,0,20.0,137.6,1,0,0.1443001443001443,240.0
2090,0,0,1,0,25,1,0,1,0,0,0,2,2,2,0,1,2,95.15,2395.7,0,2,0.0397004214127759,0.0
3527,1,0,1,0,23,1,2,1,0,2,2,0,0,0,0,0,2,84.25,1968.1,0,1,0.0427860443857599,0.0
4819,0,1,1,0,66,1,2,1,0,2,2,0,2,2,1,0,1,104.6,6819.45,0,3,0.0153362314803275,0.0
1693,0,1,0,0,72,1,2,1,0,2,2,2,2,2,2,0,2,111.65,7943.45,0,3,0.0140538363259885,0.0
3168,1,1,1,0,49,1,2,1,0,2,0,0,0,2,0,0,1,90.05,4547.25,1,3,0.0197988237234101,1080.6
3588,1,1,1,1,43,1,2,1,0,2,2,2,2,2,0,1,0,110.75,4687.9,1,2,0.0236196122758002,1329.0
6988,0,0,1,0,46,1,2,0,2,0,0,0,0,0,0,0,0,55.0,2473.95,0,2,0.022222671165074,0.0
1205,1,0,1,1,72,1,2,0,2,2,2,2,2,2,2,0,1,89.85,6562.9,0,3,0.0136885083563125,0.0
5437,1,0,0,0,10,1,0,2,1,1,1,1,1,1,1,0,3,20.35,176.3,0,0,0.1147772137619853,0.0
6611,0,0,0,0,40,0,1,0,2,0,0,2,2,2,1,1,0,54.55,2236.2,0,2,0.0243831575183264,0.0
5113,0,0,1,1,65,1,2,1,0,2,2,0,2,2,0,1,2,105.5,6985.65,1,3,0.0151002268612282,1266.0
5631,1,0,0,0,31,1,0,1,0,0,2,2,2,2,2,0,0,99.45,3109.9,0,2,0.0319682407020476,0.0
1405,0,0,1,0,68,1,2,0,2,2,2,2,0,0,2,0,1,70.9,4911.35,0,3,0.0144330106771708,0.0
3459,1,1,1,1,56,1,2,1,2,0,2,0,2,2,1,1,0,104.55,5794.65,1,3,0.018039391612675,1254.6
110,1,0,1,0,10,1,2,1,0,0,0,0,0,2,0,1,2,85.25,855.3,1,0,0.0995562302931215,1023.0
6731,1,0,1,1,68,1,2,2,1,1,1,1,1,1,2,0,0,25.4,1620.2,0,3,0.0156674068591167,0.0
3186,0,0,1,1,43,1,0,0,0,0,0,0,2,0,0,0,2,56.15,2499.3,1,2,0.0224573051233851,673.8
663,1,0,0,0,1,1,0,1,0,0,0,0,2,2,0,1,2,89.55,89.55,1,0,0.9889563776918828,1074.6
3453,0,1,0,0,49,1,0,1,0,2,2,0,0,2,1,1,0,89.85,4287.2,0,3,0.0209528473485378,0.0
5954,0,0,1,1,15,1,2,2,1,1,1,1,1,1,0,1,2,25.25,394.85,0,1,0.0637867879247189,0.0
1113,1,1,1,0,20,1,2,1,0,0,0,0,2,2,0,1,2,94.55,1899.65,1,1,0.0497461394785994,1134.6
606,1,0,0,0,1,1,0,0,0,0,0,0,0,0,0,1,3,45.7,45.7,1,0,0.9785867237687366,548.4000000000001
1645,1,0,1,1,50,1,2,0,0,0,2,2,2,0,1,1,2,69.65,3442.15,0,3,0.0202285697689615,0.0
3991,0,1,0,0,2,1,2,1,0,2,0,0,0,2,0,0,2,89.5,161.5,1,0,0.5507692307692308,1074.0
2444,1,1,0,0,24,1,0,1,0,0,0,0,0,0,0,0,1,70.0,1732.6,0,1,0.0403784033225657,0.0
6734,0,0,0,0,3,1,0,1,0,0,0,0,0,0,0,1,0,69.55,222.3,1,0,0.3114643976712942,834.5999999999999
1359,0,0,0,0,1,1,0,1,0,0,2,0,0,0,0,1,3,74.6,74.6,1,0,0.9867724867724867,895.1999999999999
4123,1,0,1,1,35,1,0,2,1,1,1,1,1,1,2,0,3,20.1,655.3,0,2,0.0306262380009142,0.0
784,0,0,0,0,17,1,2,2,1,1,1,1,1,1,0,0,3,24.8,475.25,0,1,0.0520734908136482,0.0
2911,0,1,0,0,8,1,0,2,1,1,1,1,1,1,0,0,2,19.65,164.3,1,0,0.1188747731397459,235.79999999999998
3667,1,0,0,0,10,1,0,1,0,0,0,2,2,2,0,1,1,95.1,865.1,0,0,0.1098025632144094,0.0
5750,1,0,1,1,68,1,2,0,2,2,2,2,2,2,2,1,1,88.85,6132.7,0,3,0.0144855470596866,0.0
5552,1,0,1,0,45,1,0,0,2,2,2,0,2,2,1,0,0,78.8,3597.5,0,2,0.0218980130609976,0.0
3105,1,0,1,1,2,1,0,2,1,1,1,1,1,1,1,0,3,19.85,35.9,1,0,0.5379403794037941,238.20000000000002
1416,1,0,1,0,37,1,0,2,1,1,1,1,1,1,0,0,0,20.35,697.65,0,2,0.0291276032348099,0.0
3998,0,0,0,0,4,0,1,0,0,0,0,0,0,0,0,1,3,24.25,96.05,1,0,0.2498712004121586,291.0
5742,0,0,0,0,10,1,0,0,0,0,0,0,0,0,0,0,3,45.25,428.7,0,0,0.1053060274610193,0.0
2109,1,0,0,0,1,1,0,2,1,1,1,1,1,1,0,0,3,20.05,20.05,0,0,0.9524940617577196,0.0
6725,1,0,1,1,65,1,2,0,2,2,0,0,0,2,2,1,3,69.55,4459.15,0,3,0.0155936459536114,0.0
6180,0,0,1,1,57,1,0,2,1,1,1,1,1,1,2,0,0,19.5,1167.6,0,3,0.0166866335786411,0.0
1923,0,0,0,0,3,1,0,1,0,0,2,0,0,0,0,1,3,74.75,238.1,0,0,0.3126306984525303,897.0
5327,0,0,0,0,2,1,0,1,0,0,0,0,0,0,0,0,2,69.65,145.15,1,0,0.4765651727677044,835.8000000000001
3921,1,0,0,0,49,0,1,0,0,0,2,0,0,0,0,1,0,30.2,1453.1,0,3,0.0207688604635169,0.0
2705,0,0,0,0,4,1,0,0,0,0,0,0,0,0,0,0,3,45.65,191.05,1,0,0.2376985160114553,547.8
122,0,0,1,0,70,0,1,0,0,2,2,2,2,2,2,0,0,57.8,4039.3,0,3,0.0143058683761106,0.0
3990,0,0,1,1,53,1,0,2,1,1,1,1,1,1,1,1,0,19.85,1039.45,0,3,0.0190782834350521,0.0
2149,1,0,1,1,53,1,2,2,1,1,1,1,1,1,2,0,1,25.55,1336.1,0,3,0.0191085184354199,0.0
2286,0,0,0,0,1,1,2,1,0,0,0,0,0,0,0,1,3,75.05,75.05,1,0,0.9868507560815252,900.5999999999999
6409,1,0,0,0,22,1,2,2,1,1,1,1,1,1,0,1,1,24.85,493.4,0,1,0.0502629449838187,0.0
559,1,1,0,0,52,0,1,0,0,2,0,0,2,2,0,1,2,49.15,2550.9,1,3,0.0192601590971433,589.8
2616,1,1,0,0,65,1,2,1,2,0,2,2,2,2,2,1,2,110.35,7246.15,0,3,0.015226675313744,0.0
1595,0,0,0,0,48,1,2,2,1,1,1,1,1,1,1,0,0,24.55,1203.95,0,2,0.0203742893896012,0.0
557,0,0,0,0,2,0,1,0,0,0,0,0,0,2,0,1,2,34.7,62.25,1,0,0.5486166007905139,416.40000000000003
4069,1,0,0,0,3,1,2,1,0,2,2,0,2,2,0,0,3,107.95,313.6,0,0,0.343134138588684,0.0
1946,1,0,1,0,45,1,2,1,0,2,0,0,0,0,0,0,0,81.4,3775.85,0,2,0.0215523518275811,0.0
997,1,0,1,1,1,1,0,1,0,0,0,0,0,2,0,0,2,80.0,80.0,1,0,0.9876543209876544,960.0
5296,0,0,1,1,61,1,0,0,0,0,2,2,2,2,2,1,0,73.8,4616.05,0,3,0.0159842323561581,0.0
3492,1,0,0,0,3,1,0,0,2,0,0,2,2,0,0,1,1,64.4,195.65,0,0,0.3274853801169591,0.0
5147,0,1,0,0,40,1,2,1,0,0,2,2,2,2,1,1,1,103.75,4188.4,0,2,0.0247648827994462,0.0
5695,0,0,0,0,1,1,0,1,0,0,0,0,0,0,0,0,3,71.1,71.1,0,0,0.986130374479889,853.1999999999999
1050,0,0,0,0,1,1,0,0,0,0,0,2,0,0,0,1,2,49.9,49.9,0,0,0.9803536345776032,0.0
3768,1,0,0,0,51,1,2,2,1,1,1,1,1,1,1,1,0,24.6,1266.4,0,3,0.0194098153700489,0.0
40,1,1,0,0,2,1,0,0,2,0,0,0,0,0,0,1,2,49.25,91.1,1,0,0.5347448425624322,591.0
647,1,0,0,0,52,0,1,0,0,2,0,0,0,0,1,0,3,30.1,1623.4,0,3,0.0185299187392267,0.0
3575,1,0,0,0,51,1,2,1,0,0,0,0,0,2,0,0,0,83.4,4149.45,0,3,0.0200942066522907,0.0
5865,1,0,0,0,1,1,0,2,1,1,1,1,1,1,0,1,3,20.45,20.45,0,0,0.9533799533799534,0.0
4722,1,0,1,1,31,1,2,0,2,2,0,2,0,2,1,1,0,75.25,2344.5,0,2,0.032082711575357,0.0
6765,1,0,0,1,47,1,0,2,1,1,1,1,1,1,1,0,1,20.55,1013.05,0,2,0.0202652729155367,0.0
1564,0,0,0,0,3,1,2,1,0,0,0,0,0,0,0,1,1,75.1,270.7,1,0,0.2764078027235921,901.1999999999999
1845,0,1,0,0,22,1,0,2,1,1,1,1,1,1,1,1,3,20.05,417.0,0,1,0.0479665071770335,0.0
1702,0,0,1,0,1,1,0,2,1,1,1,1,1,1,0,1,3,20.65,20.65,0,0,0.953810623556582,0.0
45,1,0,1,0,72,1,2,0,0,2,2,2,2,2,2,1,0,85.15,6316.2,0,3,0.0134790730070284,0.0
4160,1,0,1,1,3,1,0,0,0,0,2,0,0,0,0,1,2,50.15,168.15,1,0,0.2964824120603015,601.8
7023,1,1,1,1,47,1,0,1,0,2,0,0,2,0,1,1,0,84.95,4018.05,0,2,0.02113683581941,0.0
5913,1,0,1,1,72,1,2,0,2,0,2,2,0,0,2,1,1,66.5,4811.6,0,3,0.0138178946930972,0.0
1045,1,0,1,1,66,1,2,0,0,0,2,0,2,0,2,1,0,63.3,4189.7,0,3,0.0151048750805354,0.0
6636,1,0,0,0,35,1,2,1,0,0,0,0,2,0,0,0,2,83.15,2848.45,0,2,0.0291810700310586,0.0
1198,1,0,0,0,29,1,2,1,0,0,0,0,0,2,0,1,2,84.9,2516.2,0,2,0.0337279516923565,0.0
4922,0,0,0,0,2,1,0,2,1,1,1,1,1,1,0,1,3,20.55,33.6,0,0,0.5939306358381503,0.0
1009,1,0,0,0,4,1,0,0,0,2,0,0,0,0,0,0,3,49.25,208.45,0,0,0.2351396514681308,0.0
5065,0,0,0,0,25,1,0,1,2,2,0,0,0,0,0,1,0,79.85,2015.35,1,2,0.0396012597019366,958.1999999999999
5374,0,0,0,0,65,1,0,0,2,2,0,2,0,0,2,1,3,59.6,3739.8,0,3,0.0159324208725406,0.0
5907,1,1,0,0,27,1,2,1,0,2,0,2,2,2,1,1,0,104.65,2964.0,0,2,0.0352951096121416,0.0
2098,1,0,1,0,29,1,0,1,0,0,2,0,0,0,0,1,1,75.3,2263.4,0,2,0.0332538420773714,0.0
2332,1,0,1,1,29,1,2,0,0,2,2,0,2,2,0,0,1,80.1,2211.8,0,2,0.0361984815618221,0.0
698,1,0,0,0,1,1,0,2,1,1,1,1,1,1,0,0,3,19.55,19.55,1,0,0.951338199513382,234.60000000000002
5617,0,0,1,0,20,1,0,1,0,0,2,2,0,0,0,1,3,81.0,1683.7,0,1,0.0480797768148631,0.0
6796,0,0,0,0,58,1,2,2,1,1,1,1,1,1,2,1,1,24.7,1519.0,0,3,0.01625,0.0
3850,0,0,0,1,14,1,2,1,2,0,0,2,0,0,0,1,3,86.0,1164.05,0,1,0.0738165743959486,0.0
3007,1,0,1,0,72,1,2,2,1,1,1,1,1,1,2,0,3,25.4,1710.9,0,3,0.014837315263742,0.0
3954,1,0,0,0,46,1,2,1,2,0,0,0,2,0,0,1,1,89.15,4245.55,0,2,0.0209935123806384,0.0
68,0,0,1,0,71,0,1,0,0,2,2,2,2,2,2,0,0,58.25,4145.9,0,3,0.0140466372471002,0.0
6998,1,0,0,0,32,1,2,1,0,0,0,0,0,2,0,1,0,85.65,2664.3,0,2,0.0321352192998911,0.0
1253,0,0,0,0,26,0,1,0,0,0,2,0,2,2,0,1,1,50.35,1277.5,0,2,0.0393820883848259,0.0
4925,1,1,1,0,68,1,2,1,0,0,2,0,0,0,0,1,1,80.35,5589.3,0,3,0.014373110566517,0.0
3280,1,0,1,1,2,1,0,2,1,1,1,1,1,1,1,0,3,20.2,34.75,0,0,0.565034965034965,0.0
5971,1,0,1,1,61,1,0,2,1,1,1,1,1,1,2,0,1,20.55,1305.95,0,3,0.0157236313554458,0.0
3488,0,0,1,1,4,1,2,1,0,0,0,0,0,2,0,1,2,85.95,381.3,1,0,0.2248234370912895,1031.4
1090,1,0,0,0,3,1,0,0,0,0,0,0,0,0,0,1,2,45.35,141.5,1,0,0.3182456140350877,0.0
3720,1,1,1,0,33,1,2,1,0,0,0,0,2,2,0,1,2,94.5,3105.55,1,2,0.0304195973024738,1134.0
4632,1,1,1,0,9,1,0,2,1,1,1,1,1,1,0,1,3,21.25,204.55,0,0,0.1033811724641206,0.0
3486,0,0,0,0,22,1,2,2,1,1,1,1,1,1,2,0,3,26.25,605.9,0,1,0.0432525951557093,0.0
4814,0,0,1,1,5,1,0,1,0,0,0,0,2,0,0,1,2,80.85,356.1,0,0,0.2264071688602632,0.0
1848,0,1,0,0,30,1,2,1,2,2,2,0,0,0,0,0,1,91.7,2758.15,1,2,0.0332348730587318,0.0
1893,1,0,0,0,65,1,2,0,0,2,2,2,0,2,2,1,1,74.2,4805.65,0,3,0.015436946730051,0.0
4558,0,0,0,0,45,1,2,1,0,0,2,2,0,0,0,1,2,87.25,3941.7,1,2,0.0221295051614375,1047.0
4688,1,0,0,0,5,1,0,2,1,1,1,1,1,1,0,0,3,20.35,92.75,0,0,0.2170666666666666,0.0
835,1,0,1,1,25,1,0,1,0,2,0,0,0,0,0,1,2,75.5,1901.05,0,2,0.0396940143529349,0.0
5346,0,0,1,1,72,1,2,1,2,0,0,0,0,0,2,0,0,79.05,5730.7,0,3,0.0137917197341103,0.0
805,0,0,1,0,27,1,2,1,0,0,2,0,0,2,0,0,0,90.15,2423.4,0,2,0.0371844580102293,0.0
5370,1,0,1,1,32,0,1,0,0,0,2,0,2,2,0,0,1,50.6,1653.45,0,2,0.0305841820544591,0.0
4708,0,0,0,0,30,1,2,1,0,2,2,2,2,2,1,0,1,110.45,3327.05,0,2,0.0331876023497243,0.0
1730,1,0,1,0,70,1,0,1,2,2,2,2,0,2,2,0,1,101.0,7085.5,0,3,0.0142524518450575,0.0
900,1,1,0,0,42,1,2,1,0,2,0,0,0,0,0,1,0,79.35,3344.1,0,2,0.0237212639382978,0.0
5300,0,1,1,0,72,1,2,0,2,2,2,2,2,2,2,1,0,89.85,6697.35,0,3,0.0134137511476706,0.0
3054,0,0,0,0,47,1,2,0,2,0,2,2,0,0,2,1,3,65.0,2879.9,0,2,0.0225623936964143,0.0
4912,0,0,0,0,2,1,0,1,2,0,2,0,0,0,0,1,2,80.45,137.1,0,0,0.5825488776249095,0.0
3618,1,0,0,0,10,1,2,1,2,0,0,0,2,2,0,0,2,98.55,1008.55,1,0,0.0976177504828884,1182.6
2822,0,0,1,1,61,1,2,2,1,1,1,1,1,1,2,1,3,24.1,1551.6,0,3,0.0155223496071106,0.0
1117,0,0,0,0,5,1,0,0,0,0,0,0,0,0,0,1,1,44.05,202.15,0,0,0.2168348510952498,0.0
1714,0,1,1,0,72,1,2,1,0,2,2,2,2,2,2,1,1,110.8,7882.25,0,3,0.0140551168617004,0.0
4907,1,1,1,1,72,1,2,1,2,2,2,2,2,2,2,1,0,114.95,8196.4,0,3,0.0140227389172176,0.0
2780,0,1,0,0,3,1,0,1,0,0,2,0,0,0,0,0,3,75.05,202.9,0,0,0.3680725846002942,0.0
4548,1,0,1,0,48,1,0,2,1,1,1,1,1,1,2,0,3,19.25,855.1,0,2,0.0224856909239574,0.0
5955,0,0,0,0,63,1,0,1,0,0,2,2,2,0,1,1,1,90.05,5817.0,0,3,0.0154778274321072,0.0
5838,0,0,0,0,27,1,0,0,2,2,0,0,0,0,0,1,3,56.7,1652.95,0,2,0.0342815683666374,0.0
6650,1,0,1,1,70,1,0,0,2,2,2,0,2,2,2,1,1,80.15,5600.15,0,3,0.0143095614293493,0.0
975,1,0,1,1,7,1,0,0,2,0,2,2,0,2,0,1,1,71.35,515.75,0,0,0.1380745041122399,0.0
88,0,0,1,0,2,1,0,1,2,2,0,0,2,0,0,0,2,90.35,190.5,0,0,0.4718015665796344,0.0
4733,1,1,0,0,20,1,2,1,0,0,2,0,2,2,0,1,2,98.55,1842.8,1,1,0.0534493979824275,1182.6
4054,1,0,0,0,66,1,0,2,1,1,1,1,1,1,2,0,0,19.7,1253.8,0,3,0.0156997131016895,0.0
23,0,0,0,0,3,1,0,2,1,1,1,1,1,1,0,0,3,19.85,57.2,0,0,0.3410652920962199,0.0
1481,0,0,0,1,15,1,0,1,0,2,0,0,0,2,0,1,0,85.9,1269.55,1,1,0.0676085159970091,1030.8000000000002
4021,0,0,1,1,72,1,2,1,2,2,0,2,0,0,2,1,0,90.35,6563.4,0,3,0.0137636341478276,0.0
2817,1,0,0,0,1,1,0,2,1,1,1,1,1,1,0,0,3,20.8,20.8,0,0,0.9541284403669724,0.0
1273,0,0,0,0,22,1,0,1,0,0,0,0,2,2,0,0,2,89.25,1907.85,1,1,0.0467559001493045,1071.0
5228,1,0,1,0,3,1,0,1,0,0,0,0,0,0,0,1,2,70.3,208.85,1,0,0.3350011913271384,843.5999999999999
875,0,0,1,1,72,1,2,0,2,0,2,2,0,0,2,0,0,66.85,4758.8,0,3,0.0140447077608302,0.0
5643,1,0,1,1,65,1,0,2,1,1,1,1,1,1,2,0,3,19.9,1292.6,0,3,0.0153834260977118,0.0
3304,0,0,0,0,11,0,1,0,0,0,0,0,2,0,0,1,3,35.8,363.15,0,0,0.0983111355210764,0.0
3658,1,0,0,0,22,1,2,1,0,2,0,0,0,0,0,1,3,78.85,1600.25,0,1,0.0492427790788446,0.0
5542,1,0,0,0,14,1,0,2,1,1,1,1,1,1,1,0,0,20.4,275.7,0,1,0.073726057101554,0.0
6151,1,0,0,0,41,1,0,1,0,0,0,2,0,0,0,1,2,74.25,3089.1,0,2,0.0240283485971327,0.0
2185,1,0,1,0,17,1,0,0,2,2,0,0,0,2,1,0,3,64.8,1175.6,0,1,0.0550739418663947,0.0
5463,1,0,0,0,11,1,0,2,1,1,1,1,1,1,0,1,1,20.45,237.3,0,0,0.08581619806966,0.0
143,1,0,0,0,15,1,2,1,0,0,0,0,2,2,0,1,2,93.35,1444.65,1,1,0.0645730294331269,1120.1999999999998
2736,0,0,0,0,1,1,0,2,1,1,1,1,1,1,0,0,3,19.9,19.9,1,0,0.9521531100478468,238.79999999999998
4120,0,0,1,0,5,1,0,1,2,0,2,0,0,2,0,1,3,88.9,454.15,1,0,0.1953202241019444,0.0
1371,1,0,1,0,33,1,0,1,0,0,2,0,2,2,1,1,2,95.8,3036.75,1,2,0.0315364990535758,1149.6
6232,0,0,1,0,72,1,2,1,2,2,2,0,2,2,2,1,1,110.65,8065.65,0,3,0.0137169704896084,0.0
6680,0,0,1,1,3,0,1,0,0,2,0,0,0,2,0,0,3,40.3,92.5,0,0,0.4310160427807486,0.0
5187,1,0,0,0,2,1,2,1,0,2,0,0,0,0,0,1,2,82.0,184.65,1,0,0.4416913546997037,984.0
2640,0,0,1,0,59,1,2,1,2,2,2,2,0,2,1,1,1,107.0,6152.3,0,3,0.0173890432775908,0.0
206,1,0,0,0,2,1,0,0,0,0,0,0,0,0,0,0,2,45.35,89.5,1,0,0.5011049723756906,544.2
4017,1,0,1,1,71,1,0,0,0,2,0,2,2,2,2,1,1,73.35,5154.5,0,3,0.0142275240034914,0.0
5315,0,0,1,1,5,1,0,0,0,0,0,0,0,0,0,0,3,44.8,220.45,0,0,0.2023030029351998,0.0
177,1,0,1,1,27,1,0,0,2,2,0,0,0,0,0,1,1,54.75,1510.3,0,2,0.0362270892609012,0.0
3265,0,0,0,0,1,1,0,0,0,0,0,2,0,0,0,1,2,52.2,52.2,1,0,0.981203007518797,626.4000000000001
3602,1,0,0,1,63,0,1,0,2,2,0,2,0,0,1,1,0,40.6,2588.95,0,3,0.0156759783007394,0.0
474,0,1,0,0,46,1,2,1,2,2,2,0,2,2,1,1,2,110.0,4874.8,1,2,0.0225604003445588,1320.0
3512,1,0,1,1,72,1,2,0,2,0,0,0,0,0,2,0,0,55.3,3983.6,0,3,0.0138784319630577,0.0
1493,0,0,1,0,34,1,2,0,2,0,0,2,0,0,0,1,0,60.85,2003.6,0,2,0.0303551830789184,0.0
547,0,0,1,1,24,1,2,0,2,2,0,0,2,2,1,0,2,78.4,1832.4,0,1,0.0427620813788589,0.0
136,1,0,0,0,72,1,2,0,2,2,2,2,0,0,2,0,0,69.65,4908.25,0,3,0.0141875031827672,0.0
5064,0,0,1,1,60,0,1,0,2,0,2,2,2,2,2,0,1,59.85,3590.2,0,3,0.01666573847182,0.0
2399,1,0,0,0,68,1,2,0,2,2,2,0,0,2,1,1,1,76.9,5023.0,0,3,0.0153065286624203,0.0
4051,0,0,1,1,8,1,0,2,1,1,1,1,1,1,2,1,3,19.85,146.6,0,0,0.1344850948509485,0.0
6948,0,0,0,1,34,1,0,0,2,0,2,2,2,0,2,0,1,67.65,2339.3,0,2,0.0289065504422509,0.0
2972,0,0,0,0,6,0,1,0,0,0,0,0,2,2,0,0,1,45.0,298.7,0,0,0.1501501501501501,0.0
3653,1,0,1,0,2,1,0,0,0,2,0,2,0,2,0,1,3,64.2,143.65,0,0,0.4438299343242309,0.0
1377,1,0,0,0,31,1,2,1,0,0,0,2,0,0,1,0,1,81.7,2548.65,0,2,0.0320436138293491,0.0
4449,0,0,1,1,20,1,2,2,1,1,1,1,1,1,0,1,0,25.55,507.4,0,1,0.0502557041699449,0.0
2678,0,0,1,1,1,1,0,2,1,1,1,1,1,1,0,0,2,20.0,20.0,0,0,0.9523809523809524,0.0
2095,1,0,0,0,62,1,2,1,0,0,2,0,2,2,1,1,2,96.75,6125.4,1,3,0.0157923086967876,1161.0
4013,0,1,1,0,70,1,2,1,0,0,0,0,0,0,2,1,1,75.65,5411.4,0,3,0.0139771635503658,0.0
999,0,0,0,0,10,1,2,1,0,0,0,2,2,2,0,1,2,98.5,1058.25,1,0,0.0929903233419872,1182.0
6248,1,0,1,1,39,1,2,2,1,1,1,1,1,1,2,1,3,23.8,903.8,0,2,0.0263041556145004,0.0
2213,0,0,1,0,46,1,0,0,0,2,0,2,2,0,2,1,1,64.2,3009.5,0,2,0.0213253612356751,0.0
2186,1,0,0,0,6,1,0,1,0,2,0,0,2,0,0,1,2,85.35,489.45,1,0,0.174023855642777,1024.1999999999998
6983,0,0,1,1,72,1,2,0,0,0,2,0,2,2,2,1,0,76.8,5468.45,0,3,0.0140416312426295,0.0
5229,1,0,0,0,18,1,0,0,0,0,2,2,0,0,0,0,1,55.2,1058.1,0,1,0.052119724294212,0.0
1919,1,0,1,0,71,1,2,1,2,0,2,2,2,2,2,1,1,108.55,7616.0,0,3,0.0142510174609426,0.0
2986,1,0,1,0,40,1,2,1,0,2,0,0,2,2,0,1,2,101.3,4113.1,1,2,0.0246226392163535,1215.6
1229,1,0,0,0,1,1,0,1,0,0,0,0,0,0,0,1,2,69.55,69.55,1,0,0.9858256555634302,834.5999999999999
1532,1,0,0,0,58,1,2,1,0,2,2,0,2,2,1,1,0,103.25,6017.65,1,3,0.0171550098444003,0.0
3416,1,0,0,0,70,1,2,1,2,0,0,2,2,2,2,1,1,104.0,7250.15,1,3,0.0143425525606283,1248.0
5747,0,0,1,0,42,1,2,2,1,1,1,1,1,1,2,0,2,25.25,1108.2,0,2,0.0227641543454742,0.0
2476,1,0,1,1,34,0,1,0,2,0,0,0,0,0,1,0,0,30.4,938.65,0,2,0.0323524716649816,0.0
3346,1,1,0,0,5,1,0,2,1,1,1,1,1,1,0,0,0,20.05,94.15,0,0,0.210719915922228,0.0
2231,0,0,0,0,25,1,2,1,0,0,0,0,2,0,0,1,3,84.6,2088.05,0,2,0.04049687657069,0.0
4441,0,0,0,0,2,1,0,1,0,0,2,0,0,2,0,1,3,86.2,178.7,1,0,0.4796883695047301,1034.4
26,0,0,1,1,55,1,0,1,0,2,2,2,2,2,1,1,0,103.7,5656.75,0,3,0.0183288409703504,0.0
71,1,0,1,0,21,1,2,1,0,2,2,2,2,2,0,1,2,111.2,2317.1,1,1,0.0479703205211164,1334.4
2919,1,0,1,0,70,1,2,1,2,2,0,2,0,0,2,1,1,88.0,5986.45,0,3,0.0146974087466283,0.0
2948,0,0,1,0,61,1,2,1,0,0,2,2,2,2,0,1,2,106.35,6751.35,0,3,0.0157500721970869,0.0
3772,1,0,1,1,43,1,0,0,2,0,2,2,2,2,2,1,1,79.15,3566.6,0,2,0.022185783159547,0.0
5647,1,0,0,0,47,1,2,1,0,2,2,0,2,2,1,1,2,103.1,4889.3,0,2,0.0210825511727296,0.0
181,1,0,0,0,5,1,0,0,0,0,2,2,2,0,0,1,1,63.95,318.1,0,0,0.2004073958006894,0.0
3024,0,0,0,0,62,1,2,2,1,1,1,1,1,1,2,1,1,25.8,1563.95,0,3,0.0164861497172433,0.0
1585,0,0,1,1,16,1,0,1,0,2,2,0,2,0,0,1,1,89.45,1430.25,1,1,0.0624978165938864,1073.4
2541,1,1,1,0,7,1,2,1,0,0,0,0,2,2,0,1,0,95.6,644.35,1,0,0.1481366700240179,1147.1999999999998
6453,0,0,1,1,14,1,2,2,1,1,1,1,1,1,0,0,3,25.55,372.45,0,1,0.0684161199625117,0.0
2168,1,0,1,1,60,1,0,1,0,2,2,0,2,0,1,0,2,90.95,5453.4,1,3,0.0166746113229686,1091.4
3786,1,0,1,1,34,0,1,0,0,0,2,2,2,0,0,1,2,44.85,1442.6,0,2,0.0310681629260182,0.0
6415,0,0,1,0,50,1,2,1,2,2,0,2,2,2,1,0,2,108.55,5610.7,1,3,0.0193435144430386,1302.6
6790,1,0,1,1,38,1,2,2,1,1,1,1,1,1,2,0,1,25.05,963.95,0,2,0.0259598942950411,0.0
2429,0,0,1,1,70,1,0,0,2,2,2,2,0,2,1,0,1,74.1,5222.3,0,3,0.0141864338636494,0.0
1833,0,0,1,1,37,1,2,1,0,2,0,0,2,0,0,1,2,88.8,3340.55,0,2,0.026574493872604,0.0
6497,0,1,0,0,4,1,0,1,0,0,0,0,2,0,0,1,2,78.85,292.8,1,0,0.2683798502382573,946.1999999999999
2967,1,1,1,1,60,1,2,1,2,2,0,0,0,2,0,1,2,93.25,5774.55,0,3,0.0161456484663798,0.0
5803,1,0,1,1,62,1,0,0,2,0,2,2,0,2,1,0,1,71.4,4487.3,0,3,0.0159080275382661,0.0
4950,1,0,0,0,1,1,0,0,0,0,0,0,0,0,0,0,3,44.4,44.4,1,0,0.9779735682819384,532.8
4309,1,0,0,0,36,1,0,0,2,0,2,2,2,2,0,1,1,79.2,2854.95,0,2,0.0277315779337873,0.0
3216,1,0,0,0,44,1,0,2,1,1,1,1,1,1,2,0,1,20.4,905.55,0,2,0.0225028955931829,0.0
496,0,1,0,0,55,1,2,1,0,0,2,0,2,2,1,1,2,100.0,5509.3,1,3,0.0181478322414387,1200.0
263,0,0,1,0,72,1,2,1,2,0,2,0,2,2,2,1,1,105.0,7589.8,0,3,0.0138325341202508,0.0
704,0,0,1,1,12,1,0,2,1,1,1,1,1,1,1,0,0,19.8,229.6,1,0,0.0858629661751951,237.60000000000002
4631,0,0,0,0,13,0,1,0,2,0,0,0,0,0,0,1,0,30.85,394.1,0,1,0.0780814983548468,0.0
2106,1,0,0,0,1,1,0,1,0,0,0,0,2,2,0,1,2,89.9,89.9,1,0,0.988998899889989,1078.8000000000002
286,0,0,1,1,15,1,0,2,1,1,1,1,1,1,1,0,3,20.55,295.95,0,1,0.0692035696245159,0.0
4902,0,0,0,0,65,1,0,0,2,2,2,2,2,2,2,1,0,84.85,5459.2,0,3,0.0155397238196403,0.0
1587,0,0,1,1,12,0,1,0,2,0,0,2,0,0,1,0,1,33.15,444.75,0,0,0.0743690409422321,0.0
6874,1,0,1,0,72,1,2,0,2,2,2,2,2,2,2,1,1,92.0,6782.15,0,3,0.0135630201307652,0.0
5248,0,0,1,1,72,1,2,0,2,2,2,2,2,2,2,0,1,89.8,6510.45,0,3,0.013791091078024,0.0
4256,0,0,1,1,72,1,2,1,2,2,2,2,2,2,2,1,0,115.8,8476.5,0,3,0.0136596874078442,0.0
1542,1,0,0,1,52,1,2,0,2,2,0,2,2,2,2,1,3,85.15,4461.85,0,3,0.0190797360431114,0.0
6139,1,0,0,0,2,1,2,2,1,1,1,1,1,1,0,0,3,24.85,62.0,0,0,0.3944444444444445,0.0
5603,0,0,0,0,5,1,0,0,2,0,0,2,2,0,0,1,2,64.35,352.65,0,0,0.181959564541213,0.0
5458,0,0,0,0,68,1,0,2,1,1,1,1,1,1,2,0,1,20.5,1424.9,0,3,0.0143768847745283,0.0
1639,0,0,0,1,62,1,2,1,0,0,2,0,2,2,1,1,2,100.15,6413.65,1,3,0.0156126990560669,1201.8000000000002
5926,1,0,0,0,72,1,2,0,2,2,0,2,2,2,2,0,1,86.05,6309.65,0,3,0.0136356793674185,0.0
1497,1,0,0,0,1,1,0,0,0,2,0,0,0,0,0,0,2,50.8,50.8,1,0,0.9806949806949808,609.5999999999999
2251,0,0,1,0,66,1,2,1,2,2,0,2,0,0,1,0,2,89.0,5898.6,0,3,0.0150857685266797,0.0
3735,1,0,1,1,72,0,1,0,2,2,2,2,2,2,2,1,1,64.8,4719.75,0,3,0.0137266324206958,0.0
3352,1,0,0,0,26,1,0,2,1,1,1,1,1,1,1,0,1,19.8,457.3,0,2,0.0432031420466943,0.0
6872,1,0,1,1,64,1,2,1,2,0,2,0,0,2,2,0,0,93.4,5822.3,0,3,0.0160390156783954,0.0
649,1,1,1,0,20,1,0,1,0,2,0,0,0,0,0,1,2,73.65,1463.5,1,1,0.0502902014339365,0.0
6999,0,0,0,0,3,1,0,1,0,2,0,0,2,2,0,1,2,95.1,307.4,1,0,0.3083657587548638,1141.1999999999998
2889,1,0,0,0,22,1,2,1,0,0,0,0,2,2,0,1,1,94.65,2104.55,1,1,0.0449526252048158,1135.8000000000002
2562,1,0,1,0,4,1,0,1,0,0,2,2,0,0,0,1,3,80.6,319.15,1,0,0.2517569889114477,967.1999999999999
669,1,0,1,0,62,0,1,0,0,0,0,2,2,0,2,1,0,39.0,2337.45,0,3,0.0166777138702987,0.0
1882,0,0,0,0,5,1,0,2,1,1,1,1,1,1,0,1,3,20.5,104.3,0,0,0.194681861348528,0.0
2307,1,0,1,0,59,1,2,1,0,0,0,0,0,2,1,0,2,85.55,5084.65,1,3,0.0168218418491244,1026.6
208,1,0,0,1,3,1,2,2,1,1,1,1,1,1,2,1,3,26.4,121.25,0,0,0.2159509202453987,0.0
1306,0,0,1,0,72,1,2,1,2,0,2,2,2,0,2,1,0,98.2,7015.9,0,3,0.0139947840214339,0.0
1079,1,0,1,1,57,1,0,1,0,2,2,0,2,2,1,1,1,97.55,5598.0,0,3,0.0174227540632255,0.0
1197,1,0,0,1,66,1,0,2,1,1,1,1,1,1,2,0,1,19.95,1269.1,0,3,0.0157074246122352,0.0
3572,0,0,0,0,60,0,1,0,0,2,0,0,2,2,0,1,2,50.8,3027.4,1,3,0.0167745344076079,0.0
3300,1,0,0,1,45,1,2,1,0,0,2,0,2,2,2,0,0,99.7,4634.35,0,2,0.0215086239442544,0.0
2118,0,0,0,0,3,0,1,0,0,0,0,0,2,0,0,1,1,34.8,113.95,0,0,0.3027403218790778,0.0
119,0,0,0,0,15,1,0,1,2,0,2,2,2,2,0,0,2,105.1,1582.75,1,1,0.0663614838200473,1261.1999999999998
5582,0,0,0,1,51,0,1,0,2,0,2,2,2,2,1,0,0,60.15,3077.0,0,3,0.019541910331384,0.0
5625,0,0,0,0,60,1,2,0,2,0,2,2,0,0,1,0,2,64.75,4039.5,0,3,0.0160252444004454,0.0
6559,1,0,0,0,33,1,2,0,0,2,0,0,0,0,0,1,0,54.65,1665.2,0,2,0.032799183771456,0.0
6936,1,0,0,0,10,1,0,1,2,2,2,2,2,2,0,1,2,110.1,1043.3,1,0,0.1054294742889974,1321.1999999999998
2456,1,1,0,0,26,1,0,2,1,1,1,1,1,1,1,0,1,19.3,504.2,0,2,0.038202692003167,0.0
2740,0,0,0,0,6,1,0,1,0,0,2,0,0,2,0,0,2,83.9,497.55,1,0,0.1682880353023769,1006.8000000000001
2235,0,0,1,0,67,1,2,1,2,0,2,2,2,2,1,1,2,111.25,7511.65,0,3,0.0148083565719153,0.0
3649,0,0,1,1,49,0,1,0,2,0,0,2,0,0,1,1,1,35.8,1782.0,0,3,0.0200785193494111,0.0
3252,1,0,0,0,1,1,0,2,1,1,1,1,1,1,0,1,3,20.05,20.05,0,0,0.9524940617577196,0.0
1439,0,1,0,0,7,1,0,1,0,0,2,0,2,0,0,1,2,84.35,609.65,0,0,0.1381314992221403,0.0
865,0,1,0,0,27,1,2,1,2,2,2,0,2,2,1,1,0,110.5,2857.6,0,2,0.0386552858042398,0.0
30,1,0,1,1,37,1,0,1,0,0,0,0,2,2,1,0,1,91.2,3247.55,0,2,0.0280740638130858,0.0
5333,0,0,1,1,63,1,2,1,2,2,2,0,2,0,0,1,2,100.55,6215.35,1,3,0.016175086666613,1206.6
4162,1,0,1,1,31,1,2,1,2,0,2,2,0,0,0,0,2,89.3,2823.0,0,2,0.0316218130311614,0.0
2674,1,0,1,1,50,1,2,1,0,2,2,0,2,2,0,1,0,103.85,5017.9,1,3,0.0206917850525015,1246.1999999999998
4431,1,1,0,0,32,1,2,1,0,0,2,0,0,0,0,1,1,81.1,2619.25,0,2,0.0309512451101994,0.0
6493,0,0,0,0,1,0,1,0,0,0,0,0,0,0,0,0,2,24.6,24.6,1,0,0.9609375,295.20000000000005
5664,0,0,1,0,63,1,2,1,0,0,0,2,0,0,1,1,1,81.2,4965.1,0,3,0.0163508588228187,0.0
500,1,0,0,0,30,1,2,1,2,2,0,0,0,2,0,1,1,94.3,2679.7,0,2,0.0351773790427873,0.0
6327,1,0,1,0,71,1,2,1,2,2,2,2,2,2,2,1,0,116.1,8310.55,0,3,0.0139685136947982,0.0
463,0,0,0,0,53,1,2,1,0,2,2,0,2,2,2,0,2,105.55,5682.25,0,3,0.0185721198258038,0.0
3008,0,0,0,0,12,1,0,1,2,0,0,2,2,2,0,1,0,98.9,1120.95,1,0,0.0881500958153215,1186.8000000000002
1554,1,0,1,0,50,1,2,1,2,2,0,0,0,2,0,1,1,94.4,4914.9,0,3,0.019202994365223,0.0
714,0,0,0,0,2,1,0,2,1,1,1,1,1,1,0,0,3,19.5,27.55,0,0,0.6830122591943958,0.0
6842,0,0,0,0,9,1,2,1,0,0,2,0,2,2,0,0,1,98.3,923.5,1,0,0.1063277447268793,1179.6
1871,1,0,0,0,17,1,0,1,2,0,0,0,2,2,0,0,2,93.85,1625.65,1,1,0.05769526327114,1126.1999999999998
3741,0,0,1,0,56,1,0,1,2,2,2,0,2,2,1,1,1,105.6,6068.65,0,3,0.0173980377781255,0.0
254,1,0,1,1,67,1,0,0,2,2,2,0,2,2,2,0,1,81.35,5398.6,0,3,0.0150659308096896,0.0
531,1,1,0,0,9,1,2,1,0,0,2,0,2,2,0,1,2,100.5,918.6,1,0,0.109286646367986,1206.0
3930,1,0,0,0,4,1,0,0,0,0,0,0,2,0,0,1,2,56.4,234.85,0,0,0.2391350434598261,0.0
182,1,0,0,0,19,1,0,0,0,2,0,2,0,2,1,1,0,65.35,1231.85,0,1,0.0530072596017358,0.0
3277,0,0,0,1,8,1,0,2,1,1,1,1,1,1,0,0,3,19.95,170.9,0,0,0.1160558464223385,0.0
567,0,0,0,0,71,1,2,1,0,2,2,2,2,2,2,1,2,111.25,7984.15,0,3,0.0139321114819383,0.0
1282,1,1,0,0,10,1,0,1,0,2,0,0,0,0,0,1,2,72.85,688.65,1,0,0.1056332922496918,874.1999999999999
5307,0,1,0,0,15,1,2,1,0,2,0,0,2,0,0,0,1,89.0,1288.3,0,1,0.0690297060420383,0.0
2709,1,0,1,1,72,1,2,1,2,0,2,0,2,2,1,1,0,106.1,7848.5,0,3,0.0135167845085674,0.0
4240,1,0,0,0,12,1,0,2,1,1,1,1,1,1,1,0,1,20.05,267.0,0,0,0.0748134328358209,0.0
4268,1,0,1,1,72,1,2,2,1,1,1,1,1,1,2,1,0,25.2,1798.9,0,3,0.01400077782099,0.0
4610,1,1,1,0,1,1,2,1,0,0,0,0,0,0,0,1,2,73.55,73.55,1,0,0.9865861837692824,882.5999999999999
2773,0,1,0,0,23,1,0,1,2,0,0,0,0,0,0,1,0,75.4,1643.55,0,1,0.0458484083791918,0.0
2854,1,0,0,0,72,0,1,0,2,2,2,2,2,2,2,1,0,65.55,4807.45,0,3,0.0136322515571545,0.0
4316,0,0,0,0,26,1,2,1,0,0,2,0,0,0,0,1,2,80.7,2193.0,0,2,0.0367821330902461,0.0
3631,0,0,0,0,21,1,0,1,0,2,2,2,2,2,1,1,3,104.55,2239.4,0,1,0.0466657739689341,0.0
5282,1,0,1,0,60,1,2,2,1,1,1,1,1,1,1,0,0,24.15,1505.9,0,3,0.016026279116066,0.0
6304,1,0,0,0,12,1,0,2,1,1,1,1,1,1,0,0,3,20.45,255.35,0,0,0.0797737468305051,0.0
2998,1,0,1,0,16,1,2,1,0,0,0,0,0,0,0,1,2,75.4,1189.4,0,1,0.0633400537634408,0.0
6479,0,0,1,0,63,1,2,0,2,2,0,0,2,2,1,1,1,79.7,4786.15,0,3,0.0166487367222669,0.0
3388,0,1,0,0,22,1,0,1,2,2,0,0,0,0,0,0,2,81.7,1820.9,0,1,0.0448432954607827,0.0
3830,0,0,1,1,32,1,0,0,2,2,2,2,0,2,0,0,0,76.3,2404.15,0,2,0.03172359312309,0.0
5021,0,1,0,0,3,1,2,1,0,2,0,0,0,0,0,1,2,79.4,205.05,1,0,0.3853433632613443,952.8000000000001
6769,0,0,0,0,13,1,0,1,0,2,2,0,0,0,0,1,2,81.15,952.3,1,1,0.0851253540333578,973.8000000000001
585,0,0,1,1,68,1,2,1,0,2,0,2,2,2,2,1,1,103.75,7039.45,0,3,0.014736273959761,0.0
6221,0,0,1,1,30,1,0,1,0,0,2,0,0,2,1,0,2,86.45,2538.05,0,2,0.0340481676217482,0.0
3625,0,0,0,0,16,1,0,1,0,2,0,0,0,0,0,0,0,75.1,1212.85,0,1,0.0618692589693949,0.0
306,1,0,0,0,33,1,0,1,0,2,0,2,0,0,2,0,0,80.6,2651.1,0,2,0.030391010897025,0.0
4083,1,0,1,0,72,1,0,2,1,1,1,1,1,1,2,0,1,19.3,1304.8,0,3,0.0147802113646806,0.0
3327,0,1,0,0,4,1,2,1,0,0,0,0,0,2,0,1,2,84.6,360.1,1,0,0.2342841318194405,1015.1999999999999
2940,0,0,0,0,12,0,1,0,2,0,0,2,0,0,1,1,3,33.6,435.45,0,0,0.0769847634322373,0.0
4696,0,1,1,0,4,1,2,1,0,0,0,0,2,0,0,1,2,83.25,308.05,0,0,0.2693738877204336,0.0
4530,0,0,0,0,6,1,2,1,2,0,0,0,0,0,0,1,2,79.05,434.5,1,0,0.1815154994259472,948.5999999999999
1853,0,0,1,0,65,1,2,1,0,2,2,2,2,2,1,1,1,108.05,7118.9,0,3,0.0151757749406592,0.0
225,0,0,0,0,15,1,0,2,1,1,1,1,1,1,0,0,3,19.9,320.45,0,1,0.0619069839788458,0.0
566,0,0,0,1,24,1,0,2,1,1,1,1,1,1,1,0,0,21.05,531.55,0,1,0.0395268049948361,0.0
549,0,0,0,1,13,0,1,0,0,2,0,0,0,0,0,0,2,30.15,382.2,0,1,0.0786795407098121,0.0
5348,1,0,0,0,24,1,0,1,0,0,0,0,0,2,0,1,1,79.85,2001.0,0,1,0.0398851148851148,0.0
4323,0,0,1,0,72,0,1,0,2,2,2,2,2,2,2,0,0,65.5,4919.7,0,3,0.0133111142723596,0.0
4498,0,0,1,1,54,1,2,1,2,2,0,0,2,2,0,1,0,104.1,5645.8,0,3,0.0184352199475809,0.0
4729,0,0,0,0,3,1,2,1,0,0,0,0,0,0,0,0,0,74.4,215.8,1,0,0.3431734317343173,892.8000000000001
4410,1,0,1,1,4,1,0,2,1,1,1,1,1,1,0,1,3,20.5,77.6,0,0,0.2608142493638677,0.0
6967,0,1,1,1,32,1,2,1,0,0,2,0,2,0,0,1,3,91.35,2896.55,0,2,0.0315266345705854,1096.1999999999998
4991,1,1,0,0,35,1,2,1,0,0,2,0,2,2,0,1,2,99.05,3395.8,1,2,0.0291597974564295,1188.6
4365,1,0,1,1,35,1,0,2,1,1,1,1,1,1,2,0,0,20.5,759.35,0,2,0.0269612678371802,0.0
2944,1,1,0,0,2,1,0,0,0,0,0,0,0,0,0,0,3,44.95,85.15,1,0,0.5217643644805572,539.4000000000001
6046,0,0,0,0,8,1,0,1,0,2,0,0,0,0,0,0,2,75.6,535.55,0,0,0.1409001956947162,0.0
5990,1,0,0,0,22,1,0,0,2,0,0,2,0,0,0,0,3,55.1,1253.15,0,1,0.0439341386596499,0.0
579,0,0,0,0,15,1,0,0,2,0,2,2,0,0,0,0,2,58.95,955.15,0,1,0.0616535062490195,0.0
3821,1,0,0,0,22,1,2,1,0,0,0,0,2,2,0,1,2,95.1,2162.6,0,1,0.0439545202440377,1141.1999999999998
6635,1,0,1,0,1,1,0,0,0,0,0,0,0,0,0,0,1,44.7,44.7,1,0,0.9781181619256016,536.4000000000001
2279,0,0,1,1,71,1,2,2,1,1,1,1,1,1,2,0,0,25.45,1813.35,0,3,0.014027062033235,0.0
5939,1,0,0,0,4,1,0,0,2,0,2,0,0,0,0,0,2,56.75,245.15,0,0,0.2305504773512086,0.0
2807,1,0,0,0,25,1,2,0,2,2,2,2,0,2,0,0,0,81.75,2028.8,0,2,0.0402749039314218,0.0
4003,0,0,1,1,32,1,0,1,0,2,0,0,2,0,0,1,2,86.1,2723.75,0,2,0.0315992292870905,0.0
1945,1,1,1,0,7,0,1,0,2,0,0,0,0,0,0,0,0,29.8,220.45,0,0,0.1345676224881463,0.0
3052,1,0,0,0,17,1,0,2,1,1,1,1,1,1,1,1,3,20.5,365.8,0,1,0.0558887677208287,0.0
6662,1,1,1,0,8,1,0,0,2,0,0,0,2,0,0,0,0,60.9,551.95,0,0,0.1101365403743557,0.0
3413,0,1,0,0,56,1,2,0,2,0,2,2,0,2,2,0,0,73.25,4054.2,0,3,0.0180632274610376,0.0
6430,1,0,0,0,1,1,0,0,0,0,0,0,0,0,0,1,3,45.7,45.7,1,0,0.9785867237687366,548.4000000000001
6958,1,1,0,0,8,1,0,1,2,0,0,2,2,2,0,0,1,100.3,832.35,1,0,0.120357592848143,1203.6
3157,1,0,0,0,7,1,0,2,1,1,1,1,1,1,0,0,2,19.25,112.3,1,0,0.1699029126213592,231.0
5502,1,0,0,1,3,1,0,2,1,1,1,1,1,1,0,0,3,20.85,60.65,0,0,0.3381995133819951,0.0
2395,0,0,0,0,71,1,0,0,2,2,2,2,2,0,2,0,1,77.35,5550.1,0,3,0.0139341752085172,0.0
2198,0,0,0,0,2,1,2,1,0,0,0,0,2,2,0,1,2,96.0,174.8,1,0,0.5460750853242321,1152.0
5174,0,0,0,0,1,1,0,1,0,0,0,0,2,2,0,0,2,90.55,90.55,1,0,0.9890770070999454,1086.6
3517,1,0,1,0,49,1,2,1,2,2,0,0,2,0,0,1,0,93.85,4733.1,0,3,0.0198242538180435,0.0
373,1,0,0,0,58,1,0,0,0,2,2,2,2,0,2,0,0,70.1,4048.95,0,3,0.0173088556648847,0.0
6294,1,1,1,0,44,0,1,0,0,2,0,0,0,0,0,1,2,30.35,1359.7,1,2,0.0223046961122951,364.20000000000005
407,0,0,1,1,59,1,0,0,0,2,0,2,2,2,2,1,1,75.95,4542.35,0,3,0.0167167398505508,0.0
1955,1,0,0,0,71,1,2,1,2,0,2,2,2,2,2,1,2,108.05,7532.15,1,3,0.0143432694158486,1296.6
4144,1,0,0,0,1,1,0,1,0,0,0,0,0,0,0,1,2,69.9,69.9,1,0,0.9858956276445698,838.8000000000001
4148,0,0,0,0,11,1,2,1,0,0,0,0,0,0,0,0,2,75.25,888.65,0,0,0.0845838250997583,903.0
4706,1,1,1,0,62,1,2,1,0,2,2,0,2,2,1,1,2,103.75,6383.35,1,3,0.0162506754798844,1245.0
4568,0,0,1,1,35,1,0,0,2,0,0,2,0,0,1,1,0,54.95,1916.0,0,2,0.0286645800730307,0.0
2313,0,0,0,0,20,1,0,2,1,1,1,1,1,1,0,1,0,19.5,413.0,0,1,0.0471014492753623,0.0
762,1,0,1,1,40,1,0,2,1,1,1,1,1,1,2,0,3,19.6,808.95,0,2,0.02419902463115,0.0
1706,0,0,0,0,39,1,0,0,2,0,0,0,0,0,1,1,2,47.85,1886.4,0,2,0.0253523365476316,0.0
6058,1,0,0,0,1,1,2,1,0,0,0,0,0,2,0,1,2,86.6,86.6,1,0,0.9885844748858448,1039.1999999999998
5788,0,0,1,1,72,1,2,2,1,1,1,1,1,1,2,0,0,23.75,1679.25,0,3,0.0141348013688439,0.0
6582,0,1,1,0,33,1,2,1,0,2,0,0,0,0,0,1,0,80.6,2656.5,1,2,0.0303292568203198,967.1999999999999
1779,0,0,0,0,12,1,0,0,0,0,0,0,0,0,0,0,0,43.8,540.95,0,0,0.0808192637697204,0.0
2601,1,0,0,0,1,1,0,2,1,1,1,1,1,1,0,0,0,19.75,19.75,0,0,0.9518072289156626,0.0
6371,1,0,0,1,27,1,0,2,1,1,1,1,1,1,0,0,3,19.15,537.35,0,2,0.0355716541283551,0.0
2290,1,0,1,1,34,1,0,2,1,1,1,1,1,1,1,0,1,19.6,678.8,0,2,0.0288320094145336,0.0
824,0,0,1,0,56,1,0,1,2,0,2,0,0,0,2,0,0,80.3,4513.65,0,3,0.0177865393773603,0.0
5922,0,0,0,0,58,1,2,2,1,1,1,1,1,1,2,0,1,24.35,1423.85,0,3,0.0170895181948977,0.0
3435,0,0,1,1,22,1,2,2,1,1,1,1,1,1,2,0,1,25.25,555.4,0,1,0.0453810208483105,0.0
6423,0,0,1,1,10,1,2,2,1,1,1,1,1,1,2,0,1,26.1,225.55,0,0,0.1152063562127565,0.0
5164,1,0,0,0,13,1,0,2,1,1,1,1,1,1,2,0,1,20.0,268.45,0,1,0.0742252737056967,0.0
2695,0,0,0,0,35,1,2,1,0,2,0,2,0,0,0,0,1,85.3,2917.5,1,2,0.0292273428130889,1023.5999999999999
4703,0,0,0,0,34,1,0,1,0,0,0,0,0,0,0,1,1,70.0,2416.1,1,2,0.0289603243556327,840.0
948,0,1,0,0,4,1,2,1,0,0,0,0,2,2,0,1,2,94.3,424.45,1,0,0.2216476671759313,1131.6
1745,1,0,1,0,72,1,0,2,1,1,1,1,1,1,2,0,0,20.7,1492.1,0,3,0.0138637733574442,0.0
2257,1,0,0,0,2,1,0,0,0,0,0,2,2,2,0,0,2,70.3,132.4,0,0,0.5269865067466266,0.0
5921,0,0,0,0,7,1,0,1,0,0,2,0,2,2,0,1,2,95.35,660.9,1,0,0.1440549932013899,1144.1999999999998
1337,1,1,1,0,27,1,2,1,0,0,0,0,0,0,0,1,2,75.5,1893.95,1,2,0.0398427399139819,906.0
5762,1,0,1,1,4,1,0,1,0,0,0,0,0,0,0,1,3,69.55,284.9,0,0,0.2432668765302553,0.0
6292,0,0,0,0,37,1,0,2,1,1,1,1,1,1,2,0,3,19.85,784.25,0,2,0.0252785737026424,0.0
5004,1,0,0,0,21,1,0,2,1,1,1,1,1,1,0,0,3,20.0,417.7,0,1,0.0477668975400047,0.0
1971,0,1,1,0,53,1,2,1,0,0,0,0,2,2,1,1,1,95.85,5016.25,0,3,0.0191040908864417,0.0
6695,0,0,0,0,18,1,2,1,0,0,0,2,0,2,0,1,2,90.1,1612.75,1,1,0.0558326878388845,1081.1999999999998
4959,0,0,0,0,2,1,0,1,0,0,0,0,0,0,0,0,2,68.95,119.75,1,0,0.5710144927536233,827.4000000000001
6225,1,0,1,1,32,1,2,1,2,0,0,0,2,2,0,1,1,99.55,3204.65,1,2,0.0310545443201846,1194.6
4545,1,1,1,0,23,1,0,2,1,1,1,1,1,1,1,1,2,20.75,485.2,0,1,0.0426779103249691,0.0
634,1,0,0,0,3,1,0,0,2,0,0,0,0,0,0,1,3,50.15,160.85,0,0,0.3098548038307074,0.0
4677,0,0,1,1,71,0,1,0,2,2,0,2,2,2,2,0,3,58.65,4145.25,0,3,0.0141453120289418,0.0
5258,1,0,0,0,9,1,0,1,0,0,0,2,2,2,0,1,0,95.9,827.45,0,0,0.115758343895226,0.0
2843,0,0,0,0,1,1,0,0,0,2,0,0,0,0,0,0,2,49.5,49.5,0,0,0.9801980198019802,0.0
3278,1,0,1,1,18,1,0,0,0,0,2,0,0,2,0,0,2,57.45,990.85,1,1,0.057922064828351,689.4000000000001
2706,1,0,1,1,12,1,0,0,0,0,0,0,0,2,1,0,1,53.65,696.35,1,0,0.0769341076934107,643.8
5425,1,0,1,0,71,1,2,0,2,2,2,2,0,2,2,1,3,80.1,5585.4,0,3,0.0143383932407274,0.0
6574,0,0,0,0,64,1,2,2,1,1,1,1,1,1,1,1,0,24.4,1601.2,0,3,0.0152290600424416,0.0
2629,1,0,0,0,4,0,1,0,0,0,0,2,0,2,0,1,2,40.05,162.45,0,0,0.2450290608748853,0.0
6598,0,0,0,0,23,1,0,2,1,1,1,1,1,1,0,1,3,19.5,470.2,0,1,0.041383701188455,0.0
1004,0,0,1,1,39,1,0,0,2,0,0,0,0,0,0,0,1,51.05,2066.0,0,2,0.0246976294146105,0.0
2388,1,0,1,0,28,1,0,0,2,0,0,2,0,0,1,0,3,54.35,1426.45,0,2,0.0380748887876983,0.0
5854,0,1,0,0,5,1,0,1,0,2,0,0,2,0,0,1,2,84.7,392.5,0,0,0.2152477763659466,1016.4000000000001
5275,0,1,1,0,45,1,0,1,0,0,2,0,0,2,0,1,2,86.1,3861.45,0,2,0.0222915506996854,1033.1999999999998
5078,1,0,0,0,37,1,0,1,0,0,0,0,0,0,0,1,3,70.35,2552.9,0,2,0.0275461059555973,0.0
5576,0,1,1,0,60,1,0,1,2,2,2,2,2,2,2,1,0,110.0,6668.35,0,3,0.0164933614220276,0.0
3386,1,1,0,0,8,1,2,1,0,0,2,0,2,2,0,1,2,100.6,819.4,1,0,0.1226231106777181,1207.1999999999998
4777,0,0,0,0,47,1,2,1,2,0,2,0,2,0,1,0,1,94.9,4615.25,0,2,0.0205578120769022,0.0
5972,1,0,1,1,26,1,2,1,0,0,0,0,2,0,0,1,2,83.75,2070.6,1,2,0.0404276887430005,1005.0
2923,0,1,1,1,3,1,0,1,2,0,0,2,2,0,0,1,3,88.3,273.75,1,0,0.3213830755232029,1059.6
5905,0,0,1,1,50,1,0,1,0,0,0,0,0,0,0,1,0,69.75,3557.7,0,3,0.0195998538792255,0.0
932,1,0,1,1,27,1,2,0,0,0,0,2,2,2,0,0,0,71.6,1957.1,0,2,0.0365660589346815,0.0
2907,0,1,0,0,8,1,0,1,0,0,2,0,2,2,0,1,2,92.1,729.95,1,0,0.1260004104247896,1105.1999999999998
1799,0,0,1,0,62,1,2,2,1,1,1,1,1,1,2,0,0,23.65,1416.75,0,3,0.0166813613119379,0.0
5773,0,0,1,0,71,1,0,0,2,0,2,2,2,2,2,0,0,81.85,5924.4,0,3,0.0138134134404428,0.0
1199,1,0,0,0,66,1,2,2,1,1,1,1,1,1,2,0,3,25.1,1697.7,0,3,0.014776005180432,0.0
4562,1,0,1,1,68,1,2,1,2,2,2,2,2,2,2,1,0,114.7,7849.85,0,3,0.0146098830062986,0.0
3187,0,0,0,0,13,0,1,0,0,0,2,0,2,2,0,0,2,49.15,649.4,0,1,0.0755688806888068,0.0
3424,1,0,1,0,56,1,0,1,0,0,0,0,0,2,1,1,2,80.9,4557.5,0,3,0.0177470659208072,0.0
7002,1,0,1,0,38,1,0,1,2,2,0,0,0,0,0,1,2,79.45,3013.05,1,2,0.0263598812229392,0.0
852,1,1,0,0,14,1,0,1,0,0,0,0,2,2,0,0,1,90.45,1266.1,1,1,0.0713834740746586,1085.4
1286,0,0,0,1,16,1,0,2,1,1,1,1,1,1,1,1,0,19.3,360.35,0,1,0.0534108205341082,0.0
5176,0,0,1,1,14,1,0,1,0,0,0,0,0,0,0,0,2,70.2,1046.5,0,1,0.067016706443914,0.0
3436,1,0,1,1,32,1,0,1,0,0,0,0,0,0,0,1,0,69.75,2347.9,1,2,0.0296947507343863,837.0
2339,0,0,0,0,8,1,0,0,2,0,0,2,0,0,1,0,0,54.25,447.75,0,0,0.1208913649025069,0.0
2458,0,0,1,1,43,1,2,1,0,0,2,0,2,2,0,1,0,99.3,4209.95,0,2,0.0235813771239269,0.0
548,0,0,0,0,52,1,2,0,2,0,2,2,2,0,1,0,1,74.0,3877.65,0,3,0.0190788031918322,0.0
2827,1,0,0,0,3,1,0,0,0,0,0,2,0,0,0,1,3,50.25,152.3,0,0,0.3277886497064579,0.0
1948,1,0,0,0,29,1,0,2,1,1,1,1,1,1,1,1,3,19.8,572.2,0,2,0.0345429169574319,0.0
5906,0,0,0,0,1,1,0,2,1,1,1,1,1,1,0,0,3,19.65,19.65,1,0,0.9515738498789348,235.79999999999998
879,1,1,0,0,12,0,1,0,0,0,2,2,0,2,0,1,2,43.65,526.95,1,0,0.0826782839284023,0.0
2698,0,0,1,1,16,0,1,0,0,0,0,0,0,2,0,1,1,35.5,552.7,0,1,0.0641141412317139,0.0
4977,0,0,0,0,40,1,2,0,0,0,2,2,2,2,1,1,3,80.75,3208.65,0,2,0.0251585063792002,0.0
4012,0,0,0,0,5,0,1,0,0,0,2,0,0,2,0,0,2,39.5,210.75,1,0,0.1865407319952774,474.0
4229,1,0,1,0,40,1,2,1,0,0,0,0,2,2,0,1,0,97.1,3706.95,1,2,0.0261869766312922,1165.1999999999998
2428,0,0,0,0,36,1,0,2,1,1,1,1,1,1,1,0,3,19.55,620.75,0,2,0.0314435062324085,0.0
4921,0,0,0,0,5,1,0,1,0,0,0,0,0,2,0,1,2,80.0,412.5,1,0,0.1934703748488512,960.0
1111,0,0,0,0,10,1,0,1,2,0,0,0,2,0,0,1,3,84.7,832.05,1,0,0.1016745693535802,1016.4000000000001
1401,1,0,1,1,2,1,0,1,0,0,0,0,2,2,0,1,0,89.55,185.55,1,0,0.4800321629589922,1074.6
248,1,0,0,0,23,1,2,1,0,0,0,2,2,0,0,1,2,90.6,1943.2,1,1,0.0466001440181051,1087.1999999999998
4313,1,0,1,1,26,1,0,2,1,1,1,1,1,1,1,1,0,20.05,505.9,0,2,0.0395541526928388,0.0
3399,0,1,1,0,72,1,2,1,2,2,2,0,2,2,2,1,2,112.4,8046.85,0,3,0.0139664630926272,0.0
1175,0,0,1,0,34,1,0,0,0,0,0,2,0,0,0,0,0,50.2,1815.3,0,2,0.0276386059571656,0.0
5076,1,0,0,0,10,1,0,0,2,0,0,2,2,0,0,0,0,62.25,612.95,0,0,0.101392621548986,0.0
2671,0,0,0,0,14,1,0,0,2,0,0,2,0,0,1,0,3,55.7,795.15,0,1,0.0699616906361866,0.0
432,0,0,0,0,23,1,2,1,2,0,0,0,2,0,0,1,0,90.05,2169.8,1,1,0.0414824028008107,0.0
6787,1,0,1,0,47,1,0,2,1,1,1,1,1,1,2,0,3,19.65,973.1,0,2,0.0201724668925161,0.0
4995,1,0,1,0,24,1,0,1,2,0,0,2,0,2,0,1,2,89.25,2210.2,0,1,0.0403626989869754,0.0
3922,1,0,1,0,49,1,2,1,0,2,0,0,2,2,0,1,0,99.05,4853.75,1,3,0.0204026983881765,1188.6
6268,1,1,0,0,20,1,0,0,2,0,0,2,0,0,1,0,3,54.0,1055.9,0,1,0.0510928186204938,0.0
4360,0,0,0,0,2,1,0,1,0,0,0,0,0,0,0,0,0,69.75,144.55,1,0,0.4792167639986258,837.0
2164,0,0,0,0,2,1,0,0,0,2,0,0,0,0,0,1,1,49.05,91.1,1,0,0.5325732899022801,588.5999999999999
5507,1,0,0,0,22,0,1,0,0,0,2,2,2,2,2,0,0,56.75,1304.85,0,1,0.0434582838764023,0.0
445,1,0,0,0,7,1,2,1,0,0,2,0,2,2,0,1,0,98.05,713.0,1,0,0.1373249299719887,1176.6
1432,1,0,0,0,1,1,0,2,1,1,1,1,1,1,0,0,3,21.1,21.1,0,0,0.9547511312217196,0.0
2936,0,0,1,1,59,1,2,1,0,2,0,2,0,2,0,1,0,96.65,5580.8,0,3,0.0173152029811172,0.0
2886,0,0,1,1,58,1,2,2,1,1,1,1,1,1,1,1,1,24.5,1497.9,0,3,0.0163453199012609,0.0
3039,0,0,0,0,41,1,2,1,2,2,2,2,2,2,0,1,0,114.5,4527.45,1,2,0.0252845896498802,0.0
6930,0,1,0,0,59,1,2,1,0,2,0,0,0,0,2,1,1,79.2,4590.35,0,3,0.017249828481819,0.0
308,0,0,1,1,3,1,0,1,0,0,0,0,0,0,0,1,2,69.55,200.2,0,0,0.345675944333996,0.0
185,1,0,0,0,32,1,0,2,1,1,1,1,1,1,2,1,0,20.05,614.45,0,2,0.0325777886099601,0.0
1187,1,1,1,0,46,1,2,1,0,0,2,0,2,2,0,1,2,98.85,4564.9,0,2,0.0216496200091986,0.0
6951,1,0,0,0,2,1,0,1,0,0,0,0,0,2,0,1,2,80.95,171.15,1,0,0.470229451060122,971.4000000000001
6464,0,0,1,1,52,1,0,2,1,1,1,1,1,1,1,0,1,19.6,1012.4,0,3,0.0193408328399447,0.0
3089,0,1,0,0,13,1,0,1,0,0,2,0,0,0,0,1,2,74.3,940.35,1,1,0.0789291974292239,891.5999999999999
6346,0,1,0,0,11,1,0,1,0,0,0,0,2,2,0,0,0,89.7,1047.7,1,0,0.0855344712501191,1076.4
5134,1,0,0,0,32,1,2,1,2,0,0,2,0,0,0,0,0,87.65,2766.4,0,2,0.0316723278167232,0.0
4993,1,1,1,0,17,1,2,1,0,0,2,0,2,2,0,1,1,100.45,1622.45,1,1,0.0618744032769718,1205.4
3159,0,0,0,0,16,1,2,1,0,0,0,0,0,0,0,1,1,74.75,1129.35,0,1,0.066129959746981,897.0
6366,0,0,0,0,51,1,2,1,2,2,2,0,2,2,1,0,0,107.45,5680.9,0,3,0.0189109276826413,0.0
4113,1,0,0,0,29,1,0,0,0,0,2,2,2,2,1,1,0,75.35,2243.9,0,2,0.0335649694863913,0.0
6049,1,0,1,0,70,1,0,0,2,2,2,2,0,0,2,0,1,64.95,4523.25,0,3,0.0143559706028623,0.0
6104,0,0,1,1,71,1,2,1,2,0,2,2,0,2,2,0,2,100.45,7159.7,0,3,0.014027958160515,0.0
922,1,0,1,1,41,1,2,0,0,2,2,0,2,0,1,0,0,68.5,2839.95,0,2,0.0241116527921997,0.0
5264,1,0,0,0,1,1,0,1,0,0,0,0,2,0,0,1,2,80.55,80.55,0,0,0.987737584304108,0.0
3238,0,0,1,0,7,1,0,0,2,0,2,2,2,2,0,0,0,81.25,580.1,0,0,0.139821029082774,0.0
3202,1,0,1,1,25,1,0,1,0,0,0,0,2,2,1,1,2,90.4,2178.6,1,2,0.0414755000917599,0.0
6846,1,0,1,1,67,1,2,1,2,2,0,2,0,0,1,0,2,89.55,6038.55,0,3,0.0148272636206339,0.0
4908,1,0,1,1,5,1,2,0,0,0,0,2,0,0,0,1,3,55.7,259.4,0,0,0.2139016897081413,0.0
6737,1,0,0,1,15,1,2,2,1,1,1,1,1,1,0,1,2,24.8,324.15,0,1,0.0762724896201753,0.0
3298,0,0,1,1,20,1,0,2,1,1,1,1,1,1,0,0,2,20.0,417.65,0,1,0.0477726024125164,0.0
6233,1,0,1,1,3,1,0,0,0,2,2,0,0,0,0,1,3,56.15,168.15,1,0,0.3319538870824711,673.8
5476,1,0,1,1,54,1,2,1,0,2,0,2,2,2,1,1,2,105.2,5637.85,0,3,0.0186562862995114,0.0
6143,1,0,0,0,42,1,0,2,1,1,1,1,1,1,1,1,3,19.55,839.4,0,2,0.0232627320323655,0.0
5222,0,0,1,0,9,1,0,1,0,0,0,0,0,2,0,1,2,79.75,769.1,0,0,0.103557979483184,0.0
2910,0,0,0,0,63,1,2,1,0,2,0,0,2,2,2,0,0,97.45,6253.0,0,3,0.0155820275023984,0.0
665,0,0,1,0,69,1,2,2,1,1,1,1,1,1,2,0,0,24.25,1641.8,0,3,0.0147613830046262,0.0
6602,0,0,0,0,69,1,2,2,1,1,1,1,1,1,2,0,1,24.6,1678.05,0,3,0.0146511420148298,0.0
2360,1,0,1,0,40,1,0,0,0,2,0,0,0,0,0,1,3,50.15,2058.5,0,2,0.0243505705268269,0.0
222,1,0,0,0,60,0,1,0,2,2,2,0,0,0,2,0,0,39.6,2424.5,0,3,0.0163265306122449,0.0
6861,0,0,0,0,4,1,0,1,2,0,2,2,0,2,0,1,0,94.4,387.2,1,0,0.2431736218444101,1132.8000000000002
1470,0,1,0,0,71,1,2,0,2,2,2,2,2,2,2,0,3,89.85,6293.45,0,3,0.0142744798989586,0.0
5405,0,0,1,0,37,1,2,1,0,0,2,0,0,0,0,1,1,78.95,2839.65,1,2,0.027792934715646,947.4000000000001
2305,1,0,1,0,32,1,2,1,0,2,0,0,2,2,0,1,1,98.85,3145.9,0,2,0.0314118656455559,0.0
880,1,0,0,0,39,1,2,0,0,0,0,2,0,0,2,1,1,53.85,2200.7,0,2,0.0244583730753508,0.0
5986,0,0,0,0,38,1,2,2,1,1,1,1,1,1,1,1,2,24.25,914.4,0,2,0.02649115140922,0.0
4891,1,0,0,0,52,1,2,1,0,0,2,0,0,2,2,1,1,89.45,4577.75,0,3,0.0195358995358995,0.0
4878,0,0,1,1,48,1,2,1,2,2,0,0,2,2,0,1,1,105.25,4997.5,0,2,0.0210563168950685,0.0
1010,1,0,1,1,70,0,1,0,2,0,2,2,2,2,2,0,0,59.5,4144.8,0,3,0.0143518741859231,0.0
710,1,0,0,0,20,1,0,1,0,0,0,0,0,0,0,0,1,70.55,1493.55,0,1,0.0472048442675052,0.0
2580,0,0,0,0,50,1,2,0,2,0,2,2,2,2,1,1,1,82.5,4179.1,0,3,0.0197363699433027,0.0
2857,0,0,0,0,19,0,1,0,0,0,0,0,2,2,1,1,1,44.85,893.55,1,1,0.0501369403610754,538.2
43,1,0,1,1,25,1,0,0,2,2,2,0,0,0,1,1,0,61.6,1611.0,0,2,0.038213399503722,0.0
6208,1,0,0,0,12,1,0,0,0,2,0,0,0,0,0,1,0,49.05,593.05,0,0,0.0825688073394495,0.0
5759,1,1,1,0,39,1,2,1,0,2,2,0,2,2,0,1,2,105.65,4284.8,1,2,0.0246511736431938,1267.8000000000002
631,1,0,0,0,7,1,0,1,0,0,2,0,0,0,0,0,3,74.65,544.55,1,0,0.1368343873155531,895.8000000000001
6552,0,0,1,1,23,1,0,0,2,2,2,2,0,0,1,1,3,66.25,1533.8,0,1,0.0431652332551472,0.0
57,1,0,0,0,27,1,0,2,1,1,1,1,1,1,0,1,2,19.4,529.8,0,2,0.0365486058779201,0.0
2404,1,1,0,0,47,1,2,1,0,0,0,0,2,0,0,1,1,86.05,3865.6,0,2,0.022254694046449,0.0
4136,1,0,1,1,26,1,0,2,1,1,1,1,1,1,2,1,1,19.15,515.75,0,2,0.0370585389453314,0.0
5859,0,0,1,0,14,1,2,0,2,0,0,0,2,0,0,1,0,64.7,941.0,1,1,0.0686836518046709,776.4000000000001
3745,0,1,1,0,11,1,2,1,0,0,2,2,2,2,0,1,0,104.05,1133.65,1,0,0.0917022870488696,1248.6
2197,1,0,0,1,2,1,0,2,1,1,1,1,1,1,0,0,3,19.25,48.35,0,0,0.3900709219858156,0.0
1503,0,0,1,1,26,1,0,1,2,2,0,0,0,0,0,0,2,81.95,2070.05,0,2,0.0395693005963158,0.0
1208,0,1,1,0,72,1,2,1,2,2,2,2,2,2,2,1,0,114.65,8333.95,0,3,0.0137553314656956,0.0
4687,0,0,1,1,63,1,0,2,1,1,1,1,1,1,2,0,1,20.0,1209.25,0,3,0.0165255112580045,0.0
565,1,0,1,1,71,1,0,2,1,1,1,1,1,1,2,0,3,19.8,1396.25,0,3,0.0141706924315619,0.0
527,1,0,1,1,11,1,2,0,2,0,0,0,2,0,0,1,0,65.15,723.35,0,0,0.0899427072547801,0.0
2144,1,1,1,0,14,1,0,2,1,1,1,1,1,1,1,0,3,19.65,228.65,0,1,0.085564990202482,0.0
6716,0,0,0,1,13,1,2,0,2,2,2,2,2,2,2,0,1,88.95,1161.75,0,1,0.0764996774887121,0.0
1122,1,0,0,1,6,1,0,2,1,1,1,1,1,1,0,1,3,20.2,98.35,0,0,0.2033215903371917,0.0
1687,1,1,1,1,11,1,2,1,0,0,0,0,0,0,0,1,1,75.2,775.3,0,0,0.0968697668427154,902.4000000000001
1676,1,0,1,0,18,1,2,0,0,2,0,0,0,0,0,0,1,56.8,1074.65,0,1,0.0528052805280528,0.0
573,1,0,0,0,1,0,1,0,0,0,0,0,0,2,0,1,2,35.55,35.55,1,0,0.9726402188782488,426.59999999999997
2455,0,0,1,0,32,1,0,1,2,0,0,0,0,0,0,1,0,75.5,2324.7,0,2,0.0324633443694371,0.0
985,1,0,0,0,29,0,1,0,2,0,0,2,0,0,1,0,3,35.6,1072.6,0,2,0.0331594634873323,0.0
279,0,0,0,0,3,1,2,0,0,0,0,0,2,0,0,1,2,60.25,170.5,0,0,0.3513119533527696,0.0
5561,0,0,0,0,2,1,2,1,0,0,0,0,2,2,0,1,2,95.15,196.9,1,0,0.4807983830217281,1141.8000000000002
6238,1,0,1,1,13,1,0,1,0,0,2,0,2,2,0,1,3,96.65,1162.85,1,1,0.083043347510418,1159.8000000000002
6216,0,0,0,0,41,0,1,0,0,2,0,0,0,2,0,1,2,40.35,1677.85,0,2,0.0240343091997498,0.0
6339,0,0,0,0,1,1,0,2,1,1,1,1,1,1,0,0,2,18.85,18.85,0,0,0.9496221662468514,0.0
3012,1,0,0,0,7,1,0,0,0,0,0,0,2,0,0,0,3,54.85,370.4,0,0,0.1476844372644049,0.0
6194,0,0,1,0,52,1,0,0,2,0,2,0,2,0,1,1,3,64.3,3410.6,0,3,0.0188474616015945,0.0
5883,0,0,1,1,45,1,2,2,1,1,1,1,1,1,2,1,0,24.65,1138.8,0,2,0.0216266011580979,0.0
4867,1,0,1,0,70,1,2,0,0,2,2,2,2,0,2,0,1,76.1,5264.25,0,3,0.0144532548312045,0.0
421,0,0,0,0,53,1,0,2,1,1,1,1,1,1,2,0,3,18.7,1005.7,0,3,0.0185755438561637,0.0
3730,0,1,1,0,62,1,2,1,0,2,2,0,2,0,1,1,1,97.95,5936.55,0,3,0.0164967031856573,0.0
3784,0,0,1,0,60,1,2,1,2,2,0,0,0,2,0,1,1,94.1,5475.9,0,3,0.0171812521681973,0.0
2862,0,1,1,0,3,1,0,1,0,0,0,0,2,0,0,1,2,80.4,224.05,1,0,0.357253943568096,964.8000000000001
4417,0,1,1,0,23,1,0,1,2,0,0,0,2,2,0,1,2,95.1,2326.05,0,1,0.0408671923680195,0.0
4139,1,0,0,1,1,0,1,0,0,2,0,0,0,0,0,1,3,31.35,31.35,1,0,0.9690880989180836,376.20000000000005
6571,0,0,0,0,67,1,0,0,2,0,2,2,0,2,1,1,0,72.35,4991.5,0,3,0.0144917376064096,0.0
84,0,0,0,0,12,1,2,1,0,2,0,0,2,0,0,1,0,89.75,1052.4,1,0,0.0852003037782418,1077.0
3344,0,1,1,0,71,1,2,0,2,2,2,2,0,2,2,1,0,82.7,5831.2,0,3,0.0141798978087171,0.0
4583,1,0,0,0,25,1,0,2,1,1,1,1,1,1,1,0,1,19.9,510.8,0,2,0.0388823759280969,0.0
5058,0,0,0,0,5,1,2,0,2,0,0,0,0,0,0,1,2,53.8,283.95,0,0,0.188805053518161,0.0
2929,1,0,0,0,26,1,2,0,0,0,0,0,0,0,1,1,1,51.55,1295.4,0,2,0.0397639617402036,0.0
3939,1,0,1,1,1,1,0,2,1,1,1,1,1,1,1,0,3,19.65,19.65,0,0,0.9515738498789348,0.0
883,1,1,0,0,70,0,1,0,0,2,2,0,2,0,1,1,1,44.05,3011.65,0,3,0.0146216785886179,0.0
6434,1,0,1,1,72,1,2,1,2,2,2,2,2,2,2,1,2,114.0,8093.15,0,3,0.0140842460295398,0.0
4440,1,0,1,0,60,1,0,1,0,2,0,0,2,2,1,1,2,94.4,5610.25,1,3,0.0168233459567832,1132.8000000000002
1123,0,1,1,1,32,1,2,1,0,2,0,0,2,2,0,1,2,100.4,3217.65,0,2,0.0311932021189007,0.0
63,1,0,0,0,1,1,0,2,1,1,1,1,1,1,0,1,2,19.85,19.85,1,0,0.9520383693045564,238.20000000000002
4964,0,0,0,0,14,1,2,0,0,2,0,0,0,0,1,1,3,54.25,773.2,0,1,0.0700723327305605,0.0
928,0,0,0,0,13,1,2,1,2,0,0,0,0,0,0,1,1,80.0,1029.35,0,1,0.0776435191925074,0.0
2800,0,0,0,0,6,1,2,1,0,2,2,2,2,2,0,1,1,109.9,669.45,1,0,0.1639197553881721,1318.8000000000002
2037,0,0,0,0,46,1,2,0,2,0,2,0,2,2,2,0,3,79.2,3593.8,0,2,0.02203182374541,0.0
77,1,0,0,0,15,1,0,1,0,0,2,2,2,2,0,1,2,101.35,1553.95,1,1,0.0651789446606,0.0
3876,1,1,1,0,43,1,2,1,0,2,0,2,2,0,0,1,2,94.3,3953.15,0,2,0.023848361847679,0.0
3404,1,0,0,0,39,1,0,0,0,0,0,2,0,0,2,1,0,49.8,1971.15,0,2,0.0252516289328905,0.0
5946,1,1,0,0,21,1,0,0,0,0,2,0,2,0,0,1,0,60.05,1236.15,1,1,0.0485389807218203,720.5999999999999
2205,1,0,0,0,57,0,1,0,2,0,2,0,2,2,0,1,2,53.75,3196.0,0,3,0.0168126368470441,0.0
607,0,0,1,0,53,1,0,1,0,0,0,2,2,2,1,1,2,93.45,4872.2,0,3,0.0191763112533858,0.0
3251,1,0,1,1,18,1,0,1,2,0,2,0,2,0,0,1,3,87.9,1500.5,0,1,0.0585414585414585,0.0
4015,0,0,0,0,1,1,2,0,0,0,0,0,0,2,0,1,2,60.15,60.15,1,0,0.983646770237122,721.8
5441,0,0,1,0,58,1,2,0,2,0,0,2,0,0,1,1,0,61.05,3478.75,0,3,0.0175443638192398,0.0
5739,0,1,0,0,71,1,2,1,0,0,2,0,2,2,2,0,0,104.05,7413.55,0,3,0.0140332184690911,0.0
47,0,0,0,0,35,1,0,1,0,0,2,2,2,2,1,1,2,99.25,3532.0,0,2,0.0280922728559298,0.0
2748,1,0,0,0,3,1,0,1,0,0,2,0,0,2,0,0,1,85.7,256.75,0,0,0.3324927255092144,0.0
4822,1,0,0,0,38,1,2,1,2,2,0,0,2,2,1,1,2,104.85,3887.25,0,2,0.0269658586767826,0.0
5836,1,0,1,1,35,1,2,0,2,2,2,2,0,0,2,1,1,69.15,2490.15,0,2,0.0277582642554643,0.0
1084,1,0,0,0,7,1,2,1,0,0,2,0,2,0,0,1,2,90.45,593.45,1,0,0.1521574564723694,1085.4
3711,0,0,0,0,47,1,0,0,0,0,2,2,2,2,2,0,3,74.45,3510.3,0,2,0.0212029732577677,0.0
6322,0,0,0,0,14,1,0,0,0,2,0,0,0,0,0,0,2,50.45,765.45,0,1,0.0658229499641202,0.0
3107,0,1,1,0,20,1,0,0,0,2,0,0,0,2,0,1,2,60.0,1259.35,0,1,0.0476058237791089,0.0
307,1,0,1,0,66,1,2,0,2,2,0,2,2,2,2,0,2,85.25,5538.35,0,3,0.0153898923158854,0.0
6306,1,0,1,0,15,1,0,2,1,1,1,1,1,1,0,1,1,19.45,340.85,0,1,0.0568962995465847,0.0
3928,0,0,0,0,42,1,0,2,1,1,1,1,1,1,2,1,0,20.75,844.45,0,2,0.0245431427050683,0.0
5056,0,0,1,0,17,1,2,1,2,0,0,0,0,0,0,0,2,78.9,1348.95,0,1,0.0584466091336716,0.0
3809,1,0,0,0,37,1,2,1,0,2,0,2,2,2,1,1,1,104.5,3778.0,0,2,0.0276528182058745,0.0
4815,0,0,0,0,12,1,0,0,0,2,0,0,0,0,0,1,2,49.4,611.65,0,0,0.0806333142903778,0.0
2753,1,0,1,0,53,1,0,1,0,2,0,0,2,2,1,1,0,94.25,4867.95,1,3,0.019357356308855,1131.0
6405,0,0,0,0,60,1,2,2,1,1,1,1,1,1,2,0,3,25.0,1505.05,0,3,0.0165997144849108,0.0
4816,1,0,1,1,18,0,1,0,0,0,0,0,0,0,0,0,1,25.55,467.85,0,1,0.0544950410579076,0.0
4501,1,0,0,0,1,1,2,1,0,0,0,0,0,0,0,1,2,74.9,74.9,1,0,0.9868247694334652,898.8000000000001
4299,0,0,0,0,3,1,0,1,0,0,0,0,0,0,0,1,2,70.15,194.2,0,0,0.359375,0.0
5,0,0,0,1,9,1,0,0,0,0,0,2,2,2,0,1,1,69.4,571.45,0,0,0.1212332954843217,0.0
3895,0,0,0,0,1,1,0,1,0,0,0,0,2,0,0,1,2,80.25,80.25,1,0,0.9876923076923076,963.0
5873,1,0,1,0,56,1,2,1,2,2,2,0,0,0,1,1,2,93.15,5253.95,0,3,0.0177261439214454,0.0
6913,1,0,1,1,17,1,0,1,0,0,0,0,0,0,0,1,2,69.0,1149.65,1,1,0.0599661061139355,828.0
947,0,0,1,1,11,1,2,0,0,0,0,2,0,2,0,1,2,66.35,740.8,1,0,0.0894445942302507,796.1999999999999
2990,1,0,0,0,7,1,0,1,0,0,0,0,0,0,0,1,2,69.55,521.35,0,0,0.1331482722312625,0.0
4948,0,0,1,1,69,1,0,2,1,1,1,1,1,1,2,0,0,20.2,1412.65,0,3,0.0142892512290878,0.0
6944,1,0,0,0,19,1,2,1,0,0,0,0,0,2,0,1,0,86.0,1532.45,1,1,0.0560826893605921,1032.0
6964,0,0,1,1,3,1,0,1,0,0,0,0,0,2,0,1,2,80.3,250.05,1,0,0.319856602270464,963.5999999999999
27,1,0,1,1,54,1,0,2,1,1,1,1,1,1,2,0,1,20.4,1090.6,0,3,0.0186881641626969,0.0
532,1,0,1,0,62,1,2,2,1,1,1,1,1,1,1,1,1,23.75,1446.8,0,3,0.0164041994750656,0.0
5651,1,0,0,0,24,1,2,1,0,2,0,0,2,0,0,1,1,90.55,2282.55,1,1,0.0396531715968557,1086.6
1574,0,0,1,1,62,1,2,0,0,0,0,0,2,2,0,1,1,70.45,4300.45,0,3,0.0163781980494949,0.0
596,1,0,0,0,17,1,2,0,2,0,0,0,0,2,0,0,0,65.75,1111.2,0,1,0.0591170652760294,0.0
2120,1,0,0,0,9,0,1,0,0,0,0,0,0,0,0,1,3,24.6,190.1,0,0,0.1287284144427001,0.0
6408,1,0,1,1,64,1,0,0,2,0,2,2,2,0,2,0,3,69.25,4447.75,0,3,0.0155661702725484,0.0
1105,0,0,0,0,2,1,2,1,0,0,0,0,0,0,0,1,2,75.9,143.35,1,0,0.5258053342570143,910.8000000000001
2206,1,0,1,1,1,1,0,0,0,0,0,0,0,0,0,1,3,45.85,45.85,1,0,0.9786552828175028,550.2
4652,0,0,1,0,16,0,1,0,0,0,0,2,2,2,0,1,2,49.95,810.2,1,1,0.0615754437869822,599.4000000000001
5052,0,0,1,0,72,1,2,2,1,1,1,1,1,1,2,0,0,24.65,1830.05,0,3,0.0134622211299527,0.0
6003,1,0,0,0,30,1,2,1,2,2,2,0,0,0,1,0,0,90.4,2820.65,0,2,0.0320379919550617,0.0
1378,0,0,1,0,49,1,2,1,2,0,0,0,2,2,0,1,3,100.85,4847.35,0,3,0.0208008910247816,0.0
6394,1,0,1,0,61,1,2,0,2,0,2,2,0,2,2,0,1,75.35,4729.3,0,3,0.0159292222480603,0.0
101,1,0,1,1,47,1,2,1,0,2,0,0,2,0,0,0,2,87.2,4017.45,0,2,0.0216999091689581,0.0
259,1,0,0,0,20,1,0,0,2,0,2,0,0,2,0,0,1,64.4,1398.6,0,1,0.046013146613318,0.0
1146,1,0,1,1,34,1,0,1,0,0,0,0,2,0,0,0,2,78.3,2564.3,1,2,0.0305227458776751,0.0
890,0,0,1,1,70,1,2,2,1,1,1,1,1,1,2,0,0,24.7,1685.9,0,3,0.0146422431679411,0.0
3145,1,0,0,1,54,1,0,1,2,2,0,2,2,2,1,1,2,105.85,5826.65,0,3,0.0181634106372208,0.0
1054,1,1,1,0,61,1,2,1,0,2,2,2,2,0,1,1,3,98.3,6066.55,0,3,0.0162009377755436,0.0
4116,1,0,0,0,3,1,2,1,0,0,0,0,0,0,0,1,2,76.95,228.4,1,0,0.3354402789886661,923.4000000000001
1909,1,0,0,0,13,1,0,2,1,1,1,1,1,1,1,0,3,19.45,270.2,0,1,0.0717182890855457,0.0
3942,0,1,0,0,16,1,2,1,0,0,0,0,2,2,0,1,2,96.15,1529.2,1,1,0.0628349235394066,1153.8000000000002
203,0,0,1,1,3,1,0,0,0,2,0,0,2,0,0,1,1,58.7,168.6,0,0,0.3461084905660377,0.0
1435,1,0,0,0,25,1,0,2,1,1,1,1,1,1,0,1,3,20.15,536.35,0,2,0.037498836884712,0.0
56,1,0,0,0,30,1,2,0,2,0,0,0,0,2,0,1,3,64.5,1888.45,0,2,0.0341369181507846,0.0
455,0,0,1,0,21,0,1,0,2,0,0,0,0,0,0,0,2,28.5,629.35,0,1,0.0452129769175854,0.0
3935,1,0,0,0,1,1,0,0,0,0,0,0,0,0,0,0,2,45.3,45.3,1,0,0.978401727861771,543.5999999999999
1512,0,0,0,0,15,1,0,2,1,1,1,1,1,1,0,0,0,19.4,289.3,1,1,0.0668274199104374,0.0
4606,1,1,1,0,23,1,0,1,0,0,0,0,2,2,0,1,2,90.45,2117.25,0,1,0.042700342263661,0.0
6609,0,0,1,1,45,1,2,1,2,2,0,0,2,2,0,1,2,105.15,4730.9,0,2,0.0222215177835541,0.0
3962,0,0,1,1,24,1,2,1,0,2,2,0,0,0,1,0,0,83.15,2033.05,0,1,0.0408790344386814,0.0
5194,0,0,0,0,11,1,2,1,0,0,0,2,2,0,0,0,2,90.15,987.95,1,0,0.091157288032762,1081.8000000000002
1953,1,0,0,0,1,1,0,0,0,0,0,0,0,0,0,0,3,45.05,45.05,1,0,0.97828447339848,540.5999999999999
4799,0,0,1,0,56,1,2,1,0,0,2,2,2,2,2,0,0,103.2,5744.35,0,3,0.0179623521630536,0.0
5371,0,0,0,0,1,1,0,1,0,2,0,0,0,0,0,0,2,75.8,75.8,1,0,0.9869791666666666,909.5999999999999
5396,1,0,0,0,1,1,0,2,1,1,1,1,1,1,0,0,2,19.45,19.45,0,0,0.9511002444987776,0.0
1361,0,0,0,0,7,1,0,1,0,0,0,0,0,2,0,1,2,79.3,523.15,1,0,0.1512925689211103,951.5999999999999
6488,0,1,1,0,55,1,0,1,0,0,2,2,2,0,2,0,1,88.8,4805.3,0,3,0.0184757505773672,0.0
2829,0,0,0,0,2,0,1,0,0,0,0,2,0,0,0,1,2,30.9,59.05,1,0,0.514571190674438,370.79999999999995
1514,0,0,1,1,72,1,2,0,2,0,2,2,2,2,2,1,1,85.9,6110.75,0,3,0.0140548942610545,0.0
494,0,1,0,0,45,0,1,0,0,0,0,0,0,2,1,0,2,34.2,1596.6,0,2,0.021407110665999,0.0
3919,0,0,0,0,47,1,0,2,1,1,1,1,1,1,2,0,3,20.15,1046.2,0,2,0.0192417876241405,0.0
2926,0,1,0,0,46,1,0,1,0,2,0,0,2,2,1,0,1,95.25,4424.2,1,2,0.0215244508722769,0.0
7029,1,0,0,0,2,1,0,0,0,2,0,0,0,0,0,1,3,50.3,92.75,0,0,0.5365333333333333,0.0
3319,0,0,1,0,2,1,0,1,2,0,0,2,0,0,0,1,2,80.15,194.55,0,0,0.4098695985681411,0.0
4692,0,0,1,0,12,1,0,0,0,2,0,0,0,0,0,1,2,51.25,612.1,0,0,0.0835915837546892,0.0
4829,0,1,1,0,68,1,2,1,0,2,0,0,0,2,0,1,0,89.6,6127.6,1,3,0.0146199784616388,1075.1999999999998
4420,1,0,1,1,69,1,0,1,0,0,0,2,2,2,2,1,1,95.2,6671.7,0,3,0.0142670882851019,0.0
681,1,1,0,1,56,1,0,1,2,0,0,0,2,2,1,0,1,94.8,5264.3,0,3,0.0180046720984559,0.0
862,0,1,0,0,4,1,2,1,2,0,0,0,0,0,0,1,2,80.25,303.7,0,0,0.2633738103052183,0.0
1786,1,0,1,0,64,1,2,0,0,2,2,2,2,0,2,1,0,76.1,4818.8,0,3,0.0157890368894974,0.0
1657,1,0,1,0,59,1,2,1,2,2,2,0,2,2,1,1,2,110.15,6448.05,1,3,0.0170800350439211,1321.8000000000002
5996,1,0,1,1,62,1,2,1,2,2,2,2,2,2,2,0,0,115.55,7159.05,0,3,0.0161381554598082,0.0
6198,1,0,1,1,63,1,2,2,1,1,1,1,1,1,2,0,1,24.65,1574.5,0,3,0.0156458267216756,0.0
3200,0,0,0,0,53,0,1,0,2,2,2,2,2,0,1,1,2,53.6,2879.2,0,3,0.0186098187625859,0.0
864,1,0,1,1,5,1,0,2,1,1,1,1,1,1,0,0,3,19.45,86.05,0,0,0.2234348075818495,0.0
6806,1,1,1,0,49,1,2,1,2,2,2,0,0,0,0,1,2,88.2,4159.45,0,3,0.0211996298477328,0.0
5101,0,0,1,1,62,1,2,1,2,0,0,0,2,2,2,1,0,101.15,6638.35,0,3,0.0152349251056202,0.0
3587,0,0,1,0,55,1,0,0,2,2,0,2,0,0,2,0,3,56.8,3112.05,0,3,0.0182457718314835,0.0
4970,0,1,1,0,71,1,0,1,2,2,2,2,2,0,2,1,2,99.4,7168.25,0,3,0.013864769676047,0.0
3383,0,0,1,1,72,1,0,2,1,1,1,1,1,1,2,1,1,20.1,1326.25,0,3,0.0151440949331324,0.0
3313,1,0,1,1,36,0,1,0,2,0,2,2,2,2,1,0,1,60.7,2234.55,0,2,0.0271521549506832,0.0
2405,1,0,1,0,25,1,0,2,1,1,1,1,1,1,1,1,0,20.95,495.15,0,2,0.0422251335281668,0.0
1644,0,1,1,0,72,1,2,1,2,2,2,2,2,2,2,1,0,114.85,8317.95,0,3,0.0138058288606134,0.0
6701,0,0,0,0,36,1,0,2,1,1,1,1,1,1,1,1,0,19.25,679.8,0,2,0.0282755581668625,0.0
4432,1,0,0,0,1,1,0,0,0,0,0,0,2,2,0,1,3,62.8,62.8,0,0,0.9843260188087776,0.0
3057,0,0,1,0,72,1,2,1,2,0,2,0,2,2,2,1,2,105.5,7544.0,0,3,0.0139827700463883,0.0
6138,1,0,1,1,59,1,0,2,1,1,1,1,1,1,2,0,3,19.85,1188.25,0,3,0.0166911919276855,0.0
6439,1,1,1,0,7,1,0,1,0,0,0,0,2,2,0,1,2,89.5,676.7,1,0,0.1320643352515862,1074.0
6335,0,0,0,0,1,1,0,0,0,0,2,2,2,2,1,0,1,74.1,74.1,0,0,0.9866844207723036,0.0
6212,0,0,1,1,30,1,2,1,0,2,2,2,2,2,0,1,2,107.5,3242.5,0,2,0.0331432094959149,0.0
1790,1,0,0,0,64,1,0,2,1,1,1,1,1,1,2,0,3,19.55,1240.15,0,3,0.0157515207670305,0.0
7014,1,0,0,0,63,1,2,0,2,2,2,2,0,0,1,0,0,68.8,4111.35,0,3,0.016730093498851,0.0
2170,1,1,1,0,72,1,2,0,2,2,2,0,2,2,2,0,1,84.45,5899.85,0,3,0.0143114974961234,0.0
5658,1,0,1,0,8,1,0,1,2,0,0,0,0,0,0,0,2,75.0,632.95,1,0,0.1183058600836028,900.0
5940,0,0,0,0,62,1,2,0,0,2,2,2,2,2,2,0,0,84.5,5193.2,0,3,0.0162681452389203,0.0
2102,1,0,1,1,67,1,2,1,0,2,2,2,2,2,2,1,0,111.2,7530.8,0,3,0.0147640670224913,0.0
3538,1,0,0,0,6,1,0,0,0,0,0,0,0,0,0,0,2,44.75,270.95,1,0,0.1645523074094502,537.0
4422,0,0,1,1,70,1,2,0,2,0,0,2,2,2,2,1,0,80.6,5460.2,0,3,0.0147586611001245,0.0
4776,0,1,0,0,20,1,0,1,0,0,0,0,2,0,0,0,0,80.7,1614.2,0,1,0.049962852897474,0.0
4386,0,0,0,0,5,1,2,1,0,0,0,0,0,0,0,0,2,75.6,402.5,0,0,0.187360594795539,0.0
4238,0,0,1,1,24,0,1,0,2,2,2,0,2,2,1,0,2,57.6,1367.75,0,1,0.0420821917808219,0.0
3177,0,0,1,0,11,1,0,0,0,0,0,0,0,0,0,1,2,44.05,483.7,1,0,0.090880957293171,0.0
885,1,0,1,0,72,1,2,1,0,2,2,2,2,2,2,1,1,110.6,7962.2,0,3,0.0138888888888888,0.0
6885,0,0,1,1,66,1,0,0,2,2,0,2,0,0,2,1,1,58.2,3810.8,0,3,0.015268377144656,0.0
2254,0,0,1,1,45,1,0,0,2,0,2,2,2,2,2,1,3,81.0,3533.6,0,2,0.0229163130198608,0.0
29,0,0,1,1,69,1,0,2,1,1,1,1,1,1,2,0,0,19.7,1396.9,0,3,0.0140925674225624,0.0
6014,1,1,1,0,15,1,2,1,0,0,0,0,0,2,0,1,0,85.6,1345.55,1,1,0.0635698637258178,1027.1999999999998
3481,0,0,0,0,28,1,0,0,0,0,2,0,2,0,0,1,0,59.55,1646.45,0,2,0.0361467722844395,0.0
115,0,0,0,0,70,1,2,1,2,2,2,2,2,2,1,0,1,115.55,8127.6,1,3,0.014215240016731,1386.6
1260,0,0,0,0,36,1,0,0,2,2,2,2,0,2,1,1,3,75.55,2680.15,0,2,0.0281782071126195,0.0
2347,1,1,0,0,16,1,2,1,0,0,0,0,2,0,0,1,2,86.6,1281.0,1,1,0.0675507020280811,1039.1999999999998
5550,0,0,0,0,18,1,2,1,0,0,0,0,2,0,0,1,2,85.2,1553.9,1,1,0.0547945205479452,1022.4000000000001
4526,0,0,1,0,34,1,2,1,0,0,0,0,2,2,0,1,2,97.65,3207.55,1,2,0.0304343083324243,1171.8000000000002
2762,1,0,1,1,42,0,1,0,0,2,2,0,0,2,1,1,1,45.1,2049.05,0,2,0.0219994634277212,0.0
1132,1,0,0,0,48,1,2,0,2,0,0,2,0,2,1,1,0,70.95,3629.2,0,2,0.0195443777202358,0.0
4669,1,0,1,0,47,1,2,1,0,2,2,2,2,2,0,1,2,109.55,5124.55,1,2,0.0213733160343767,1314.6
6919,0,0,1,1,39,1,2,1,0,2,2,2,0,0,1,1,2,89.55,3474.45,1,2,0.0257664475103943,1074.6
3640,0,0,1,1,11,1,0,2,1,1,1,1,1,1,2,0,1,20.9,202.3,0,0,0.1028037383177569,0.0
6882,1,0,0,0,7,1,0,2,1,1,1,1,1,1,0,1,3,19.95,147.5,0,0,0.1343434343434343,0.0
6522,0,0,0,0,3,1,2,2,1,1,1,1,1,1,0,0,3,24.6,86.35,0,0,0.2816256439610761,0.0
1283,1,0,0,0,8,1,0,0,2,0,2,0,0,2,0,1,2,66.7,579.0,0,0,0.115,0.0
1171,1,0,0,1,1,1,0,2,1,1,1,1,1,1,0,1,3,19.45,19.45,1,0,0.9511002444987776,233.39999999999998
6310,1,0,1,1,32,1,0,1,2,2,2,0,0,2,1,0,3,94.8,3131.55,0,2,0.0302628848701537,0.0
2201,1,0,1,1,60,1,0,0,2,2,2,2,0,0,1,1,0,65.85,3928.3,0,3,0.0167587102028351,0.0
70,0,0,1,0,10,1,0,2,1,1,1,1,1,1,0,1,0,19.95,187.75,0,0,0.1056953642384106,0.0
3174,0,0,1,0,71,1,2,2,1,1,1,1,1,1,2,1,0,24.65,1710.15,0,3,0.014405516757736,0.0
24,0,0,1,1,4,1,0,2,1,1,1,1,1,1,0,0,3,20.35,76.35,1,0,0.2630898513251455,244.20000000000002
5111,0,1,0,0,1,1,0,1,0,0,0,0,0,0,0,1,2,69.25,69.25,1,0,0.9857651245551602,831.0
4732,0,0,1,1,43,0,1,0,2,2,0,2,2,0,1,1,0,51.25,2151.6,0,2,0.0238084177273994,0.0
3350,1,0,1,0,59,1,2,1,0,0,2,0,2,2,1,1,0,99.5,5961.1,1,3,0.0166887506080072,1194.0
4579,0,0,1,0,23,1,0,0,0,0,2,2,0,0,0,0,2,54.25,1221.55,0,1,0.0443744632121385,0.0
2742,0,0,1,0,72,1,0,2,1,1,1,1,1,1,2,0,0,19.4,1496.45,0,3,0.012955357440983,0.0
450,1,0,1,0,22,1,0,0,2,0,0,2,0,0,1,1,1,56.25,1292.2,0,1,0.0434967522424992,0.0
5326,0,0,0,0,1,0,1,0,0,0,0,0,0,0,0,1,3,25.15,25.15,0,0,0.9617590822179732,0.0
3247,1,0,0,0,69,1,2,2,1,1,1,1,1,1,2,0,0,23.95,1713.1,0,3,0.0139723470042587,0.0
74,1,0,0,0,50,0,1,0,2,0,0,2,0,0,1,1,3,35.4,1748.9,0,3,0.020229727412995,0.0
1202,0,1,0,0,1,0,1,0,0,0,0,0,0,0,0,1,2,25.2,25.2,1,0,0.9618320610687024,302.4
3258,1,0,0,0,2,1,0,0,0,0,0,0,0,0,0,1,3,45.0,96.45,1,0,0.4617752693689071,540.0
2617,0,0,1,0,15,1,0,1,0,2,0,0,0,0,0,0,0,75.35,1114.55,0,1,0.0675451570973959,0.0
4436,1,0,0,0,31,1,0,2,1,1,1,1,1,1,2,0,0,20.4,609.1,0,2,0.0334371414522209,0.0
1302,1,0,0,0,1,1,0,2,1,1,1,1,1,1,0,0,3,20.15,20.15,1,0,0.9527186761229316,241.79999999999998
2692,1,0,1,0,66,1,2,1,0,2,2,0,2,2,0,1,1,105.0,7133.25,1,3,0.0147177348705189,1260.0
6518,1,0,0,1,3,1,0,0,0,0,0,0,2,0,0,1,1,54.7,169.45,1,0,0.3209152244059842,656.4000000000001
1354,0,0,0,0,8,1,0,2,1,1,1,1,1,1,2,0,3,20.0,141.6,0,0,0.1402524544179523,0.0
5452,1,0,1,1,64,1,0,0,2,0,2,0,2,2,1,1,1,73.05,4688.65,0,3,0.0155768554156493,0.0
366,0,0,1,0,28,1,0,2,1,1,1,1,1,1,0,0,3,20.5,563.05,0,2,0.0363442957184646,0.0
1573,0,0,1,0,57,1,2,1,0,0,2,0,2,2,1,1,1,100.75,5985.0,0,3,0.0168309388573337,0.0
1963,0,0,1,1,14,1,2,1,0,0,2,0,0,2,0,1,2,87.25,1258.6,1,1,0.0692680215941568,1047.0
3880,1,0,0,0,19,1,0,2,1,1,1,1,1,1,2,1,3,19.95,373.5,0,1,0.0532710280373831,0.0
812,1,0,1,0,10,1,0,1,0,0,0,0,2,0,0,1,2,79.95,857.2,1,0,0.0931601025402004,959.4000000000001
1795,0,0,1,0,51,0,1,0,0,2,0,0,2,2,0,1,2,49.65,2553.35,0,3,0.0194374302660167,0.0
2870,0,0,1,0,67,1,2,0,2,2,2,0,0,0,2,0,3,65.65,4322.85,0,3,0.0151832279103114,0.0
5153,1,0,1,1,11,1,0,2,1,1,1,1,1,1,0,1,2,20.45,250.8,0,0,0.0812152501985702,0.0
5477,1,0,1,1,72,0,1,0,2,0,2,2,2,2,2,0,0,60.95,4549.05,0,3,0.0133954571927781,0.0
5020,1,0,1,1,66,1,0,2,1,1,1,1,1,1,1,1,2,20.35,1359.5,0,3,0.0149577361264241,0.0
6614,0,0,0,0,18,1,2,1,0,0,0,2,2,0,0,1,2,88.35,1639.3,1,1,0.0538620983966347,1060.1999999999998
3980,0,0,0,0,9,1,0,2,1,1,1,1,1,1,0,1,2,19.5,178.85,0,0,0.1084236864053377,0.0
111,0,0,0,0,9,1,2,1,0,0,0,0,0,0,0,1,1,75.2,633.85,0,0,0.1184531779160431,0.0
5063,1,0,1,0,48,1,2,1,2,2,2,0,2,2,0,1,0,111.45,5315.1,0,2,0.0209646169184176,0.0
6519,1,0,0,0,10,1,0,1,0,0,0,0,0,0,0,0,3,70.15,735.5,0,0,0.0952477936184657,0.0
5624,0,0,0,0,9,1,2,1,0,0,0,0,2,2,0,1,2,94.75,889.9,1,0,0.1063531260523066,1137.0
2662,0,1,0,0,13,1,2,1,0,0,0,0,2,2,0,1,2,95.05,1290.0,1,1,0.0736250968241673,1140.6
2267,1,0,0,0,4,1,2,1,0,2,0,0,0,0,0,0,2,78.45,330.05,1,0,0.2369732668781151,941.4000000000001
1754,1,0,0,0,4,1,0,1,0,0,0,0,0,0,0,1,2,70.2,237.95,1,0,0.2937853107344633,842.4000000000001
2146,0,0,1,0,72,1,2,0,2,2,2,2,2,2,2,0,0,92.0,6474.4,0,3,0.0142076165178985,0.0
733,0,0,1,1,51,1,0,0,2,2,2,2,2,2,2,0,1,85.5,4421.95,0,3,0.0193309894979595,0.0
5475,1,0,1,0,59,0,1,0,0,2,0,0,0,2,0,1,0,41.05,2452.7,1,3,0.0167298365733382,0.0
5145,1,0,1,0,10,1,2,1,0,0,0,0,2,0,0,1,2,85.6,813.85,1,0,0.1050500092041479,1027.1999999999998
2962,1,1,1,0,61,1,2,1,0,2,0,0,0,0,0,1,2,82.15,4904.85,0,3,0.01674531426766,0.0
4423,1,0,0,0,54,1,0,1,2,0,2,2,0,0,1,0,2,84.4,4484.05,0,3,0.0188180733771083,0.0
3884,0,0,0,0,33,1,2,0,2,2,0,0,0,0,0,1,3,60.9,2033.85,0,2,0.029928495957933,0.0
5372,0,0,0,0,27,1,0,2,1,1,1,1,1,1,2,1,0,20.25,538.2,0,2,0.0375556379821958,0.0
4643,0,1,0,0,1,1,0,1,0,0,0,0,2,0,0,1,2,79.2,79.2,1,0,0.9875311720698254,950.4000000000001
6883,1,0,0,0,23,1,0,1,0,2,0,0,2,2,0,0,3,95.3,2192.9,0,1,0.0434386252791831,0.0
2988,1,0,0,1,1,1,0,2,1,1,1,1,1,1,0,0,3,19.85,19.85,0,0,0.9520383693045564,0.0
6349,1,0,1,1,45,1,0,0,2,2,2,2,2,2,2,1,3,84.35,3858.05,0,2,0.0218577110946994,0.0
1239,0,0,1,1,39,1,0,2,1,1,1,1,1,1,2,1,0,19.85,854.8,0,2,0.0231946716522552,0.0
2204,1,0,0,0,5,1,0,0,0,0,2,0,2,2,1,1,3,70.0,347.4,1,0,0.200918484500574,840.0
2137,1,0,1,1,72,1,2,0,2,2,2,2,2,0,2,0,0,82.3,5815.15,0,3,0.0141502540340259,0.0
1150,0,0,1,1,58,1,2,0,0,2,0,0,2,0,0,1,0,66.8,3970.4,0,3,0.016820264893992,0.0
378,0,0,0,0,70,0,1,0,2,2,2,2,0,0,2,1,0,44.6,3058.15,0,3,0.0145792131801317,0.0
776,1,0,1,1,61,1,0,1,0,2,0,2,2,2,1,1,0,98.45,6145.2,0,3,0.0160180273990433,0.0
2600,1,0,0,0,2,1,0,1,0,0,0,0,0,0,0,0,3,70.7,129.2,0,0,0.5430107526881721,0.0
3156,0,0,1,1,46,1,2,2,1,1,1,1,1,1,1,0,3,24.95,1165.9,0,2,0.0213814379981146,0.0
2324,0,0,0,0,1,1,2,0,0,0,0,0,0,0,0,1,0,49.95,49.95,1,0,0.9803729146221786,599.4000000000001
3289,0,0,1,0,22,1,0,1,0,0,0,0,0,0,0,1,2,69.25,1554.0,1,1,0.0445337620578778,831.0
6624,0,0,0,0,48,1,0,1,2,0,2,2,2,2,2,1,1,102.5,4904.25,0,2,0.0208959787982263,0.0
5713,1,0,0,0,64,1,2,0,0,2,2,2,2,2,2,0,1,86.55,5632.55,0,3,0.0153633144287349,0.0
5450,1,0,1,1,72,1,2,2,1,1,1,1,1,1,2,0,0,24.3,1643.25,0,3,0.0147787745172571,0.0
6406,0,0,1,1,12,1,0,0,0,0,2,0,2,0,0,1,1,58.35,740.55,0,0,0.0786865349605556,0.0
6070,0,1,1,0,34,1,2,1,0,2,2,0,0,2,0,1,2,94.25,3217.55,1,2,0.0292833729474452,1131.0
5693,0,0,1,1,72,1,0,0,2,2,2,0,0,2,2,0,1,68.75,4888.2,0,3,0.01406160517058,0.0
6954,1,0,1,0,29,1,2,1,0,2,2,0,0,0,0,1,2,85.8,2440.25,0,2,0.0351459293394777,1029.6
1301,1,0,1,1,33,1,0,2,1,1,1,1,1,1,1,0,1,20.1,620.55,0,2,0.0323385085672914,0.0
1773,0,0,0,0,1,1,0,2,1,1,1,1,1,1,0,0,3,20.35,20.35,0,0,0.9531615925058547,0.0
1557,0,0,1,1,62,1,2,1,0,2,2,2,2,2,1,1,2,110.8,6840.95,0,3,0.0161942136379248,0.0
318,1,0,1,0,41,1,2,0,0,0,2,0,2,2,1,1,2,73.0,3001.2,1,2,0.0243155019652255,876.0
6691,0,0,0,0,64,1,2,1,0,0,2,0,2,2,1,1,1,100.05,6254.2,1,3,0.0159946924159099,1200.6
6140,0,0,0,0,4,1,0,1,0,0,2,0,0,2,0,1,1,82.85,319.6,0,0,0.2584217092950717,0.0
2487,0,0,0,0,24,1,2,1,2,0,0,2,0,0,0,1,2,84.35,1938.05,0,1,0.0435006833243082,0.0
2180,0,0,1,1,14,1,0,2,1,1,1,1,1,1,1,0,3,19.55,294.5,0,1,0.0661590524534687,0.0
5316,1,0,0,1,3,1,0,2,1,1,1,1,1,1,0,0,3,19.95,58.3,0,0,0.3364249578414839,0.0
3843,0,1,0,0,4,1,0,1,0,2,2,0,2,2,0,1,1,99.8,442.85,1,0,0.2248507378618902,1197.6
4415,0,0,0,1,18,0,1,0,0,0,0,0,0,2,0,1,2,35.0,553.0,1,1,0.0631768953068592,420.0
1632,1,0,0,0,8,1,0,0,0,0,0,0,2,2,0,1,2,66.25,546.45,0,0,0.1210156178646451,0.0
1323,0,0,0,0,35,1,2,2,1,1,1,1,1,1,2,0,0,23.3,797.1,0,2,0.0291943365493046,0.0
4931,0,0,0,0,1,1,2,1,0,0,0,0,0,0,0,0,2,76.0,76.0,1,0,0.987012987012987,912.0
6557,1,0,0,1,66,1,2,2,1,1,1,1,1,1,2,1,1,25.3,1673.8,0,3,0.0151062813470265,0.0
611,1,0,0,1,8,0,1,0,2,0,0,2,0,2,2,1,3,44.55,343.45,0,0,0.1293366236028451,0.0
4018,0,0,1,0,71,1,2,1,2,0,2,0,2,2,1,1,1,104.1,7412.25,0,3,0.0140424240380399,0.0
4226,0,0,1,1,43,1,2,1,0,0,2,0,0,2,0,1,0,92.55,4039.0,0,2,0.0229084158415841,0.0
4987,0,1,0,0,2,1,2,1,0,0,0,0,2,2,0,1,2,93.85,170.85,1,0,0.5461157986616235,1126.1999999999998
1854,1,1,0,0,29,1,0,1,0,2,2,0,2,2,0,1,0,101.45,2948.6,0,2,0.0343944941687008,0.0
5574,0,0,1,0,15,1,0,1,0,0,2,0,2,0,0,1,2,84.3,1308.4,1,1,0.0643806323506949,0.0
1231,1,0,1,1,65,1,2,1,2,2,2,2,0,0,2,0,1,94.55,6078.75,0,3,0.0155516263004235,0.0
3757,1,0,0,0,35,1,2,1,0,0,2,2,2,0,0,0,2,95.5,3418.2,0,2,0.0279305100608329,0.0
3704,1,0,0,0,64,1,0,1,2,2,0,0,2,2,1,1,1,100.3,6603.8,0,3,0.0151859253875968,0.0
3420,0,0,1,1,58,0,1,0,0,0,2,2,2,2,2,1,1,55.5,3166.9,0,3,0.0175194924082199,0.0
4002,0,1,0,0,18,1,0,0,0,2,0,0,0,0,0,1,1,49.85,865.75,0,1,0.0575137006057109,0.0
6563,1,0,1,1,67,1,2,1,0,2,0,0,0,2,0,1,0,89.55,6373.1,0,3,0.0140490422177248,0.0
2435,1,0,1,1,63,1,0,2,1,1,1,1,1,1,2,1,3,19.15,1177.05,0,3,0.0162556767539578,0.0
6205,0,0,1,0,60,1,2,1,0,2,0,0,2,2,0,1,2,99.8,5985.75,0,3,0.0166701465736835,0.0
3801,1,1,0,0,9,1,2,1,0,0,0,0,0,2,0,1,1,84.4,732.5,1,0,0.1150647580095433,1012.8000000000001
2714,0,0,1,1,70,1,2,1,2,2,2,2,2,2,2,1,1,113.05,7869.05,0,3,0.0143645847230957,0.0
466,1,0,1,0,15,1,2,1,0,0,2,0,2,2,0,1,2,101.1,1504.05,1,1,0.0671738480449154,1213.1999999999998
5342,0,0,0,1,48,1,0,2,1,1,1,1,1,1,1,0,3,19.95,936.7,0,2,0.0212754612349365,0.0
5024,1,0,1,0,12,1,0,0,0,0,2,2,2,2,0,1,2,74.15,741.4,0,0,0.0998787715517241,0.0
6176,1,1,1,0,71,1,2,1,2,2,2,2,0,0,1,1,2,92.0,6585.2,0,3,0.0139686010142419,0.0
4884,1,1,0,0,44,1,0,1,0,0,2,0,0,0,0,0,2,73.85,3122.4,0,2,0.0236441057821604,0.0
5505,1,0,0,0,1,1,2,0,0,0,0,0,0,0,0,1,2,50.45,50.45,1,0,0.9805636540330418,605.4000000000001
3243,1,0,1,1,45,1,2,2,1,1,1,1,1,1,2,0,3,24.45,1088.25,0,2,0.0224466375946752,0.0
4609,0,0,0,0,23,1,2,2,1,1,1,1,1,1,1,0,1,24.8,615.35,0,1,0.0402368783970146,0.0
4762,0,0,1,0,43,1,2,0,0,0,0,2,2,0,1,1,0,64.85,2908.2,0,2,0.0222913515743159,0.0
6370,1,0,0,0,35,1,0,2,1,1,1,1,1,1,0,0,0,20.75,739.9,0,2,0.0280064786070994,0.0
4559,1,0,1,0,9,1,0,0,2,2,0,2,2,0,0,1,3,68.95,593.85,0,0,0.1159115743464739,0.0
1078,1,0,0,0,12,1,2,1,0,0,0,2,2,2,0,1,3,99.95,1132.75,1,0,0.0881587651598677,1199.4
6376,0,1,1,0,65,1,2,1,2,2,2,0,2,2,0,1,1,109.4,7227.45,0,3,0.015134641589829,0.0
6709,0,0,0,0,2,1,2,1,0,0,2,0,2,0,0,1,2,91.4,193.6,1,0,0.4696813977389517,1096.8000000000002
1135,1,0,0,0,27,1,2,0,0,0,0,0,0,0,0,0,3,49.0,1291.35,0,2,0.0379154253878593,0.0
4077,0,0,0,0,40,1,0,0,0,0,2,0,0,0,1,1,3,50.25,2023.55,0,2,0.0248203304438023,0.0
340,0,1,0,0,5,1,0,1,0,0,2,0,0,0,0,1,1,75.55,349.65,1,0,0.2154570084129473,906.5999999999999
5447,1,0,1,1,8,1,0,2,1,1,1,1,1,1,1,0,1,19.9,153.95,0,0,0.1284285253307518,0.0
1701,0,1,1,0,58,1,2,1,0,2,0,0,2,2,1,1,0,97.8,5458.8,0,3,0.0179127440565588,0.0
2269,0,0,1,1,52,1,0,1,2,0,2,0,2,2,1,0,2,100.3,5244.45,0,3,0.0191213337273255,0.0
5010,1,0,1,0,3,1,0,0,0,0,2,2,0,0,0,1,3,55.8,154.55,0,0,0.3587270973963355,0.0
3907,1,0,0,1,41,1,0,1,2,2,2,2,2,2,2,1,2,111.15,4507.15,0,2,0.0246553464281357,0.0
2242,1,0,0,0,20,1,2,1,0,0,0,2,2,2,0,1,3,98.55,2031.95,0,1,0.0484763520991662,1182.6
5978,1,0,0,1,1,1,2,0,0,0,0,0,0,0,0,1,2,50.05,50.05,0,0,0.980411361410382,600.5999999999999
2041,1,0,0,1,4,1,2,1,0,0,0,2,0,0,0,0,1,80.8,332.45,1,0,0.2423151896836107,969.5999999999999
2049,1,0,0,0,23,1,0,2,1,1,1,1,1,1,0,0,2,20.85,473.9,0,1,0.0439039797852179,0.0
4821,0,1,0,0,6,1,0,2,1,1,1,1,1,1,0,0,0,19.5,106.8,0,0,0.1808905380333952,0.0
1181,1,0,1,1,8,1,0,2,1,1,1,1,1,1,0,1,3,19.35,152.6,0,0,0.1259765625,0.0
4877,1,0,0,0,18,1,2,0,2,0,2,0,2,0,0,0,3,69.5,1199.4,0,1,0.0578973675441519,0.0
130,1,1,0,0,52,0,1,0,2,0,0,0,2,2,0,1,1,48.8,2555.05,0,3,0.0190919582950255,0.0
4164,1,0,0,0,31,1,0,1,0,2,0,0,2,2,0,1,2,94.5,2979.2,0,2,0.0317092812562915,0.0
6120,1,0,1,1,29,1,0,2,1,1,1,1,1,1,0,1,3,20.65,654.85,0,2,0.0314858580468094,0.0
1107,0,0,1,0,36,1,2,1,2,2,2,2,0,2,2,1,1,106.05,3834.4,0,2,0.0276503102675079,0.0
2422,0,0,1,0,16,1,2,1,0,2,0,0,2,2,0,1,2,100.0,1534.75,1,1,0.0651147647729122,1200.0
4503,1,0,1,0,42,1,2,1,0,0,2,2,2,2,1,1,2,108.3,4586.15,0,2,0.0236094306922599,0.0
5595,1,0,0,0,1,1,0,2,1,1,1,1,1,1,0,0,2,20.55,20.55,1,0,0.9535962877030162,0.0
2134,0,0,0,0,60,1,0,1,0,2,2,0,2,2,2,1,2,99.65,5941.05,0,3,0.0167703065440378,0.0
2042,1,0,0,0,5,1,2,1,0,2,2,0,0,0,0,1,2,85.3,424.15,1,0,0.2006350699753028,1023.5999999999999
4412,1,0,1,0,22,1,2,1,2,0,0,2,2,0,0,0,1,95.9,2234.95,0,1,0.0428900467362865,0.0
6914,1,0,1,0,36,1,0,2,1,1,1,1,1,1,1,0,3,20.0,666.75,0,2,0.0299513290902283,0.0
3334,0,0,0,0,4,1,0,1,0,0,0,0,0,0,0,0,2,70.4,281.0,1,0,0.249645390070922,844.8000000000001
2984,1,0,0,0,9,1,0,0,2,0,0,2,0,2,0,0,3,64.95,547.8,0,0,0.1183491253644315,0.0
1261,1,0,1,1,1,1,0,1,0,2,0,0,0,0,0,0,1,74.6,74.6,0,0,0.9867724867724867,0.0
5820,1,0,1,1,12,1,0,0,2,0,0,0,0,0,0,1,2,49.2,571.15,0,0,0.0859914358122869,0.0
6324,0,0,0,0,23,1,2,0,0,0,0,2,2,2,1,1,3,73.75,1756.6,0,1,0.0419606281292671,0.0
6652,1,0,0,0,62,1,2,1,2,2,0,0,0,2,1,1,0,92.3,5731.45,0,3,0.0161013179356121,0.0
3833,1,0,0,0,37,1,2,1,0,0,0,2,2,2,0,0,0,98.8,3475.55,1,2,0.0284189785850915,1185.6
4945,0,0,0,0,8,1,0,2,1,1,1,1,1,1,0,0,3,19.2,156.85,0,0,0.1216344630978777,0.0
6873,1,0,1,0,31,1,2,1,0,0,2,0,2,0,0,0,1,88.65,2683.2,0,2,0.0330266001043141,0.0
6529,1,0,1,1,13,1,2,1,0,0,0,0,0,0,0,1,1,74.4,896.75,1,1,0.0828738512949039,892.8000000000001
5026,0,0,0,0,24,1,2,1,0,0,2,0,2,2,0,1,2,98.75,2407.3,1,1,0.0410040277374081,1185.0
6668,1,0,1,1,45,1,2,1,0,2,2,0,0,2,0,1,0,95.95,4456.65,0,2,0.0215247944544771,0.0
4285,0,1,1,0,69,1,2,1,0,2,0,2,2,2,2,0,1,105.4,6998.95,0,3,0.0150572504089314,0.0
3567,1,0,0,0,2,1,0,2,1,1,1,1,1,1,0,0,3,20.25,36.8,0,0,0.5357142857142858,0.0
3879,1,0,1,1,61,1,2,1,2,2,0,0,2,2,1,1,2,106.0,6547.7,1,3,0.0161864186785163,1272.0
6937,1,0,0,0,41,1,2,1,0,2,2,0,2,2,0,1,2,104.7,4346.4,1,2,0.0240833601692965,1256.4
4443,0,0,0,0,44,0,1,0,0,0,2,0,2,2,1,1,2,49.05,2265.0,0,2,0.0216460723742277,0.0
6277,1,0,0,0,39,0,1,0,0,0,2,2,0,0,1,0,3,35.55,1309.15,0,2,0.0271342975995115,0.0
6503,1,0,1,1,72,0,1,0,2,2,2,2,2,2,2,1,1,65.1,4754.3,0,3,0.0136899880133745,0.0
6533,0,1,0,0,13,1,0,1,0,0,2,0,2,2,0,1,2,96.85,1235.55,0,1,0.0783227528203469,0.0
509,0,0,1,1,51,1,0,0,2,2,0,2,0,2,1,1,1,69.75,3562.5,0,3,0.019573453065806,0.0
1566,0,1,1,0,71,1,0,1,0,2,2,0,2,2,2,1,2,99.2,7213.75,0,3,0.0137496101736026,0.0
6900,1,1,0,0,22,1,2,1,0,0,0,0,2,2,0,1,2,96.7,2082.95,1,1,0.0464022649295808,1160.4
3694,0,0,0,0,2,1,0,0,0,2,0,2,0,0,0,1,1,55.05,102.75,1,0,0.5306024096385542,660.5999999999999
3545,0,0,0,0,56,1,2,1,0,2,2,0,2,2,1,1,2,106.8,5914.4,0,3,0.0180545694289481,0.0
6126,1,0,0,0,1,1,0,0,2,0,0,0,0,0,0,0,3,51.25,51.25,0,0,0.9808612440191388,0.0
4627,0,0,1,1,23,1,0,0,2,2,0,2,0,0,1,1,3,57.75,1282.85,0,1,0.0449818904077579,0.0
5678,0,1,1,0,66,1,2,0,0,2,2,0,2,0,1,1,0,70.85,4738.85,0,3,0.0149477304134097,0.0
6059,0,0,0,0,1,1,0,2,1,1,1,1,1,1,0,0,3,19.55,19.55,0,0,0.951338199513382,0.0
2270,1,1,0,0,19,1,2,1,0,2,0,0,2,0,0,1,2,88.2,1775.8,1,1,0.04963980189104,1058.4
4542,1,0,0,0,11,1,0,1,2,0,2,0,0,0,0,1,0,79.5,795.65,0,0,0.0997928826962907,0.0
1826,0,0,1,1,8,1,0,2,1,1,1,1,1,1,1,1,3,19.75,145.0,1,0,0.1352739726027397,237.0
3110,0,0,1,1,52,1,2,1,2,2,2,0,0,2,0,0,0,98.15,4993.4,0,3,0.0196520102514816,0.0
2230,1,0,0,0,3,1,0,2,1,1,1,1,1,1,0,1,2,20.25,61.45,0,0,0.3242594075260208,0.0
2177,0,0,1,1,51,1,0,1,2,2,0,0,0,0,0,1,0,79.15,4018.55,0,3,0.0196912589717754,0.0
359,1,1,0,0,15,1,2,1,0,0,0,0,0,0,0,0,2,75.65,1146.65,1,1,0.0659173092841894,907.8000000000001
1173,1,1,1,0,64,1,2,1,0,2,2,0,0,2,0,1,2,94.25,6081.4,0,3,0.0154955280810206,0.0
5001,0,0,0,0,37,0,1,0,0,0,2,0,0,2,0,1,1,40.2,1478.85,0,2,0.0271649153630435,0.0
3524,1,0,0,0,13,1,0,2,1,1,1,1,1,1,2,0,3,19.95,243.65,0,1,0.0815450643776824,0.0
4050,1,0,1,0,49,1,2,0,2,0,0,0,0,0,1,1,2,55.35,2633.95,0,3,0.0210060911971764,0.0
323,0,1,0,0,45,1,2,1,0,0,2,0,2,2,1,1,0,102.15,4735.35,0,2,0.0215672405966619,0.0
1203,0,0,0,0,18,1,0,1,0,0,0,0,0,0,0,1,2,71.1,1247.75,0,1,0.0569369369369369,0.0
3717,1,1,0,0,1,1,2,1,0,0,0,0,0,0,0,1,2,74.7,74.7,1,0,0.9867899603698812,896.4000000000001
6227,1,0,1,0,68,0,1,0,2,0,2,0,2,2,2,1,0,54.1,3794.5,0,3,0.0142537215123172,0.0
5260,1,0,0,0,54,1,0,2,1,1,1,1,1,1,2,0,1,19.65,1008.7,0,3,0.0194612261067643,0.0
1933,0,1,1,1,23,1,0,1,0,2,2,0,0,2,0,1,0,88.45,2130.55,0,1,0.0414956252492317,0.0
746,1,0,0,0,17,1,0,1,0,0,2,0,0,0,0,1,2,76.65,1313.55,1,1,0.0583089270092427,919.8000000000001
5597,1,0,1,0,71,1,2,0,2,2,2,2,0,2,2,0,1,80.4,5727.15,0,3,0.0140359452877456,0.0
7017,0,0,1,1,67,1,0,2,1,1,1,1,1,1,2,1,0,19.25,1372.9,0,3,0.0140112089671737,0.0
6546,0,0,1,1,14,1,2,1,0,0,0,0,2,0,0,1,2,84.8,1203.9,0,1,0.0703792845879326,0.0
451,0,1,0,0,1,0,1,0,0,0,0,0,0,0,0,1,3,25.8,25.8,1,0,0.9626865671641792,309.6
4092,0,0,0,1,63,1,0,2,1,1,1,1,1,1,2,0,1,19.5,1215.1,0,3,0.0160348655538195,0.0
1289,0,0,0,0,41,1,2,0,0,0,2,2,0,2,1,1,2,68.6,2877.05,0,2,0.0238355831205156,0.0
4385,0,0,1,0,17,1,2,1,0,0,0,0,2,2,0,0,2,92.6,1579.7,0,1,0.0585816410451065,0.0
2022,1,0,1,0,56,1,2,1,2,0,0,0,2,2,1,1,2,100.55,5514.95,0,3,0.0182289542145958,0.0
1290,0,0,0,0,5,1,0,2,1,1,1,1,1,1,0,0,1,20.55,96.1,0,0,0.2116374871266735,0.0
5589,0,0,0,0,2,0,1,0,2,2,0,0,0,2,0,1,2,42.6,72.4,1,0,0.5803814713896458,511.20000000000005
4378,0,0,1,0,3,1,0,2,1,1,1,1,1,1,0,1,3,19.6,55.25,0,0,0.3484444444444444,0.0
6482,1,0,0,0,37,1,2,0,2,2,2,2,0,0,1,0,2,67.45,2443.3,0,2,0.0275948124207339,0.0
4073,0,0,0,0,29,1,0,0,2,2,2,0,0,2,0,1,0,68.85,1970.5,1,2,0.0349226477301547,826.1999999999999
6551,1,0,0,0,8,1,0,0,0,0,0,0,0,0,0,0,3,43.55,335.4,0,0,0.1294589774078478,0.0
1126,0,0,0,0,63,1,2,1,0,2,2,2,2,2,0,1,1,109.85,7002.95,0,3,0.0156840068818309,0.0
2097,0,0,1,1,7,1,0,2,1,1,1,1,1,1,0,0,3,20.65,158.95,0,0,0.1291028446389496,0.0
2070,0,0,0,0,3,1,0,1,0,2,0,0,2,2,0,0,2,95.4,293.15,0,0,0.3243243243243243,0.0
438,1,0,1,1,72,1,0,2,1,1,1,1,1,1,2,0,0,21.0,1493.75,0,3,0.0140491721023582,0.0
5743,0,0,0,0,19,1,0,0,0,0,0,0,0,2,0,1,2,56.2,1093.4,0,1,0.0513523391812865,0.0
6862,0,0,1,0,59,1,0,2,1,1,1,1,1,1,2,0,0,18.4,1057.85,0,3,0.0173773433441941,0.0
2584,1,0,1,1,2,1,0,1,0,0,2,2,0,2,0,0,1,90.0,190.05,1,0,0.4710808688824914,1080.0
5044,0,0,1,1,35,1,2,2,1,1,1,1,1,1,0,1,2,25.75,882.55,0,2,0.0291437949182276,0.0
3433,1,0,0,0,14,1,0,2,1,1,1,1,1,1,0,0,1,19.6,300.4,0,1,0.0650298606502986,0.0
6015,0,0,0,0,14,1,0,1,0,0,2,0,0,0,0,0,2,75.35,1025.95,1,1,0.0733726082087735,0.0
5584,0,0,1,1,69,1,0,2,1,1,1,1,1,1,2,0,1,19.8,1436.95,0,3,0.0137696025591988,0.0
5602,1,1,1,0,7,1,2,0,2,2,0,2,0,0,0,0,2,64.2,475.0,0,0,0.1348739495798319,0.0
1993,1,0,1,1,69,1,0,0,2,2,2,2,2,0,2,1,0,75.75,5388.15,0,3,0.0140560199660428,0.0
1419,0,0,1,1,72,1,2,0,0,2,0,2,2,2,2,1,2,78.95,5730.15,0,3,0.0137755947759175,0.0
4472,1,0,0,0,8,1,2,1,0,2,0,0,2,2,0,0,2,100.85,819.55,1,0,0.1229053683504966,1210.1999999999998
3570,0,0,1,1,4,1,0,0,2,0,0,0,0,0,0,0,2,50.3,217.1,0,0,0.2306281522237505,0.0
1918,1,0,1,1,63,1,0,1,0,2,2,0,0,0,0,1,1,80.3,4896.35,0,3,0.016396622663277,0.0
1665,1,0,0,0,72,1,0,2,1,1,1,1,1,1,2,0,0,19.85,1434.1,0,3,0.0138317887255243,0.0
6890,0,0,0,0,46,1,0,2,1,1,1,1,1,1,2,1,2,21.1,937.1,0,2,0.0224922716128344,0.0
216,0,0,1,0,5,1,0,1,0,0,0,0,0,0,0,0,2,69.95,330.15,1,0,0.2112335799486637,839.4000000000001
2663,1,0,1,0,30,1,0,0,0,0,2,0,0,0,0,1,3,50.0,1474.9,0,2,0.0338776339860424,0.0
3673,1,0,0,0,63,1,2,1,0,2,2,0,2,2,2,1,0,104.75,6536.5,0,3,0.0160229445506692,0.0
5051,0,0,0,0,60,1,0,2,1,1,1,1,1,1,2,0,0,19.85,1128.1,0,3,0.0175803737490036,0.0
1997,0,0,1,0,63,1,2,1,0,2,2,0,2,2,1,1,2,107.5,6873.75,1,3,0.0156369322520818,1290.0
3916,1,0,1,1,25,1,0,1,0,0,0,2,2,0,0,0,2,85.9,2199.05,0,2,0.0390445671689279,0.0
2961,1,0,0,0,1,1,0,0,0,0,0,0,0,0,0,1,3,45.85,45.85,1,0,0.9786552828175028,0.0
7006,1,1,1,0,6,1,2,1,0,0,2,0,0,0,0,1,2,80.8,457.1,0,0,0.1763807029032962,0.0
4612,1,0,0,0,22,1,2,2,1,1,1,1,1,1,2,0,3,25.25,566.5,0,1,0.0444933920704845,0.0
1536,0,0,1,1,31,1,2,0,0,2,0,2,2,2,2,0,0,80.55,2471.6,0,2,0.0325770444066974,0.0
5509,0,0,1,1,39,1,0,1,0,0,2,2,0,0,0,1,0,81.5,3107.3,0,2,0.0262201203230061,0.0
6545,1,0,0,0,26,1,0,2,1,1,1,1,1,1,0,0,3,20.9,518.3,0,2,0.0402464856537646,0.0
6791,0,0,1,0,53,1,0,1,2,2,2,0,2,2,1,1,0,106.1,5769.75,1,3,0.0183858250660659,1273.1999999999998
2222,0,0,0,0,1,1,0,1,0,2,0,2,2,0,0,0,2,91.7,91.7,1,0,0.989212513484358,1100.4
3260,1,0,0,0,12,1,2,0,2,2,0,2,0,0,0,1,2,67.25,832.3,0,0,0.0807032281291251,0.0
436,0,0,0,0,16,1,2,1,0,2,2,0,0,2,0,1,1,95.6,1555.65,1,1,0.0614139337680274,1147.1999999999998
6904,0,0,0,0,2,1,0,2,1,1,1,1,1,1,0,0,3,20.35,45.3,0,0,0.439524838012959,0.0
5205,1,0,0,1,39,0,1,0,2,0,0,2,2,0,1,0,0,45.05,1790.6,0,2,0.0251451216789461,0.0
793,1,0,0,0,1,1,2,1,0,0,0,0,0,0,0,1,2,74.95,74.95,1,0,0.9868334430546412,899.4000000000001
5862,0,0,1,1,7,0,1,0,2,0,0,2,0,0,0,0,3,34.65,246.6,0,0,0.1399434571890145,0.0
2249,1,1,0,0,4,1,0,1,0,0,0,0,0,0,0,0,2,69.35,261.65,0,0,0.2640395964210927,832.1999999999999
1821,1,1,0,0,10,1,2,1,0,0,0,0,2,2,0,1,2,95.35,898.35,1,0,0.1060210151776282,1144.1999999999998
4938,0,0,0,0,55,1,0,1,0,2,2,0,0,0,0,1,2,81.55,4509.5,0,3,0.0180800354727857,0.0
3328,1,0,1,1,72,1,0,0,0,2,2,0,2,2,2,1,0,75.4,5480.25,0,3,0.0137559863169897,0.0
989,0,0,1,0,10,1,0,0,0,0,2,0,2,2,0,1,1,67.8,653.15,0,0,0.1036459527631277,0.0
2295,1,1,0,0,11,1,2,1,0,2,2,2,2,2,0,1,2,111.4,1183.05,0,0,0.0940838647016595,0.0
543,0,0,1,1,15,1,0,0,0,0,0,0,0,0,0,0,2,46.3,639.45,0,1,0.072292919041299,0.0
2136,0,0,1,1,23,1,0,2,1,1,1,1,1,1,2,0,0,20.4,478.75,0,1,0.0425221469515372,0.0
1936,1,0,0,1,1,1,0,2,1,1,1,1,1,1,0,0,3,20.05,20.05,0,0,0.9524940617577196,0.0
5446,0,1,0,0,3,1,0,0,0,0,0,0,0,0,0,0,2,45.0,127.1,1,0,0.351288056206089,540.0
3525,1,0,1,1,47,1,0,1,2,2,2,0,0,2,1,1,2,96.1,4391.45,0,2,0.0218784505230566,0.0
3766,0,0,0,1,15,1,0,2,1,1,1,1,1,1,1,0,3,19.65,270.6,0,1,0.0723490427098674,0.0
1346,1,0,0,0,66,1,0,1,0,2,2,0,2,2,0,0,2,99.5,6710.5,1,3,0.0148252998584519,1194.0
677,0,1,1,0,68,1,0,0,0,2,2,2,0,0,1,1,0,60.65,3975.9,0,3,0.0152505720536095,0.0
6512,0,0,1,1,17,1,0,1,0,0,2,2,2,2,1,0,0,98.6,1704.95,1,1,0.0577977080219232,1183.1999999999998
823,0,0,0,0,7,1,0,0,0,0,0,2,2,0,0,1,3,59.5,415.95,1,0,0.1427029619858496,714.0
6596,1,1,1,0,12,1,0,1,0,0,0,0,0,2,0,1,2,80.45,950.2,1,0,0.0845773759461732,965.4000000000001
5045,0,1,1,0,21,1,2,0,0,2,2,0,0,2,1,0,0,71.7,1497.05,0,1,0.0478622208871533,0.0
1906,1,0,0,0,21,0,1,0,0,2,0,2,0,0,0,1,3,36.0,780.15,0,1,0.0460858989950713,0.0
3604,0,0,1,1,56,1,2,0,2,0,0,0,2,0,1,0,0,65.2,3512.15,0,3,0.0185588432033929,0.0
1872,0,0,1,1,6,1,2,0,0,0,0,0,0,0,0,1,1,48.95,273.25,0,0,0.1784867821330902,0.0
6968,0,1,0,0,65,0,1,0,0,2,2,0,2,2,2,1,0,53.5,3517.9,0,3,0.015203614765978,0.0
3142,1,0,1,0,42,1,2,0,2,0,0,2,2,2,1,0,1,80.45,3375.9,0,2,0.0238236252183955,0.0
2645,0,0,1,1,68,1,2,1,2,0,2,2,2,2,2,1,0,109.05,7508.55,0,3,0.0145215092781857,0.0
4195,1,0,1,1,48,1,2,2,1,1,1,1,1,1,2,0,0,26.3,1245.05,0,2,0.0211066971630351,0.0
5780,0,1,0,0,50,1,2,1,0,2,0,2,2,2,1,1,2,106.8,5347.95,0,3,0.0199665354882733,0.0
5212,0,1,0,0,7,1,0,0,0,2,2,0,2,0,0,1,2,64.95,493.65,0,0,0.1313049631052259,0.0
5422,0,0,1,1,63,1,0,2,1,1,1,1,1,1,2,0,2,19.35,1263.85,0,3,0.0152982567102818,0.0
5856,1,0,0,0,17,1,0,2,1,1,1,1,1,1,0,0,1,21.1,385.55,0,1,0.0545854352606389,0.0
5936,0,0,1,1,42,1,0,1,0,0,0,0,2,0,0,1,1,77.95,3384.0,1,2,0.0230280649926144,935.4000000000001
420,1,0,1,1,4,1,0,2,1,1,1,1,1,1,0,0,3,18.85,84.2,0,0,0.221244131455399,0.0
4592,0,0,0,1,62,1,2,2,1,1,1,1,1,1,2,0,0,26.0,1638.7,0,3,0.0158565591266695,0.0
1898,1,1,0,0,2,1,0,1,0,2,0,0,0,0,0,1,2,74.7,165.4,1,0,0.4489182692307692,896.4000000000001
5195,0,0,1,0,2,1,0,1,0,0,0,0,0,0,0,1,2,70.35,120.25,0,0,0.5802061855670103,0.0
3779,1,0,1,0,48,1,2,1,2,2,2,0,2,0,2,1,0,96.9,4473.45,0,2,0.0216562929522064,0.0
5337,1,0,1,0,27,1,0,2,1,1,1,1,1,1,2,0,0,19.55,520.55,0,2,0.0374844214361039,0.0
4102,0,0,1,1,70,1,0,0,0,2,2,2,2,2,2,1,0,80.4,5717.85,0,3,0.0140587705570175,0.0
2132,1,1,0,0,1,1,2,1,0,0,2,0,2,0,0,1,2,88.8,88.8,1,0,0.9888641425389756,1065.6
2027,1,0,1,0,46,1,2,1,0,2,2,0,2,0,1,1,2,94.65,4312.5,0,2,0.0219427379158456,0.0
4273,1,0,0,0,30,1,0,1,0,0,0,0,2,2,0,1,2,90.25,2755.35,1,2,0.0327425762330618,1083.0
5274,0,0,0,0,15,1,2,0,2,0,0,0,0,2,0,1,0,64.65,994.55,1,1,0.0649389784541208,775.8000000000001
4437,1,0,1,1,69,1,2,1,0,2,2,0,2,0,1,0,1,95.75,6511.25,0,3,0.0147030596184114,0.0
5623,1,0,0,0,65,1,0,2,1,1,1,1,1,1,2,1,1,19.55,1218.65,0,3,0.0160291887016767,0.0
4515,1,1,1,1,72,1,0,1,2,0,2,2,2,2,2,1,1,104.1,7447.7,0,3,0.0139755930565065,0.0
2909,1,1,1,0,13,1,0,1,0,2,0,2,0,2,0,1,0,89.05,1169.35,1,1,0.0760883496389968,1068.6
1643,1,0,0,0,17,1,0,2,1,1,1,1,1,1,1,1,3,20.1,279.5,0,1,0.0716577540106952,0.0
2501,1,0,1,0,51,1,2,1,2,0,2,2,2,2,1,1,2,111.55,5720.35,0,3,0.0194971466524509,0.0
2368,1,0,1,1,51,1,0,0,2,2,0,2,0,0,2,0,1,60.5,3121.45,0,3,0.0193758106614997,0.0
1324,0,0,1,0,72,1,2,0,2,2,2,2,2,2,2,1,0,90.95,6468.6,0,3,0.0140580561394831,0.0
2155,1,0,1,1,67,1,2,1,0,2,2,0,0,0,1,0,2,87.4,5918.8,1,3,0.0147640122977127,1048.8000000000002
2351,1,0,0,0,34,1,0,2,1,1,1,1,1,1,0,0,3,19.7,675.6,0,2,0.0291161690806976,0.0
2684,1,0,1,0,67,0,1,0,2,2,0,2,0,2,2,1,0,50.95,3521.7,0,3,0.0144633377806795,0.0
1935,0,0,1,0,49,1,0,2,1,1,1,1,1,1,1,1,0,20.05,923.1,0,3,0.0216967860621144,0.0
4614,1,0,1,1,53,1,0,2,1,1,1,1,1,1,2,1,3,19.4,1110.35,0,3,0.017456246906915,0.0
3478,1,0,0,0,27,1,2,0,0,0,2,2,0,0,0,0,2,59.45,1611.65,0,2,0.0368647877716801,0.0
5679,0,1,0,0,23,1,0,1,0,2,0,0,2,2,0,1,2,94.75,2293.6,1,1,0.0412926000174322,1137.0
4189,1,0,0,0,69,1,2,0,2,2,2,2,0,2,2,1,1,81.5,5553.25,0,3,0.0146734482603411,0.0
4264,0,0,1,1,2,0,1,0,0,0,0,2,0,0,0,0,0,29.05,44.75,0,0,0.6349726775956285,0.0
4497,0,0,0,0,35,1,2,1,0,0,0,0,2,0,0,1,2,86.45,3029.1,1,2,0.028530411537573,1037.4
1621,0,0,1,0,46,1,0,0,2,2,0,2,0,2,1,0,3,70.6,3231.05,0,2,0.0218437214770811,0.0
4277,0,0,0,0,54,1,2,1,0,2,0,0,2,2,2,1,0,97.2,5129.45,0,3,0.0189457065169721,0.0
2030,0,0,1,0,56,1,2,1,0,2,0,0,2,2,1,1,2,98.25,5508.35,1,3,0.0178333197201121,1179.0
868,0,0,1,0,9,1,0,1,0,0,2,0,0,0,0,1,0,75.75,655.9,1,0,0.1153143553052215,909.0
6678,1,0,0,0,20,1,2,0,2,0,0,2,0,0,0,0,0,59.2,1191.2,0,1,0.0496560979701392,0.0
3544,1,0,0,0,11,1,0,1,0,2,0,0,0,0,0,1,3,75.9,866.4,0,0,0.0875028821766197,0.0
4439,0,1,1,0,30,1,2,1,0,2,0,0,2,0,0,1,2,90.05,2627.2,0,2,0.0342629936838901,0.0
2463,1,0,1,0,68,1,0,0,2,2,2,0,0,2,2,0,0,70.95,4741.45,0,3,0.0149606216196269,0.0
1672,1,1,1,0,38,1,2,1,0,2,2,0,2,2,0,1,2,102.6,4009.2,0,2,0.0255847588648945,0.0
2965,0,1,1,0,17,1,2,1,2,0,2,0,0,0,0,1,0,85.35,1463.45,1,1,0.0582812660043019,1024.1999999999998
1278,1,0,0,0,48,1,2,1,0,2,2,0,2,2,1,1,1,106.1,5082.8,1,2,0.0208702151933592,0.0
1022,0,0,0,0,1,1,0,0,0,0,0,0,0,0,0,0,2,43.8,43.8,0,0,0.9776785714285714,0.0
7031,1,0,1,1,63,0,1,0,2,2,2,0,2,2,2,0,2,59.0,3707.6,0,3,0.0159089683438494,0.0
2078,0,0,0,0,3,1,0,0,0,0,2,0,2,2,1,1,2,69.95,220.45,0,0,0.3158726574847595,0.0
945,0,0,0,0,48,1,2,2,1,1,1,1,1,1,1,0,0,24.35,1133.7,0,2,0.0214594165858817,0.0
3516,1,0,0,0,66,0,1,0,0,0,0,2,0,0,1,0,1,29.45,1983.15,0,3,0.0148426278255172,0.0
6267,0,0,1,1,68,1,2,1,0,2,2,0,0,0,2,1,1,84.4,5746.75,0,3,0.0146840067852638,0.0
3273,1,1,0,0,17,1,0,0,0,0,0,0,0,0,0,1,2,45.05,770.6,1,1,0.0583851736651114,540.5999999999999
1614,0,0,1,1,7,1,0,2,1,1,1,1,1,1,1,0,3,20.65,134.05,0,0,0.1529063309885227,0.0
4227,1,0,1,0,72,1,2,0,2,2,2,2,2,2,2,1,0,87.1,6230.1,0,3,0.013978270289355,0.0
1035,0,0,1,0,29,1,0,2,1,1,1,1,1,1,0,0,3,19.85,573.05,0,2,0.0345788694364602,0.0
6643,1,0,1,0,37,1,0,1,0,0,2,2,0,2,0,1,2,90.35,3419.3,0,2,0.0264158114785252,0.0
2323,0,0,0,0,34,1,2,1,2,2,2,0,2,2,0,1,3,109.8,3587.25,1,2,0.0305998745906779,1317.6
6663,0,1,0,0,42,1,2,1,0,0,0,0,2,0,0,1,2,84.65,3541.35,1,2,0.0238965658390616,0.0
1764,0,0,1,1,59,1,2,0,2,2,0,2,0,0,1,0,3,65.5,3801.3,0,3,0.0172264155905636,0.0
3859,1,0,1,1,11,1,0,1,0,0,0,0,2,0,0,1,0,79.5,868.5,1,0,0.0914318573893041,954.0
5259,1,1,1,1,60,1,2,1,2,0,0,0,0,0,0,1,2,80.95,4859.1,0,3,0.0166560358840353,0.0
1966,0,0,0,0,27,1,0,0,0,2,0,2,0,0,0,1,3,56.15,1439.35,0,2,0.0389835803797688,0.0
2116,0,0,0,0,1,1,2,1,0,0,0,0,0,2,0,0,3,85.8,85.8,1,0,0.988479262672811,1029.6
6043,1,1,0,0,1,1,0,1,0,0,0,0,2,0,0,1,2,79.1,79.1,1,0,0.9875156054931336,949.1999999999999
2301,1,0,1,0,17,0,1,0,2,0,2,0,0,0,0,0,3,34.4,592.75,0,1,0.0579368421052631,0.0
4690,1,0,1,0,58,1,0,2,1,1,1,1,1,1,2,0,3,20.75,1185.95,0,3,0.0174817810354269,0.0
2056,1,0,1,1,1,1,0,2,1,1,1,1,1,1,1,0,3,18.8,18.8,0,0,0.9494949494949496,0.0
5634,0,0,1,1,3,1,0,0,0,0,0,0,0,0,0,0,3,44.3,134.5,1,0,0.3269372693726937,531.5999999999999
5806,0,0,0,0,53,1,2,1,2,2,2,0,0,0,0,0,2,90.8,4921.2,0,3,0.0184470358782658,0.0
2913,1,0,0,0,35,1,2,2,1,1,1,1,1,1,0,1,2,25.6,901.25,0,2,0.028373510667775,0.0
847,1,0,1,1,50,1,2,1,2,0,2,0,2,2,0,0,1,105.95,5341.8,1,3,0.0198304259938608,1271.4
2436,1,0,1,1,68,1,2,0,0,2,0,2,0,2,2,0,1,70.8,4859.95,0,3,0.0145650541560806,0.0
803,1,0,1,0,47,1,2,2,1,1,1,1,1,1,0,0,2,25.4,1139.2,0,2,0.0222767935449921,0.0
2641,0,1,1,0,65,1,2,1,0,2,2,0,2,2,0,1,0,108.8,7082.45,0,3,0.0153597470159315,0.0
1392,1,0,0,0,5,1,0,1,0,0,0,0,0,0,0,1,2,69.75,324.6,1,0,0.2142199017199017,837.0
3805,1,0,1,0,51,1,2,1,0,0,0,0,2,2,0,1,2,94.65,4812.75,1,3,0.0196624253440664,1135.8000000000002
3398,0,0,0,0,46,1,2,1,0,0,0,0,2,2,0,0,0,96.05,4399.5,1,2,0.0218270651062379,1152.6
838,0,0,0,0,9,1,2,1,0,0,0,0,0,0,0,1,2,76.85,663.55,0,0,0.1156421638702881,0.0
5938,0,0,0,0,8,1,0,2,1,1,1,1,1,1,2,0,3,20.25,174.65,0,0,0.1152860802732707,0.0
3069,1,0,0,0,14,1,2,2,1,1,1,1,1,1,1,1,1,24.8,321.7,0,1,0.0768515649209792,0.0
6793,0,0,0,0,45,1,2,1,2,2,2,2,2,2,0,1,2,115.65,5125.5,0,2,0.0225592509509411,0.0
3840,0,0,0,0,8,1,2,1,0,0,0,0,0,0,0,1,1,74.6,548.9,0,0,0.1356610292780505,0.0
3552,1,1,0,1,1,1,0,0,0,0,2,0,0,0,0,1,3,50.15,50.15,1,0,0.9804496578690128,601.8
992,1,0,1,1,66,1,0,1,2,2,2,0,2,2,1,1,0,103.15,7031.3,0,3,0.0146680317961406,0.0
3317,1,0,1,1,72,1,2,0,2,2,2,2,0,0,2,0,1,72.1,5016.65,0,3,0.0143692764541169,0.0
6459,0,0,1,0,41,1,2,1,2,2,2,2,2,2,0,1,0,113.6,4594.95,1,2,0.0247174142451506,0.0
1929,0,0,1,1,23,1,2,2,1,1,1,1,1,1,2,0,3,25.1,611.45,0,1,0.0409829373826434,0.0
4464,0,0,0,0,29,1,0,1,0,0,0,0,2,0,0,1,2,78.9,2384.15,1,2,0.0330796805232375,946.8000000000001
538,0,0,0,0,4,1,2,1,2,0,0,0,0,0,0,1,2,80.15,319.85,0,0,0.2498052049244195,0.0
2292,1,0,1,1,6,1,2,2,1,1,1,1,1,1,2,0,3,25.4,153.3,0,0,0.1646143875567076,0.0
718,0,1,1,0,67,1,2,1,2,2,2,2,0,2,1,1,1,105.4,7035.6,0,3,0.0149788250007105,0.0
679,1,1,0,1,7,1,0,0,0,0,0,0,0,0,0,1,3,45.75,344.2,0,0,0.132531865585168,0.0
3869,1,0,1,1,56,1,2,2,1,1,1,1,1,1,1,1,3,24.45,1431.65,0,3,0.0170662757826405,0.0
3405,0,0,1,0,72,1,2,2,1,1,1,1,1,1,2,0,1,25.0,1849.2,0,3,0.0135120527510539,0.0
6492,1,0,1,0,72,1,2,0,2,2,2,0,2,2,2,1,2,85.25,6083.1,0,3,0.0140119327427228,0.0
227,1,0,1,1,23,1,0,2,1,1,1,1,1,1,2,0,1,19.6,426.65,0,1,0.0458318718578276,0.0
3076,0,0,0,1,35,1,2,0,0,0,0,0,0,0,0,0,3,50.15,1655.35,0,2,0.0302774172125456,0.0
6578,1,1,1,0,27,1,0,1,0,0,0,0,0,0,0,1,2,70.55,1943.9,0,2,0.0362743585788472,0.0
4842,0,0,1,1,26,1,2,0,0,2,0,2,0,0,0,1,2,60.05,1616.15,1,2,0.0371332282101227,720.5999999999999
5909,1,0,1,1,12,1,2,2,1,1,1,1,1,1,1,0,3,26.4,314.95,0,0,0.0835575249248298,0.0
3316,0,0,0,0,40,1,0,2,1,1,1,1,1,1,2,0,3,20.15,804.85,0,2,0.0250046534714897,0.0
170,1,0,1,1,7,0,1,0,2,2,2,0,2,2,0,0,3,58.85,465.7,0,0,0.1260981358474394,0.0
4059,1,0,1,1,70,1,2,1,2,2,0,0,2,0,0,1,1,97.55,6669.05,0,3,0.0146250777730301,0.0
6293,1,0,1,1,60,1,0,2,1,1,1,1,1,1,2,0,1,19.65,1161.75,0,3,0.0168995914857019,0.0
1149,1,0,1,1,39,0,1,0,0,0,0,0,0,0,1,1,1,25.25,947.75,0,2,0.0266139657444005,0.0
5220,1,0,1,0,72,1,2,1,2,2,2,2,2,2,2,0,1,114.45,8375.05,0,3,0.0136639585484804,0.0
246,0,0,0,0,1,0,1,0,0,0,0,0,2,0,0,1,2,34.7,34.7,1,0,0.9719887955182072,416.40000000000003
3452,1,0,1,1,54,1,2,0,0,2,0,2,2,0,1,1,2,70.7,3770.0,0,3,0.018748342614691,0.0
6053,1,0,0,0,3,1,2,1,0,0,0,0,0,2,0,1,2,85.3,264.8,1,0,0.3209179834462001,1023.5999999999999
2665,0,0,1,1,63,1,0,0,2,2,2,2,2,0,2,0,1,75.55,4707.85,0,3,0.0160442570903723,0.0
889,1,0,1,1,71,1,2,1,0,2,0,2,0,0,2,1,2,84.8,6152.4,0,3,0.0137809991224363,0.0
4404,0,0,0,0,42,1,0,2,1,1,1,1,1,1,1,1,3,20.65,958.1,0,2,0.0215306016056719,0.0
4932,1,0,0,0,47,1,0,2,1,1,1,1,1,1,2,0,0,20.45,943.0,0,2,0.0216631355932203,0.0
4312,0,0,1,1,66,1,2,1,0,2,2,0,2,2,1,1,1,102.45,6615.15,1,3,0.0154848363474225,1229.4
3078,0,0,1,0,21,1,2,1,2,0,2,0,2,2,0,1,0,104.4,2200.25,1,1,0.0474275979557069,1252.8000000000002
5783,1,0,0,0,11,0,1,0,0,2,0,2,0,0,0,1,2,35.65,425.1,0,0,0.0836658061487913,0.0
64,1,0,0,1,1,1,2,1,0,0,2,0,2,2,0,1,2,99.75,99.75,1,0,0.9900744416873448,1197.0
3461,0,1,1,0,55,1,2,1,0,2,2,2,0,0,0,0,2,90.45,5044.8,0,3,0.0179257996749772,0.0
497,1,0,0,0,69,1,2,1,0,2,2,2,2,0,2,1,1,97.65,6743.55,0,3,0.0144783565990318,0.0
3417,0,1,0,0,3,1,0,1,0,0,2,0,0,0,0,0,2,73.85,196.4,0,0,0.3741134751773049,0.0
6090,1,0,0,0,4,1,0,0,0,0,2,2,2,2,0,1,2,74.4,299.7,1,0,0.2474226804123711,892.8000000000001
2289,1,1,0,0,30,1,2,0,0,0,2,2,2,0,2,1,1,69.1,2093.9,0,2,0.0329848680127929,0.0
4554,0,0,0,0,5,1,2,1,0,0,2,2,0,0,0,1,2,82.75,417.75,0,0,0.1976119402985074,0.0
7011,0,0,1,0,71,1,2,2,1,1,1,1,1,1,2,1,1,24.4,1725.4,0,3,0.0141334569045412,0.0
4460,0,0,0,0,29,1,2,0,0,2,0,0,0,0,1,1,2,55.25,1620.2,0,2,0.0340796940537873,0.0
1157,1,0,1,0,52,1,2,0,0,2,0,2,0,0,0,0,0,61.35,3169.55,0,3,0.0193499550551166,0.0
6301,1,0,0,0,68,1,2,0,2,2,2,0,0,2,1,0,1,76.75,5233.25,0,3,0.0146630367292353,0.0
260,0,0,1,1,46,1,0,2,1,1,1,1,1,1,2,0,3,19.4,967.85,0,2,0.0200237394849563,0.0
3910,1,0,0,0,8,1,0,0,0,0,0,0,0,2,0,1,1,54.75,438.05,0,0,0.1247010591048855,0.0
273,1,0,1,0,72,1,0,2,1,1,1,1,1,1,2,0,1,19.7,1421.9,0,3,0.0138449645091011,0.0
5168,0,0,0,0,17,1,0,2,1,1,1,1,1,1,1,0,0,19.9,323.15,0,1,0.0613913311738392,0.0
1412,1,0,0,0,3,1,0,1,0,2,2,2,2,2,0,1,2,107.95,318.6,0,0,0.3377659574468085,0.0
4535,0,1,0,0,2,1,0,1,0,2,0,0,2,0,0,1,0,83.8,163.7,0,0,0.5088038858530662,0.0
2883,0,0,0,0,9,1,0,1,2,0,0,0,0,0,0,1,1,74.25,639.65,1,0,0.1158979161788808,891.0
6386,0,0,0,0,51,0,1,0,0,2,2,0,2,2,1,1,1,56.4,2928.5,0,3,0.0192524321556579,0.0
1769,0,0,1,1,6,1,0,2,1,1,1,1,1,1,2,0,3,20.1,100.35,0,0,0.198322644301924,0.0
5240,0,0,1,0,3,1,2,1,0,0,0,0,2,2,0,0,2,94.9,273.2,0,0,0.3460977388767323,0.0
4193,0,1,0,0,17,1,2,1,0,0,0,0,2,2,0,1,2,94.2,1608.15,0,1,0.0585402230991517,0.0
1315,1,0,1,0,30,1,2,0,0,0,0,0,0,0,0,0,2,49.9,1441.95,0,2,0.0345819328459059,0.0
3617,1,0,0,0,31,1,2,0,0,2,0,2,2,0,0,1,2,71.05,2168.15,0,2,0.0327547656916303,0.0
5915,0,0,0,0,45,1,0,0,2,0,2,2,2,2,2,0,0,81.65,3618.7,0,2,0.0225571179932038,0.0
5842,1,0,1,0,64,1,2,1,2,2,2,0,0,0,1,0,0,89.45,5692.65,0,3,0.015710484487104,0.0
2719,1,0,0,0,1,1,2,0,0,0,0,0,2,0,0,1,2,59.85,59.85,1,0,0.9835661462612982,718.2
5928,0,1,0,0,1,1,0,1,0,0,0,0,0,0,0,1,2,69.6,69.6,1,0,0.9858356940509916,835.1999999999999
6821,1,1,1,1,61,1,2,1,0,2,0,0,2,2,1,0,2,99.0,5969.3,0,3,0.0165820813024471,0.0
686,1,0,0,0,1,1,0,2,1,1,1,1,1,1,0,0,3,19.05,19.05,0,0,0.9501246882793016,0.0
5308,1,0,0,0,9,0,1,0,0,0,0,0,2,2,0,1,2,45.4,418.8,1,0,0.1081467365412101,544.8
1379,1,0,1,1,72,1,2,1,2,2,2,2,2,2,2,0,0,114.45,8100.55,0,3,0.0141269263289123,0.0
5336,0,0,0,0,1,1,0,2,1,1,1,1,1,1,0,0,3,19.5,19.5,1,0,0.951219512195122,234.0
6273,0,0,1,0,7,1,0,0,0,0,0,0,0,0,0,1,3,44.25,313.45,0,0,0.1407218953728732,0.0
6096,0,0,1,0,66,1,2,1,0,2,2,2,0,0,1,1,0,90.55,6130.95,0,3,0.0147669175384665,0.0
6898,1,0,0,0,1,1,0,1,0,0,0,0,0,0,0,1,2,69.9,69.9,1,0,0.9858956276445698,838.8000000000001
840,1,0,1,1,40,1,0,2,1,1,1,1,1,1,0,1,0,20.4,745.3,0,2,0.0273348519362186,0.0
61,1,0,0,0,16,1,2,0,0,2,2,0,0,2,0,1,0,71.4,1212.1,0,1,0.0588574725908828,0.0
3771,0,0,0,0,2,1,0,1,0,2,0,0,2,0,0,1,0,87.15,183.75,1,0,0.4717185385656293,1045.8000000000002
2647,1,0,1,0,67,1,2,2,1,1,1,1,1,1,2,0,1,24.85,1583.5,0,3,0.0156831808141369,0.0
6313,0,0,1,0,41,1,0,1,2,2,2,0,2,2,1,1,0,104.45,4162.05,0,2,0.0250897779272408,0.0
1660,0,0,1,1,56,1,0,2,1,1,1,1,1,1,2,1,1,19.8,1119.9,0,3,0.0176643768400392,0.0
2779,0,0,0,0,72,1,2,1,2,2,2,2,2,2,2,1,0,116.45,8013.55,0,3,0.0145298238828131,0.0
2234,0,0,1,1,3,1,2,1,0,0,0,0,0,2,0,1,0,84.75,264.85,1,0,0.3187887906714312,1017.0
6018,0,0,1,0,54,1,0,2,1,1,1,1,1,1,2,0,1,20.05,1102.4,0,3,0.0181711074859525,0.0
907,1,1,0,0,52,1,2,1,0,2,2,2,2,2,0,1,2,110.75,5832.0,0,3,0.0189867992456711,0.0
2898,0,0,0,0,50,1,0,1,0,0,2,2,0,2,2,1,0,89.7,4304.5,0,3,0.0208338172105446,0.0
6627,1,0,0,0,14,1,2,1,0,0,0,2,2,0,0,1,2,89.95,1178.4,1,1,0.0762675936917076,1079.4
5529,1,0,1,0,27,1,0,0,2,0,0,0,0,0,1,0,1,48.7,1421.75,0,2,0.0342294851519943,0.0
1390,0,1,1,0,72,1,2,1,2,2,2,2,0,0,2,1,0,96.6,6827.5,0,3,0.0141465914915427,0.0
2554,1,0,0,0,62,1,0,0,2,2,0,0,2,2,1,1,1,74.3,4698.05,0,3,0.0158117066215511,0.0
1218,0,0,0,0,12,1,0,0,0,2,0,2,0,0,0,1,2,54.3,654.5,0,0,0.0828375286041189,0.0
83,0,1,0,0,44,1,0,0,0,0,2,2,2,2,1,0,0,74.85,3268.05,0,2,0.0228965601627384,0.0
4924,1,0,1,1,54,1,0,1,0,2,0,2,0,0,2,1,0,79.95,4362.05,0,3,0.018324337332829,0.0
4128,0,0,0,0,68,1,0,2,1,1,1,1,1,1,2,0,0,20.05,1386.9,0,3,0.0144462857554578,0.0
1535,1,0,0,0,20,1,0,2,1,1,1,1,1,1,0,0,3,19.4,415.4,0,1,0.0465898174831892,0.0
1722,1,0,1,1,50,1,2,0,0,0,2,0,0,0,1,0,0,54.9,2614.1,0,3,0.0209934610531146,0.0
3799,1,0,0,0,58,1,2,2,1,1,1,1,1,1,2,1,1,24.45,1513.6,0,3,0.0161428760068665,0.0
6645,1,0,1,1,35,1,2,1,0,2,0,0,2,0,0,1,0,89.65,3161.6,0,2,0.028346929741352,0.0
4615,0,0,0,0,2,1,0,0,0,0,0,0,0,0,0,1,2,45.4,80.95,0,0,0.5539963392312385,0.0
2738,1,0,1,1,63,1,2,0,2,0,2,2,0,2,2,0,3,75.7,4676.7,0,3,0.016183166941018,0.0
277,0,0,1,0,58,1,2,1,2,2,2,0,2,2,1,1,1,110.65,6526.65,0,3,0.0169509701040956,0.0
6185,0,0,1,1,27,1,0,2,1,1,1,1,1,1,1,1,3,20.55,583.3,0,2,0.035170289234982,0.0
2561,0,0,1,0,71,1,2,1,2,2,2,2,2,2,2,1,1,115.15,8078.1,0,3,0.0142528251909247,0.0
2122,0,0,0,0,63,1,0,0,0,0,2,0,0,2,1,0,1,58.55,3503.5,0,3,0.0167070908831502,0.0
2190,1,0,1,0,71,1,2,1,0,2,2,0,0,2,0,1,0,93.25,6669.45,0,3,0.0139795665959567,0.0
5167,0,1,0,0,41,1,2,1,2,2,2,0,2,2,0,1,2,113.2,4689.5,1,2,0.0241338876452403,1358.4
5082,1,1,0,0,13,1,0,1,0,0,0,0,2,2,0,1,2,90.5,1201.15,1,1,0.0752817867986524,1086.0
5108,1,0,0,0,2,1,0,1,0,0,0,0,2,0,0,0,2,79.0,143.65,1,0,0.5461458693397857,948.0
1349,0,0,1,1,68,1,0,2,1,1,1,1,1,1,2,1,0,19.35,1292.65,0,3,0.0149576778881459,0.0
3692,1,0,1,1,1,1,0,0,2,0,0,0,0,0,0,1,3,48.75,48.75,0,0,0.9798994974874372,0.0
1582,1,1,0,0,65,1,2,1,2,0,2,2,2,2,2,1,2,109.05,7108.2,0,3,0.0153392786811455,0.0
3970,1,1,1,0,72,1,2,2,1,1,1,1,1,1,2,1,0,25.0,1802.55,0,3,0.0138615508303068,0.0
1459,0,0,0,0,28,1,2,0,0,0,0,2,0,0,0,1,1,54.9,1505.15,0,2,0.0364505527337914,0.0
4377,1,0,1,1,72,1,2,2,1,1,1,1,1,1,2,0,1,24.75,1859.1,0,3,0.0133057362507392,0.0
3583,0,0,0,0,2,1,0,1,2,2,0,0,2,0,0,1,2,91.15,168.5,0,0,0.5377581120943953,0.0
351,0,0,0,1,18,1,0,2,1,1,1,1,1,1,1,0,0,20.15,390.85,1,1,0.051422738292714,241.79999999999998
1728,1,1,1,0,60,1,2,1,0,2,2,0,2,2,1,1,2,104.35,6339.45,0,3,0.0164578223943095,0.0
6073,0,1,0,0,26,1,2,0,0,0,0,2,0,2,0,1,2,66.05,1652.4,0,2,0.0399479859683077,0.0
5932,1,0,0,1,1,1,0,1,0,0,0,0,0,0,0,1,2,71.65,71.65,1,0,0.9862353750860288,859.8000000000001
4024,0,0,0,0,4,1,0,2,1,1,1,1,1,1,0,0,3,20.35,77.5,1,0,0.2592356687898089,244.20000000000002
1076,1,0,1,1,68,1,2,0,2,2,2,2,2,2,2,1,1,92.2,6392.85,0,3,0.0144201068213986,0.0
5322,0,0,0,0,38,1,0,1,0,2,2,2,0,0,0,1,1,84.25,3264.5,1,2,0.0258000306231817,1011.0
5522,0,1,1,0,42,1,2,1,2,0,2,0,2,2,1,1,0,105.2,4599.15,0,2,0.0228688194950164,0.0
5254,0,0,1,0,57,1,0,2,1,1,1,1,1,1,2,1,0,19.6,1134.25,0,3,0.0172649196212288,0.0
1767,1,0,1,0,54,0,1,0,0,2,0,0,0,0,0,0,2,30.4,1621.35,0,3,0.0187382500693438,0.0
2158,0,0,0,0,12,1,0,1,0,0,0,0,0,2,0,0,0,78.1,947.3,1,0,0.0823579036169988,937.1999999999999
1612,0,0,1,0,44,1,0,0,2,2,2,0,0,0,1,1,3,61.5,2722.2,0,2,0.0225837250293772,0.0
5948,1,0,1,1,42,1,2,0,2,2,0,0,2,0,0,1,0,69.4,3058.3,0,2,0.0226849279246886,0.0
2933,1,0,1,1,72,1,2,2,1,1,1,1,1,1,2,0,0,24.75,1769.6,0,3,0.0139783124364622,0.0
3816,0,0,1,1,71,1,2,0,2,2,2,2,2,2,2,0,3,91.05,6293.75,0,3,0.0144644346479208,0.0
4184,0,0,1,0,19,1,2,1,0,0,2,0,0,2,0,0,3,89.65,1761.05,1,1,0.0508782384154819,1075.8000000000002
1696,0,0,1,0,23,1,2,0,0,0,0,2,2,2,0,1,1,73.65,1642.75,0,1,0.0448060836501901,0.0
570,0,0,0,0,30,1,0,2,1,1,1,1,1,1,2,0,1,19.4,578.5,0,2,0.0334771354616048,0.0
2440,1,0,0,0,35,1,2,2,1,1,1,1,1,1,1,0,0,26.2,954.9,0,2,0.0274087247620043,0.0
6467,0,0,0,0,10,1,2,1,2,0,0,0,2,2,0,1,2,98.7,973.25,1,0,0.1013086989992301,1184.4
4711,1,0,0,0,1,1,0,0,0,0,0,0,0,0,0,1,0,43.85,43.85,0,0,0.9777034559643256,0.0
1472,1,0,0,0,22,1,0,1,0,0,0,0,0,0,0,1,3,69.7,1490.4,0,1,0.0467346117741719,0.0
5292,1,0,1,1,7,0,1,0,2,2,2,0,0,0,2,0,3,38.55,280.0,0,0,0.1371886120996441,0.0
1901,0,0,0,0,36,0,1,0,2,2,2,2,0,2,2,1,3,53.1,1901.25,0,2,0.0279143119989486,0.0
4261,0,0,1,1,34,1,0,2,1,1,1,1,1,1,0,0,3,20.65,716.4,0,2,0.0287844995818232,0.0
5572,1,0,1,1,72,1,2,0,2,2,2,0,0,0,2,0,1,64.45,4720.0,0,3,0.0136517686930735,0.0
6319,1,0,1,1,36,1,2,2,1,1,1,1,1,1,2,0,1,25.1,930.95,0,2,0.0269327753634851,0.0
4901,0,0,0,0,1,1,0,1,0,0,2,0,0,0,0,0,2,76.35,76.35,1,0,0.9870717517776342,916.1999999999999
3374,0,0,0,0,23,1,2,1,0,2,0,0,0,0,0,1,2,79.15,1676.95,1,1,0.0471706546678983,949.8000000000001
6755,1,1,1,0,32,1,2,1,0,0,0,0,0,2,0,1,2,85.0,2642.05,1,2,0.0321598153648247,1020.0
3630,0,0,1,1,71,1,2,1,2,2,2,2,0,0,1,1,1,95.15,6770.85,0,3,0.0140508132932655,0.0
1398,0,1,0,0,23,1,2,1,0,0,2,0,0,0,0,1,3,79.35,1835.3,0,1,0.0432118934814572,0.0
1415,1,0,1,0,17,1,0,1,0,0,2,0,2,2,1,1,0,96.65,1588.25,0,1,0.0608148497719049,0.0
554,1,0,0,0,1,1,0,0,0,0,2,2,2,2,0,1,2,75.5,75.5,0,0,0.9869281045751634,0.0
3857,1,0,1,1,12,1,0,2,1,1,1,1,1,1,2,0,3,19.7,258.35,0,0,0.0759591285907075,0.0
1294,0,0,1,0,72,1,0,2,1,1,1,1,1,1,2,0,1,20.5,1502.25,0,3,0.0136371195742557,0.0
1133,1,0,0,0,1,1,0,2,1,1,1,1,1,1,0,0,3,19.2,19.2,0,0,0.9504950495049505,0.0
4008,1,1,1,0,72,1,2,1,0,2,0,0,2,2,2,0,0,98.35,6929.4,0,3,0.0141911000808034,0.0
3095,1,0,1,1,60,1,2,1,0,0,0,0,0,0,0,0,0,74.35,4453.3,0,3,0.0166917360752531,0.0
4750,0,0,1,1,61,0,1,0,0,2,2,2,2,0,2,0,1,51.35,3244.4,0,3,0.0158223947741418,0.0
5338,0,0,1,0,6,1,0,0,0,0,0,0,0,0,0,0,3,45.65,323.45,0,0,0.1406996455540144,0.0
2464,1,1,1,0,32,1,2,1,0,0,0,0,0,2,0,0,2,85.3,2661.1,1,2,0.0320423725630141,0.0
3457,0,0,0,1,31,1,2,1,0,0,0,0,2,0,0,1,1,86.55,2697.4,1,2,0.0320745627038244,1038.6
6004,1,0,0,0,19,1,0,1,0,2,0,0,0,0,0,1,1,73.85,1424.5,1,1,0.0518063837250087,886.1999999999999
539,1,0,1,1,72,1,0,2,1,1,1,1,1,1,2,0,0,20.3,1401.15,0,3,0.014477766287487,0.0
3847,0,0,0,0,32,1,2,0,0,2,0,0,0,0,0,1,2,54.2,1739.6,0,2,0.0311386878088015,0.0
4900,1,0,1,0,65,1,2,1,0,2,0,0,0,2,0,1,2,90.65,5931.0,0,3,0.0152815239379635,0.0
2050,0,0,1,1,45,0,1,0,2,0,0,0,2,2,0,1,0,50.9,2333.85,0,2,0.0218001156391202,0.0
1240,1,0,0,0,42,1,2,2,1,1,1,1,1,1,1,0,2,25.05,949.85,0,2,0.0263448493453226,0.0
2107,1,0,0,0,8,1,2,1,0,0,0,0,0,0,0,1,2,74.85,572.45,0,0,0.1305257651059377,0.0
5193,1,0,0,1,32,1,0,2,1,1,1,1,1,1,2,0,3,20.5,696.8,0,2,0.029378045285182,0.0
2371,0,1,1,0,22,1,2,0,2,2,0,2,0,0,0,1,3,63.55,1381.8,0,1,0.0459574775817182,0.0
2181,1,1,1,0,57,0,1,0,0,0,0,0,2,2,0,1,2,44.85,2572.95,1,3,0.0174245808970648,538.2
5880,1,0,0,0,1,1,0,0,2,0,0,0,0,0,0,0,2,47.95,47.95,0,0,0.979570990806946,0.0
5731,1,1,0,0,1,1,0,0,0,0,0,0,0,0,0,0,2,45.1,45.1,1,0,0.9783080260303688,541.2
5920,0,0,1,0,1,1,0,0,0,0,0,0,0,0,0,1,2,45.0,45.0,0,0,0.9782608695652174,540.0
4505,1,0,0,0,24,1,0,1,0,0,0,2,2,2,0,1,2,96.0,2122.45,1,1,0.0452094468906732,0.0
930,1,0,0,0,1,1,0,2,1,1,1,1,1,1,0,0,0,20.05,20.05,1,0,0.9524940617577196,240.60000000000002
5709,1,1,0,0,54,1,2,1,0,2,0,0,0,2,0,1,2,90.05,4931.8,0,3,0.0182553519299383,0.0
6564,0,0,0,0,4,1,2,2,1,1,1,1,1,1,2,1,1,25.3,116.95,0,0,0.2144976685036032,0.0
4957,1,0,1,1,65,1,2,1,2,0,2,2,2,2,2,0,0,108.65,6937.95,1,3,0.0156579886005807,1303.8000000000002
6315,0,0,1,0,56,1,2,2,1,1,1,1,1,1,1,0,2,24.3,1261.7,0,3,0.0192444761225944,0.0
4929,1,0,0,0,45,1,0,0,2,0,2,0,2,2,0,1,2,75.95,3273.8,0,2,0.0231922560156345,0.0
2212,0,0,1,1,71,1,0,2,1,1,1,1,1,1,2,0,1,19.7,1415.85,0,3,0.0139040830010233,0.0
872,1,0,1,0,59,1,0,0,2,2,2,0,2,0,1,0,1,66.4,3958.2,0,3,0.0167710648615882,0.0
2881,1,0,0,0,69,0,1,0,0,2,2,0,0,0,1,1,0,35.75,2492.25,0,3,0.0143387145292289,0.0
5224,1,0,0,0,19,1,0,2,1,1,1,1,1,1,1,0,3,18.8,279.2,0,1,0.0670949321912919,0.0
754,0,0,1,1,55,1,0,2,1,1,1,1,1,1,2,0,1,19.4,1083.0,0,3,0.0178966789667896,0.0
5104,0,0,0,0,38,1,0,2,1,1,1,1,1,1,1,0,3,19.3,755.5,0,2,0.0255122273628552,0.0
425,1,0,0,0,10,1,0,0,0,0,0,0,0,0,0,1,2,45.55,402.6,1,0,0.1128592666005946,546.5999999999999
2466,0,1,1,0,47,1,2,0,2,2,2,0,0,0,0,1,1,67.45,3252.0,0,2,0.0207347064248386,0.0
1708,0,0,1,0,2,0,1,0,0,0,0,0,0,2,0,1,2,35.1,68.75,1,0,0.503225806451613,421.20000000000005
2560,1,0,0,0,1,1,0,0,0,0,0,0,0,0,0,0,1,46.2,46.2,1,0,0.978813559322034,554.4000000000001
1103,0,0,0,0,1,1,0,0,0,0,0,0,0,0,0,0,2,45.15,45.15,1,0,0.9783315276273022,541.8
4752,1,1,0,0,1,0,1,0,0,2,2,0,0,2,0,1,2,43.3,43.3,1,0,0.9774266365688488,519.5999999999999
3750,1,0,1,1,46,1,0,2,1,1,1,1,1,1,2,1,3,20.1,936.85,0,2,0.0214319987204776,0.0
3134,0,1,0,0,38,1,0,0,2,2,0,0,0,0,0,1,1,57.15,2250.65,1,2,0.0253813869828792,685.8
6570,0,0,1,0,65,1,0,0,2,0,2,2,0,0,2,0,1,58.9,3857.1,0,3,0.0152665819963194,0.0
5312,0,0,1,0,19,1,0,1,2,0,0,0,0,0,0,1,2,73.2,1441.1,1,1,0.050759309340545,0.0
2905,1,0,0,0,52,1,0,1,0,2,0,0,0,2,0,1,2,85.35,4338.6,1,3,0.0196677113097981,1024.1999999999998
2288,1,0,1,1,71,1,0,2,1,1,1,1,1,1,2,0,3,19.45,1378.45,0,3,0.0140998223929827,0.0
5009,0,0,0,0,1,1,0,0,0,0,0,0,0,0,0,0,3,45.95,45.95,1,0,0.9787007454739084,551.4000000000001
356,0,1,0,0,52,0,1,0,0,2,2,2,2,0,0,1,2,50.5,2566.3,0,3,0.0196704709227593,0.0
6733,1,0,1,0,6,1,2,2,1,1,1,1,1,1,1,0,3,25.1,171.0,0,0,0.1459302325581395,0.0
5043,0,1,1,0,26,1,0,0,0,0,2,0,0,2,1,0,3,60.7,1597.4,0,2,0.0379754754754754,0.0
5015,1,1,0,0,48,1,2,1,0,2,0,0,2,2,1,1,2,99.0,4744.35,0,2,0.0208625285806104,0.0
5622,0,0,1,1,64,1,2,1,2,0,0,2,2,2,1,1,0,104.4,6721.6,0,3,0.0155297057686014,0.0
627,0,0,0,0,3,1,0,1,0,2,0,0,2,0,0,0,2,83.75,247.25,1,0,0.337361530715005,0.0
2778,1,0,0,0,1,1,0,0,0,0,0,0,0,0,0,1,0,44.05,44.05,0,0,0.9778024417314096,0.0
4974,1,0,1,1,72,1,2,2,1,1,1,1,1,1,2,0,1,24.1,1734.65,0,3,0.0138852879324748,0.0
2484,1,0,0,0,1,1,0,0,0,0,0,0,0,0,0,1,3,45.55,45.55,0,0,0.9785177228786252,0.0
2128,0,0,1,1,51,1,2,1,2,2,0,0,0,2,0,1,2,93.8,4539.35,0,3,0.0206592002819165,0.0
6992,0,0,1,1,41,1,0,2,1,1,1,1,1,1,2,0,0,19.7,804.25,0,2,0.0244644520335299,0.0
666,0,0,1,1,72,1,0,0,2,2,2,0,2,0,2,1,1,70.65,5011.15,0,3,0.0140957473339784,0.0
3605,0,0,1,0,43,1,2,0,2,2,0,2,2,2,2,0,1,86.45,3574.5,0,2,0.0241784365822961,0.0
6778,1,0,1,0,72,1,2,1,2,2,2,2,2,2,2,1,1,114.1,8086.4,0,3,0.0141083661003536,0.0
2765,1,0,1,0,47,1,2,1,0,0,0,0,2,2,1,1,1,95.2,4563.0,0,2,0.0208588957055214,0.0
5580,1,0,0,0,72,1,2,0,2,2,2,2,2,2,2,0,1,88.55,6362.35,0,3,0.0139156262031791,0.0
313,1,0,0,0,3,1,0,2,1,1,1,1,1,1,0,1,1,20.75,67.1,0,0,0.3046989720998532,0.0
2433,1,0,0,0,1,1,0,1,0,0,0,0,0,0,0,1,2,70.05,70.05,1,0,0.9859254046446164,840.5999999999999
4578,1,0,0,0,2,1,2,1,0,0,0,0,0,2,0,1,2,86.0,165.45,1,0,0.5166716731751277,1032.0
3144,1,0,0,0,26,0,1,0,2,2,0,0,0,2,0,1,0,44.65,1156.55,0,2,0.0385728478251479,0.0
4112,1,0,1,1,29,1,0,0,2,0,0,0,0,2,0,1,3,60.2,1834.15,0,2,0.0328038579952592,0.0
6237,0,1,1,0,35,1,2,1,2,2,0,2,2,0,0,1,0,100.5,3653.35,1,2,0.0275014708498091,1206.0
1375,1,0,0,0,27,1,0,0,2,2,0,0,0,0,1,0,0,55.45,1477.65,0,2,0.0375004226828526,0.0
5118,1,0,1,1,24,1,0,0,2,2,0,2,0,2,0,1,1,70.3,1706.45,0,1,0.0411725087118217,0.0
4747,1,0,1,1,67,1,0,0,2,0,2,2,0,0,2,1,0,60.4,3953.7,0,3,0.015272966343844,0.0
3162,0,0,0,0,16,1,2,1,0,0,0,0,0,0,0,0,2,72.65,1194.3,1,1,0.0607797205722412,871.8000000000001
6961,0,0,0,0,23,1,0,0,0,2,2,0,0,0,1,0,0,55.8,1327.85,0,1,0.041991195394514,0.0
5724,1,0,0,0,14,0,1,0,0,2,0,0,0,0,0,1,3,31.1,419.7,0,1,0.0739244116947944,0.0
4803,0,0,1,1,1,1,0,2,1,1,1,1,1,1,0,1,2,21.0,21.0,1,0,0.9545454545454546,0.0
2934,0,1,0,0,1,1,0,0,0,0,0,0,0,0,0,0,3,45.1,45.1,1,0,0.9783080260303688,541.2
1120,1,1,0,0,4,0,1,0,0,2,0,0,2,2,0,1,1,50.95,207.35,0,0,0.2445404367650588,611.4000000000001
2416,1,0,0,1,16,1,2,0,2,2,0,0,0,2,0,1,2,69.1,1083.7,0,1,0.0637042500230478,0.0
6527,0,0,1,0,46,0,1,0,0,0,0,0,2,2,0,1,2,43.95,2007.85,0,2,0.0218781890136147,0.0
2534,1,0,0,1,68,1,2,0,2,2,0,2,2,2,2,1,0,86.5,5882.75,0,3,0.0147015083917569,0.0
5273,1,0,0,0,38,1,2,0,2,2,2,2,0,0,0,0,2,69.95,2657.55,0,2,0.0263113351262906,0.0
5510,1,1,1,0,30,1,0,0,0,2,0,0,0,0,0,1,0,50.4,1527.5,1,2,0.0329735034347399,604.8
4739,0,1,0,0,5,1,0,1,0,0,0,0,0,2,0,0,2,78.95,378.4,1,0,0.2080917237743806,947.4000000000001
6032,1,0,0,0,17,1,0,1,0,2,2,0,0,2,0,1,1,90.95,1612.2,0,1,0.0563786263327547,1091.4
518,1,0,1,1,4,1,0,2,1,1,1,1,1,1,2,0,3,19.9,76.65,0,0,0.2562781712813908,0.0
4078,0,0,0,0,12,1,0,2,1,1,1,1,1,1,1,0,2,20.15,260.7,0,0,0.0769965609476499,0.0
1311,1,0,1,1,72,1,2,0,2,2,2,2,2,2,2,1,1,90.6,6441.85,0,3,0.0140620998471173,0.0
2314,1,0,0,0,3,1,0,1,0,0,0,0,2,2,0,1,2,92.0,266.8,0,0,0.3435399551904406,0.0
2187,1,0,0,0,56,1,2,1,0,2,0,2,0,2,0,1,2,94.45,5124.6,1,3,0.0184271109723739,1133.4
690,0,0,0,0,41,1,2,2,1,1,1,1,1,1,1,1,3,24.85,962.25,0,2,0.0257980794186348,0.0
1620,1,0,0,0,40,0,1,0,0,2,0,2,0,0,1,0,1,36.0,1382.9,0,2,0.0260134402774766,0.0
1559,0,0,0,0,7,1,0,0,2,2,0,2,2,2,0,1,2,78.5,571.05,0,0,0.137225766978411,0.0
5848,1,0,0,0,69,1,0,2,1,1,1,1,1,1,2,0,1,19.95,1399.35,0,3,0.0142464383904024,0.0
2632,1,0,1,1,7,1,0,2,1,1,1,1,1,1,1,0,3,20.65,150.0,0,0,0.1367549668874172,0.0
4702,0,0,1,1,5,0,1,0,0,2,0,0,0,0,0,1,2,30.5,167.2,0,0,0.1813317479191439,0.0
4011,0,0,1,1,72,1,2,1,2,2,2,2,2,0,2,0,1,106.1,7657.4,0,3,0.0138540687349838,0.0
80,1,0,1,1,44,1,0,2,1,1,1,1,1,1,1,1,0,20.5,865.05,0,2,0.0236706887593095,0.0
5103,0,0,0,0,65,1,2,1,0,2,2,0,2,0,1,1,2,95.5,6153.85,0,3,0.0155162189167891,0.0
3798,0,0,0,0,3,1,2,0,0,0,0,2,2,0,0,0,2,64.6,174.2,0,0,0.3687214611872146,775.1999999999999
2248,1,0,0,0,24,1,0,0,0,0,0,2,0,0,0,1,1,51.1,1269.6,0,1,0.0402172202109239,0.0
3307,0,0,0,0,44,1,2,1,0,2,2,0,0,0,0,1,0,84.8,3862.55,1,2,0.0219487259126968,1017.5999999999999
2247,0,1,1,0,72,1,2,0,2,2,2,2,2,2,2,0,1,89.1,6352.4,0,3,0.0140239871564831,0.0
1924,1,0,0,0,24,1,0,0,2,0,0,2,0,0,0,0,2,54.95,1348.5,0,1,0.040718784735087,0.0
2766,1,0,0,0,1,1,0,0,0,0,2,0,0,0,0,0,3,50.9,50.9,1,0,0.9807321772639692,610.8
3214,1,0,1,0,22,1,0,2,1,1,1,1,1,1,0,1,0,20.45,471.55,0,1,0.0432758438260501,0.0
4778,1,0,1,1,70,1,2,0,0,2,2,2,2,2,2,1,1,85.95,5931.75,0,3,0.0144873793771859,0.0
5816,1,0,1,1,25,1,2,0,0,0,0,0,2,0,0,0,2,60.35,1404.65,0,2,0.0429338740084658,0.0
5460,1,0,1,1,37,1,0,2,1,1,1,1,1,1,2,0,0,19.8,726.1,0,2,0.0272314674735249,0.0
1245,0,1,1,1,22,1,2,1,0,0,0,0,2,0,0,0,0,85.35,1961.6,0,1,0.0434882298991134,0.0
1440,0,0,1,1,59,1,2,0,0,0,2,2,2,0,2,1,0,72.1,4194.85,0,3,0.0171836457452006,0.0
4712,1,0,1,1,49,1,2,1,0,0,2,0,2,2,0,1,2,99.8,4872.45,1,3,0.0204783059229088,1197.6
3175,1,0,1,1,47,1,2,1,0,0,2,2,2,2,0,1,0,107.35,5118.95,1,2,0.0209670016308753,0.0
1707,0,0,1,1,31,1,0,2,1,1,1,1,1,1,0,1,3,19.55,658.95,1,2,0.0296234563224486,234.60000000000002
1356,1,0,1,1,1,1,0,1,0,0,0,0,0,2,0,1,2,81.05,81.05,0,0,0.987812309567337,0.0
1915,1,0,0,0,3,1,0,2,1,1,1,1,1,1,0,1,2,20.5,76.95,0,0,0.2629890955740859,0.0
5249,0,0,1,0,53,1,2,1,0,2,2,2,2,2,1,1,0,111.8,5809.75,0,3,0.0192402013509443,0.0
2264,1,0,0,0,1,1,0,2,1,1,1,1,1,1,0,0,3,20.2,20.2,0,0,0.9528301886792452,0.0
1320,1,0,0,0,20,1,0,2,1,1,1,1,1,1,1,1,3,19.7,415.9,0,1,0.0472535380187095,0.0
3192,0,0,0,0,3,1,0,1,2,2,0,0,0,0,0,1,2,79.1,246.5,1,0,0.3195959595959596,949.1999999999999
5177,0,0,0,0,51,1,0,2,1,1,1,1,1,1,1,1,0,19.85,996.95,0,3,0.0198907760909865,0.0
1531,0,0,1,0,51,1,0,0,2,2,0,2,0,0,1,1,0,60.5,3145.15,0,3,0.0192298523592327,0.0
582,0,0,1,1,13,1,0,2,1,1,1,1,1,1,2,0,3,19.55,265.3,0,1,0.0734134434847915,0.0
5137,0,0,0,0,1,1,0,2,1,1,1,1,1,1,0,0,3,20.9,20.9,0,0,0.954337899543379,0.0
5871,1,0,0,1,1,1,0,2,1,1,1,1,1,1,0,1,3,21.05,21.05,0,0,0.9546485260770976,0.0
3440,1,0,0,0,63,1,2,0,2,2,2,2,0,0,1,0,2,71.5,4576.3,0,3,0.0156205623402442,0.0
6517,1,0,0,0,3,1,0,0,0,0,0,0,0,2,0,0,3,54.65,189.1,0,0,0.2874802735402419,0.0
2643,1,0,0,0,46,1,0,2,1,1,1,1,1,1,2,0,1,19.2,908.15,0,2,0.0211186272892262,0.0
5265,1,0,0,0,1,1,2,0,0,0,0,0,0,0,0,1,1,49.8,49.8,0,0,0.9803149606299212,0.0
283,1,0,0,1,8,0,1,0,0,0,0,0,0,0,0,0,3,25.5,215.2,1,0,0.1179463459759482,306.0
5843,0,0,1,1,71,1,0,2,1,1,1,1,1,1,2,0,0,20.5,1500.95,0,3,0.0136489230666799,0.0
5270,1,0,1,1,55,1,2,1,0,0,2,0,2,0,0,1,1,90.4,5099.15,0,3,0.0177249688734645,0.0
3903,0,0,0,0,70,1,2,1,0,2,2,2,0,0,1,1,0,90.25,6385.95,0,3,0.0141303752182183,0.0
5802,0,0,0,0,2,1,0,1,0,0,0,0,0,2,0,0,2,80.75,159.45,1,0,0.503272047366781,969.0
5989,1,0,1,1,67,1,2,1,2,0,0,2,2,2,2,0,0,104.6,6885.75,0,3,0.0151885867789595,0.0
6759,1,0,1,0,65,1,2,1,0,2,0,0,2,0,0,1,0,91.85,5940.85,1,3,0.015458148556426,1102.1999999999998
6156,1,0,1,0,14,1,0,0,0,0,2,0,0,0,0,0,1,50.2,668.85,0,1,0.0749421512278868,0.0
380,0,0,1,1,20,1,2,1,0,0,2,2,0,2,0,1,0,95.5,1916.2,0,1,0.0498122261631546,0.0
3556,1,0,0,1,1,1,0,1,0,2,0,0,0,0,0,1,2,75.35,75.35,1,0,0.9869024230517356,904.1999999999999
4115,1,0,0,0,1,1,2,1,0,0,0,0,0,0,0,1,2,75.45,75.45,1,0,0.986919555264879,905.4000000000001
480,0,0,1,1,49,1,2,1,0,0,0,0,2,2,0,1,0,95.4,4613.95,0,3,0.0206719466083056,0.0
13,0,0,0,0,72,1,2,1,2,2,2,0,2,0,2,1,0,101.3,7261.25,0,3,0.0139488450549072,0.0
3976,0,0,1,0,46,1,2,0,2,0,0,0,0,0,0,0,2,53.1,2459.8,0,2,0.0215783485045513,0.0
2622,1,0,0,0,24,1,2,1,0,2,2,0,0,0,0,1,0,84.85,2048.8,0,1,0.0413942823690116,0.0
4149,0,0,1,1,5,0,1,0,0,2,0,2,0,0,0,0,2,34.25,163.55,0,0,0.208143421452446,0.0
4126,0,0,1,1,33,1,2,1,0,2,2,2,0,0,0,0,1,88.6,2888.7,0,2,0.0306606222099179,0.0
3091,0,0,0,0,42,1,2,0,2,2,0,0,0,0,1,1,0,60.15,2421.6,0,2,0.0248286964418393,0.0
2445,1,0,0,0,23,1,0,1,2,0,2,0,2,2,1,1,1,99.95,2292.75,0,1,0.0435749318801089,0.0
5640,1,0,0,0,8,1,0,1,0,0,0,0,0,0,0,0,0,70.7,553.4,0,0,0.1275252525252525,0.0
1666,1,0,0,0,66,1,0,0,2,2,0,0,0,0,1,1,3,54.8,3465.7,0,3,0.0158075403121123,0.0
2769,1,0,0,0,24,1,0,0,2,0,0,0,0,0,0,1,0,49.55,1210.4,1,1,0.0409030873369654,594.5999999999999
2608,1,1,0,0,24,1,2,0,0,2,0,0,0,0,0,0,1,54.8,1291.3,0,1,0.0424050143155614,0.0
381,1,0,0,0,69,1,2,0,2,2,2,2,0,2,1,1,1,78.6,5356.45,1,3,0.014671158853559,943.1999999999999
3866,0,0,0,0,53,1,0,1,0,2,2,0,2,2,1,1,3,100.3,5200.8,0,3,0.0192817870737052,0.0
3591,0,0,0,0,60,0,1,0,2,0,2,0,2,2,2,0,2,53.6,3237.05,0,3,0.0165531724340266,0.0
3863,0,0,1,0,7,1,0,1,0,0,0,0,2,0,0,1,2,81.1,576.65,1,0,0.1403964338267116,973.1999999999999
3080,0,0,0,0,20,1,0,2,1,1,1,1,1,1,1,1,1,19.35,433.75,0,1,0.0445083381253594,0.0
5594,0,0,1,1,23,1,2,1,0,0,0,0,0,2,0,0,2,85.6,1868.4,0,1,0.0457900930779929,0.0
6803,1,0,1,1,72,1,0,0,2,0,2,2,2,2,2,1,2,80.8,5728.55,0,3,0.0141023291532493,0.0
694,1,0,1,0,11,1,2,1,0,0,0,0,0,0,0,1,2,74.95,825.7,1,0,0.0906616668682714,899.4000000000001
3288,1,0,0,0,21,1,0,2,1,1,1,1,1,1,2,0,3,19.6,390.4,0,1,0.0500766479305058,0.0
6670,1,1,0,0,1,1,2,1,0,0,0,0,2,2,0,1,2,93.55,93.55,1,0,0.989423585404548,1122.6
4027,1,1,0,0,31,1,2,1,0,2,0,0,2,0,0,1,2,90.7,2845.15,0,2,0.0318676106319062,0.0
404,0,0,0,0,57,1,0,0,0,2,2,2,2,0,2,0,3,69.75,3894.4,0,3,0.0179057349694511,0.0
1501,0,0,1,1,45,1,0,2,1,1,1,1,1,1,2,1,0,20.0,886.4,0,2,0.0225377507324769,0.0
1317,1,0,0,0,10,1,2,1,0,2,2,0,0,2,0,1,2,95.25,1021.55,0,0,0.0931494792430688,1143.0
226,0,0,1,0,58,1,2,1,0,0,2,2,2,2,0,1,1,102.1,5885.4,1,3,0.0173450665941832,1225.1999999999998
2223,1,0,0,1,14,1,0,2,1,1,1,1,1,1,0,0,3,19.95,268.4,0,1,0.0740534521158129,0.0
5203,1,0,1,0,27,1,2,0,2,0,0,2,2,2,1,0,3,80.85,2204.35,0,2,0.0366608474845262,0.0
3047,0,0,1,1,14,1,2,1,0,2,0,0,0,2,0,1,0,90.9,1259.0,1,1,0.0721428571428571,1090.8000000000002
6278,0,0,1,1,12,0,1,0,0,2,0,0,0,0,0,0,3,29.2,309.1,1,0,0.0941631731699451,350.4
5466,0,0,1,1,69,1,2,1,0,2,0,2,0,2,2,1,0,93.3,6398.05,0,3,0.0145802892616872,0.0
3846,0,0,1,1,25,1,0,1,0,2,2,0,2,0,0,1,0,89.15,2257.75,1,2,0.0394687327061427,1069.8000000000002
2390,1,1,1,0,58,1,2,1,2,2,2,0,2,2,1,1,2,108.85,6287.25,1,3,0.0173100624180018,1306.1999999999998
6956,0,0,1,1,35,0,1,0,2,0,0,2,2,0,2,1,1,46.35,1662.05,0,2,0.0278704789392982,0.0
3137,0,1,0,0,16,1,2,1,0,0,0,0,2,0,0,1,2,84.75,1350.15,1,1,0.0627243459275432,1017.0
409,1,0,1,1,45,1,2,0,0,2,2,0,2,2,1,0,1,78.75,3600.65,0,2,0.0218649785514972,0.0
2343,0,0,0,0,17,1,0,1,0,2,0,0,2,0,0,1,2,83.55,1329.15,0,1,0.0628124647596135,1002.5999999999999
6916,0,0,1,1,1,1,0,0,0,0,0,0,0,0,0,1,2,45.7,45.7,1,0,0.9785867237687366,548.4000000000001
5683,1,0,0,0,22,1,0,2,1,1,1,1,1,1,1,0,3,19.6,422.5,0,1,0.0462809917355371,0.0
5667,0,1,0,0,1,1,0,1,0,0,0,0,0,0,0,1,2,69.95,69.95,1,0,0.9859055673009162,839.4000000000001
7030,1,0,1,1,67,1,0,0,2,0,2,2,0,2,2,0,3,67.85,4627.65,0,3,0.0146587017812969,0.0
165,0,0,1,1,67,1,2,1,0,0,2,2,2,2,2,1,0,105.65,6717.9,0,3,0.0157243001086487,0.0
5395,0,0,1,0,2,0,1,0,0,0,0,0,2,2,0,0,2,44.6,97.1,1,0,0.454638124362895,535.2
2703,1,0,0,0,23,1,2,1,0,0,0,0,0,0,0,1,2,74.95,1710.45,1,1,0.0437932747085804,899.4000000000001
4985,0,1,0,0,9,1,0,1,0,0,2,0,0,0,0,0,1,75.5,637.4,0,0,0.1182644110275689,0.0
2790,0,0,0,0,5,1,0,2,1,1,1,1,1,1,0,0,3,20.15,117.95,0,0,0.1693989071038251,0.0
10,1,0,0,0,54,0,1,0,2,0,0,2,2,0,2,0,1,45.2,2460.55,0,3,0.0183624139261847,0.0
995,0,0,0,0,57,1,0,1,0,0,2,0,2,2,2,1,2,95.25,5464.65,1,3,0.0174270214887524,1143.0
6034,1,0,0,0,24,1,2,1,0,0,2,0,2,0,0,1,3,89.85,2165.05,1,1,0.0414810369105052,1078.1999999999998
6448,0,0,1,1,49,1,2,1,0,2,0,0,2,2,1,0,3,100.45,4941.8,1,3,0.0203224892773326,1205.4
131,1,0,0,0,5,1,2,0,0,0,0,0,0,0,0,0,2,47.15,223.15,1,0,0.2103502119116662,0.0
5737,1,0,0,0,2,1,0,1,0,0,0,0,0,2,0,1,2,80.2,181.1,1,0,0.4404173531026908,962.4000000000001
6622,0,0,0,1,4,1,2,1,0,0,2,2,0,0,0,1,3,87.1,341.45,1,0,0.2543436998101913,1045.1999999999998
5418,1,0,1,1,70,1,2,0,2,2,2,2,2,0,2,1,0,79.25,5731.85,0,3,0.0138238398004482,0.0
2139,1,0,0,0,5,1,2,1,0,0,0,0,0,0,0,1,0,75.9,357.75,1,0,0.2115679442508711,910.8000000000001
1031,1,0,1,1,53,1,2,0,2,0,2,2,2,2,0,0,2,85.7,4616.1,0,3,0.0185614346667821,0.0
4845,0,0,1,0,47,1,2,1,2,2,2,0,2,0,0,1,2,98.75,4533.7,1,2,0.021776523254019,1185.0
5200,0,0,0,1,31,1,0,2,1,1,1,1,1,1,1,0,1,20.1,589.25,0,2,0.0340533672172808,0.0
3074,1,0,1,1,13,1,0,0,0,2,2,2,0,0,0,0,0,61.8,750.1,0,1,0.082279323658634,0.0
3638,0,0,1,1,28,1,2,0,0,0,0,0,0,0,0,0,3,49.9,1410.25,0,2,0.0353587245349867,0.0
6251,0,0,0,0,10,1,2,1,0,0,0,0,0,2,0,0,2,86.45,830.85,1,0,0.1039249864759271,1037.4
737,1,0,1,0,38,1,0,2,1,1,1,1,1,1,2,0,0,20.4,743.5,0,2,0.0274009402283411,0.0
5017,0,0,0,0,1,1,0,0,0,0,0,0,0,0,0,1,3,45.3,45.3,1,0,0.978401727861771,543.5999999999999
5457,1,0,1,0,67,1,2,1,0,2,2,0,2,2,1,0,2,104.1,7040.85,1,3,0.014783047068597,1249.1999999999998
1746,1,0,1,0,52,1,0,0,2,2,0,0,2,2,1,1,3,75.4,3865.45,0,3,0.0195010927336445,0.0
102,1,0,1,1,62,1,0,1,2,2,2,2,2,2,2,0,3,108.15,6825.65,0,3,0.0158423238337984,0.0
4239,0,0,0,0,16,1,0,1,0,2,0,0,0,2,0,1,2,86.25,1340.1,0,1,0.0643128774886287,0.0
3351,0,1,1,0,5,1,2,1,0,2,0,0,0,0,0,1,2,81.0,371.65,1,0,0.2173621360525962,972.0
5875,1,0,0,0,12,1,0,1,0,0,2,0,2,2,1,0,2,95.7,1184.0,0,0,0.080759493670886,0.0
1028,0,0,1,1,72,1,2,1,2,2,2,2,2,2,2,1,0,116.85,8477.7,0,3,0.0137815938764197,0.0
192,1,1,0,0,71,1,2,1,0,2,0,2,2,2,1,0,0,105.75,7382.85,0,3,0.0143217968945739,0.0
2653,0,0,1,0,24,1,0,2,1,1,1,1,1,1,1,0,3,20.15,456.85,0,1,0.0440100469586108,0.0
3099,0,0,0,0,15,1,0,2,1,1,1,1,1,1,2,0,3,19.6,331.6,0,1,0.0589296452194828,0.0
4589,1,0,1,0,67,1,0,1,2,2,0,0,0,2,1,1,1,90.6,6056.15,1,3,0.0149575295312151,1087.1999999999998
2152,1,0,0,1,2,1,2,0,2,2,0,0,0,0,0,0,0,60.95,134.6,0,0,0.4494837758112094,0.0
3794,0,0,1,1,5,0,1,0,0,0,0,0,0,0,0,0,3,25.05,125.5,0,0,0.1980237154150197,0.0
2635,0,0,1,0,15,1,0,1,0,0,0,0,2,2,0,0,2,88.15,1390.6,1,1,0.0633443518252371,1057.8000000000002
5888,1,0,0,0,1,1,0,2,1,1,1,1,1,1,0,1,3,20.2,20.2,1,0,0.9528301886792452,242.39999999999998
6833,1,0,1,1,41,1,0,0,2,2,2,0,0,0,1,1,0,60.3,2511.3,0,2,0.0240019105998487,0.0
5749,0,0,0,1,43,1,0,0,2,2,0,0,0,2,0,1,2,63.95,2737.05,0,2,0.0233560380562809,0.0
6191,1,1,1,0,1,1,2,1,0,0,0,0,0,0,0,0,2,74.3,74.3,0,0,0.9867197875166004,0.0
5889,0,1,0,0,1,1,0,1,0,0,0,0,0,0,0,1,3,70.6,70.6,0,0,0.9860335195530726,0.0
6468,0,0,1,1,26,1,0,1,0,0,0,0,2,2,0,1,2,90.8,2361.8,1,2,0.0384289825630607,1089.6
4457,1,0,0,0,22,1,2,1,0,2,0,0,0,0,0,1,2,79.35,1730.35,1,1,0.0458312877234527,952.1999999999999
5238,1,0,1,0,71,1,2,0,2,2,2,2,2,2,2,0,0,90.55,6404.0,0,3,0.0141373926619828,0.0
2472,1,0,0,0,7,1,0,2,1,1,1,1,1,1,2,0,3,19.45,165.35,0,0,0.116922152088969,0.0
5221,0,1,0,0,28,1,2,0,0,2,2,2,0,0,0,0,0,64.45,1867.6,0,2,0.0344910628277855,0.0
4637,1,1,0,0,16,1,0,1,0,0,0,0,0,0,0,0,2,69.65,1043.3,0,1,0.0666953940438571,0.0
1748,1,0,0,0,7,1,0,2,1,1,1,1,1,1,1,0,3,19.5,128.6,0,0,0.1504629629629629,0.0
5313,0,0,0,0,69,1,2,1,0,2,2,2,2,2,2,1,0,110.5,7455.45,0,3,0.0148193845596765,0.0
1741,0,0,0,1,1,0,1,0,0,0,0,0,0,0,0,0,3,24.7,24.7,0,0,0.9610894941634242,0.0
6020,1,0,0,0,3,1,0,0,2,0,2,0,2,2,0,1,2,77.4,206.15,0,0,0.3736422881969587,0.0
7009,1,1,0,0,21,1,0,1,0,0,2,0,2,2,0,1,0,96.8,2030.3,1,1,0.0476542115886378,0.0
802,0,0,1,0,69,1,2,1,0,2,2,0,0,0,0,1,0,85.4,5869.4,0,3,0.014547560643227,0.0
3426,0,0,1,0,71,0,1,0,2,2,2,2,0,0,2,1,0,47.6,3377.8,0,3,0.0140878418373387,0.0
3792,0,0,1,1,69,1,0,2,1,1,1,1,1,1,2,0,3,19.4,1346.2,0,3,0.0144002375296912,0.0
1372,0,0,0,0,48,1,2,1,0,0,2,2,2,2,0,1,2,103.85,4946.05,0,2,0.0209923085475182,0.0
4369,1,0,1,0,47,1,2,1,0,2,2,0,0,0,0,1,0,83.35,4065.0,1,2,0.0204992621741269,1000.1999999999999
6841,0,0,0,0,2,1,2,0,0,0,0,0,0,0,0,1,2,49.4,106.55,1,0,0.4593212459321246,592.8
834,1,0,0,0,45,1,2,1,2,0,2,2,2,2,0,1,1,108.45,4964.7,0,2,0.0218398211732484,0.0
2899,1,0,0,0,51,1,2,1,0,2,0,0,0,0,0,0,0,81.0,4085.75,0,3,0.0198201504863277,0.0
1480,0,0,1,0,22,1,2,0,2,0,0,2,2,2,0,1,2,79.2,1742.75,1,1,0.0454193548387096,950.4000000000001
511,1,0,0,0,72,1,2,0,2,2,2,2,2,2,2,0,0,86.65,6224.8,0,3,0.0139178900703524,0.0
5289,1,0,1,1,37,1,2,1,0,2,2,0,2,0,0,1,2,92.95,3415.25,0,2,0.0272081961214782,0.0
3722,1,0,1,1,71,1,2,0,2,2,2,2,2,2,2,0,2,90.35,6325.25,0,3,0.0142817624975301,0.0
3493,1,0,1,1,7,1,0,0,0,0,2,0,0,0,0,0,2,48.7,340.25,1,0,0.1427106227106227,0.0
5663,0,0,0,0,66,1,2,2,1,1,1,1,1,1,2,1,1,25.15,1683.6,0,3,0.0149293600854802,0.0
5551,1,0,1,1,51,1,0,0,2,0,0,2,2,2,1,1,0,76.4,3966.3,0,3,0.0192574294860484,0.0
5014,0,0,1,1,30,1,0,2,1,1,1,1,1,1,1,0,0,19.55,608.5,0,2,0.0320754716981132,0.0
3636,0,0,0,0,34,1,2,1,0,0,0,0,2,0,0,0,2,85.35,2896.6,0,2,0.0294554113749309,0.0
1251,1,0,1,1,64,1,2,2,1,1,1,1,1,1,2,1,3,24.8,1514.85,0,3,0.0163604578289408,0.0
3402,1,1,1,0,65,1,2,1,0,2,2,0,2,2,1,1,0,103.15,6792.45,0,3,0.0151837431643715,0.0
6400,1,0,0,0,47,1,2,1,2,2,0,2,2,0,0,0,3,100.75,4669.2,0,2,0.0215729519078412,0.0
4499,0,0,0,0,1,1,0,1,2,0,0,0,2,2,0,1,2,95.6,95.6,1,0,0.989648033126294,1147.1999999999998
6074,0,0,0,0,49,1,2,0,2,2,0,0,0,0,0,1,1,59.75,2934.3,1,3,0.0203556706299185,717.0
2361,0,0,1,1,67,1,2,1,0,2,0,2,2,0,2,0,1,94.1,6302.8,0,3,0.014927504045179,0.0
4236,1,0,0,1,39,1,0,2,1,1,1,1,1,1,1,0,0,19.35,779.2,0,2,0.0248013329915406,0.0
2127,1,0,0,0,14,1,0,2,1,1,1,1,1,1,0,0,3,19.9,283.75,0,1,0.0698858647936786,0.0
4375,0,1,0,0,43,1,0,1,2,2,0,2,2,2,0,1,1,108.15,4600.7,1,2,0.0235021839754873,1297.8000000000002
5600,1,1,0,0,56,1,2,1,0,0,2,0,2,2,0,1,2,101.05,5594.0,0,3,0.0180607685433422,0.0
5124,0,0,0,0,14,1,0,0,0,0,0,2,0,2,1,0,1,59.1,772.85,0,1,0.0763713898042256,0.0
2215,0,0,0,0,1,1,0,1,0,0,0,0,0,0,0,0,2,71.35,71.35,1,0,0.9861782999308916,856.1999999999999
5491,1,0,1,1,16,1,0,0,2,2,0,0,0,0,1,1,3,55.85,857.8,0,1,0.0650326036329762,0.0
4095,1,0,1,1,70,1,2,1,2,2,0,0,2,2,0,1,2,106.05,7554.05,0,3,0.0140369686501082,0.0
6976,1,1,1,0,72,1,2,0,2,2,2,0,2,2,2,1,1,84.1,5981.65,0,3,0.014057315738009,0.0
4192,0,0,1,1,23,1,0,1,0,0,2,0,0,0,0,1,1,75.3,1702.9,0,1,0.044192734315394,0.0
2427,1,0,0,1,21,1,2,2,1,1,1,1,1,1,0,0,3,24.7,467.15,0,1,0.0527608672434048,0.0
3446,0,0,0,0,1,1,0,2,1,1,1,1,1,1,0,1,3,20.15,20.15,1,0,0.9527186761229316,241.79999999999998
734,1,0,0,1,1,1,0,1,0,0,0,0,0,0,0,0,0,69.75,69.75,1,0,0.9858657243816256,837.0
5881,0,1,1,0,32,1,2,1,0,0,0,0,2,2,0,1,2,93.2,2931.0,1,2,0.0317871759890859,1118.4
2044,1,0,1,1,17,1,0,1,0,0,0,0,2,0,0,0,2,80.85,1400.85,1,1,0.0576737882084388,970.1999999999999
2675,0,0,0,0,4,0,1,0,2,2,0,0,0,0,0,1,2,33.65,137.85,1,0,0.242347857400072,0.0
4813,0,0,0,0,36,1,2,0,0,0,2,0,0,0,1,0,2,55.8,1941.5,0,2,0.0287258687258687,0.0
2757,0,0,0,0,50,0,1,0,0,2,2,2,0,0,2,0,1,39.7,1932.75,0,3,0.020530058177117,0.0
4720,0,0,1,1,48,0,1,0,0,0,0,2,0,0,0,1,1,29.5,1423.05,0,2,0.0207155647624732,0.0
6314,0,0,0,1,50,1,0,2,1,1,1,1,1,1,2,0,1,20.15,970.85,0,3,0.0207336523125996,0.0
1539,1,0,1,0,72,1,2,0,2,2,2,2,0,2,2,0,1,79.55,5810.9,0,3,0.0136874344018307,0.0
3937,1,0,0,1,10,1,2,2,1,1,1,1,1,1,0,0,1,24.8,223.9,0,0,0.1102712316585148,0.0
717,0,0,0,0,18,1,0,2,1,1,1,1,1,1,0,0,3,19.65,391.7,0,1,0.0500381970970206,0.0
6539,1,0,0,0,1,1,0,1,0,0,0,0,2,0,0,1,2,79.95,79.95,1,0,0.987646695491044,959.4000000000001
522,0,0,0,0,1,1,0,2,1,1,1,1,1,1,0,0,2,19.3,19.3,1,0,0.9507389162561576,231.60000000000002
5738,1,0,0,0,9,1,0,1,0,0,2,0,2,2,0,1,2,94.05,811.65,0,0,0.1157324801575093,0.0
2897,1,0,0,0,2,1,2,1,2,0,0,0,0,2,0,0,3,90.75,174.75,0,0,0.5163584637268848,0.0
1482,0,0,1,0,40,1,2,1,0,0,0,2,0,0,0,1,1,78.85,3126.85,0,2,0.0252090093834423,0.0
4405,1,0,1,0,69,1,2,1,0,0,2,0,2,2,1,0,0,99.5,6841.45,0,3,0.0145415750206431,0.0
1457,0,0,1,0,37,1,2,1,2,0,2,2,0,2,1,1,2,99.2,3754.6,1,2,0.0264138885930344,1190.4
2017,1,0,0,1,18,1,2,1,0,0,2,0,0,0,0,1,1,80.55,1406.65,0,1,0.0572230312932902,0.0
5112,1,1,1,0,11,1,0,1,0,0,0,0,0,0,0,1,2,70.2,834.7,0,0,0.0840014359219815,0.0
2169,0,0,1,0,8,1,2,1,0,0,0,0,0,2,0,1,1,85.2,627.4,1,0,0.1355824315722469,1022.4000000000001
629,0,0,0,0,3,1,2,1,0,0,0,0,0,0,0,0,2,75.25,242.0,1,0,0.3096707818930041,903.0
3160,1,0,1,1,55,1,0,0,2,0,0,0,0,2,1,0,1,59.45,3157.0,0,3,0.0188252058264724,0.0
5256,1,0,1,0,33,1,2,1,0,2,2,0,0,2,0,1,2,93.35,3092.0,0,2,0.0301810539928871,0.0
574,0,0,0,0,46,1,0,0,0,0,0,0,0,0,0,0,0,44.95,2168.9,0,2,0.0207152403336559,0.0
2452,1,0,0,0,34,1,2,2,1,1,1,1,1,1,2,0,0,26.1,980.35,0,2,0.0265960156926682,0.0
2625,0,0,0,0,3,1,0,2,1,1,1,1,1,1,0,0,2,20.2,65.95,0,0,0.3017176997759522,0.0
2348,1,0,1,1,30,1,0,2,1,1,1,1,1,1,2,0,3,21.25,711.9,0,2,0.0298078271847383,0.0
5934,0,0,0,0,33,1,2,0,2,0,0,2,0,0,1,0,2,59.4,1952.8,0,2,0.0304022929675504,0.0
5387,1,0,1,1,45,1,2,1,0,2,2,0,0,2,1,1,1,95.0,4368.85,0,2,0.021739876654805,0.0
5465,1,0,0,0,40,1,0,0,2,2,0,2,0,0,0,1,3,61.9,2647.1,0,2,0.0233752501793738,0.0
6334,0,0,0,0,71,1,2,1,2,2,2,2,2,2,2,1,2,118.65,8477.6,0,3,0.0139940556223904,0.0
3030,1,0,0,0,1,1,2,0,0,0,2,0,0,0,0,0,2,54.35,54.35,1,0,0.98193315266486,652.2
2900,0,0,1,1,72,0,1,0,2,2,2,2,2,2,2,0,0,64.45,4528.0,0,3,0.0142305144623537,0.0
6875,0,0,1,1,22,1,0,1,0,0,0,0,0,2,0,1,2,80.15,1790.65,0,1,0.0447352998632545,961.8000000000001
6899,1,0,1,1,46,1,0,2,1,1,1,1,1,1,1,1,0,20.2,845.6,0,2,0.0238601464682258,0.0
4088,0,0,1,1,55,1,0,2,1,1,1,1,1,1,2,0,3,21.0,1210.3,0,3,0.0173367456451746,0.0
458,1,0,0,0,1,1,0,2,1,1,1,1,1,1,0,0,3,20.45,20.45,0,0,0.9533799533799534,0.0
2888,0,0,0,0,12,1,2,0,0,0,0,2,2,2,1,1,3,75.85,854.45,0,0,0.0886667835642059,0.0
6226,1,0,0,0,31,1,2,1,0,2,0,0,0,0,0,1,2,80.45,2429.1,0,2,0.0331056335130241,0.0
5531,1,0,1,0,5,0,1,0,0,0,0,0,0,0,0,1,2,24.95,100.4,1,0,0.2460552268244575,299.4
5891,0,0,1,1,67,1,2,0,2,0,0,0,2,2,2,1,2,75.5,5229.45,0,3,0.0144347044709346,0.0
4135,1,0,0,0,1,1,0,0,0,0,0,0,0,0,0,0,3,44.45,44.45,0,0,0.977997799779978,0.0
5691,1,0,1,0,40,0,1,0,2,2,2,0,0,0,1,1,2,42.35,1716.45,1,2,0.0246586509068677,508.20000000000005
796,1,0,1,1,41,1,2,0,2,2,2,0,2,0,0,1,1,74.55,3023.55,0,2,0.0246482947876543,0.0
6880,1,0,0,0,1,1,2,1,0,0,0,0,0,0,0,1,2,75.3,75.3,1,0,0.9868938401048492,903.5999999999999
6308,1,0,0,0,51,1,2,1,2,2,0,0,2,0,1,1,2,94.8,4837.6,1,3,0.0195924440953994,1137.6
4007,1,0,1,1,42,0,1,0,2,0,2,2,2,0,2,0,1,48.15,2032.3,0,2,0.0236807160773127,0.0
4304,1,0,1,1,23,1,0,2,1,1,1,1,1,1,1,0,3,19.65,436.9,0,1,0.0448732587348709,0.0
5707,0,1,0,0,1,1,0,1,0,0,0,0,0,0,0,1,2,70.55,70.55,1,0,0.9860237596086652,846.5999999999999
6326,0,0,0,0,1,1,0,2,1,1,1,1,1,1,0,0,3,20.15,20.15,0,0,0.9527186761229316,0.0
2813,0,0,0,0,56,1,2,1,2,2,0,0,2,2,0,1,1,106.6,5893.95,0,3,0.0180832746672999,0.0
950,1,0,0,1,15,1,2,1,0,2,0,0,2,0,0,1,2,91.0,1430.05,0,1,0.0635896719192201,0.0
6065,1,0,1,1,12,1,2,2,1,1,1,1,1,1,2,1,0,25.4,313.0,0,0,0.0808917197452229,0.0
4450,0,0,1,1,54,1,0,0,2,0,2,2,0,2,2,0,0,69.95,3871.85,0,3,0.0180616341970383,0.0
5784,0,0,0,0,7,1,0,0,0,0,0,0,2,2,0,1,2,66.85,458.1,0,0,0.1456109780004356,0.0
2103,0,0,1,1,33,1,2,1,0,0,0,0,0,2,0,0,1,86.15,2745.7,1,2,0.0313649106200167,1033.8000000000002
4709,1,0,1,1,16,1,0,2,1,1,1,1,1,1,0,0,2,20.15,341.35,0,1,0.0588578939681612,0.0
2949,0,0,0,1,21,1,0,0,2,0,2,0,0,2,1,0,3,64.85,1336.8,0,1,0.0484751083869038,0.0
2853,1,1,1,0,30,1,2,0,0,0,2,0,2,2,2,0,2,74.85,2181.75,0,2,0.0342916046271904,0.0
1196,1,0,0,0,3,1,0,0,0,0,0,2,0,0,0,1,3,50.5,147.75,0,0,0.3394957983193277,0.0
957,1,0,0,0,11,1,0,1,0,0,2,0,0,0,0,0,2,72.9,818.45,0,0,0.0889621087314662,0.0
6274,0,0,0,0,62,1,2,1,2,2,2,2,2,2,1,1,1,115.05,7133.45,0,3,0.0161259802787881,0.0
1358,1,0,0,0,18,1,0,2,1,1,1,1,1,1,0,0,2,19.0,348.8,0,1,0.0543167524299599,0.0
925,1,0,0,1,6,1,0,2,1,1,1,1,1,1,0,0,3,19.55,128.6,0,0,0.1508487654320987,0.0
1353,0,0,0,0,46,1,2,1,0,0,2,0,2,2,1,1,2,101.1,4674.4,0,2,0.0216238182829276,0.0
3983,1,0,0,0,21,1,2,1,0,0,0,0,0,2,0,1,2,84.1,1737.45,0,1,0.0483764272771721,0.0
1752,1,0,0,0,68,1,2,2,1,1,1,1,1,1,2,1,0,24.15,1498.85,0,3,0.0161016101610161,0.0
149,0,0,0,0,1,1,2,0,0,0,0,0,0,0,0,1,2,50.1,50.1,0,0,0.980430528375734,0.0
5650,0,0,1,0,25,1,0,1,0,0,2,0,0,0,0,1,2,74.6,1797.75,0,2,0.0414732453092425,0.0
3025,0,0,0,1,24,1,0,2,1,1,1,1,1,1,2,0,3,19.75,498.1,0,1,0.0395712282107794,0.0
357,0,0,1,0,30,1,2,1,0,0,0,0,0,2,0,1,2,85.0,2624.25,1,2,0.0323778687744024,1020.0
1884,0,0,0,0,2,1,0,1,0,0,0,0,0,2,0,0,2,80.55,184.1,1,0,0.4351701782820097,966.5999999999999
1210,1,0,1,0,51,1,2,1,0,2,2,0,2,2,1,1,0,106.8,5498.8,0,3,0.0194188879595621,0.0
6536,0,0,1,1,57,1,2,0,2,0,2,2,2,2,2,1,2,84.5,4845.4,0,3,0.0174356223175965,0.0
5670,0,0,0,0,15,1,2,2,1,1,1,1,1,1,2,0,0,25.05,369.1,0,1,0.0676844096190218,0.0
5038,0,0,1,1,72,1,0,0,2,2,2,2,2,2,2,1,0,83.7,6096.9,0,3,0.0137260368323521,0.0
3641,0,0,0,0,2,1,0,1,0,0,2,0,0,0,0,1,2,75.8,160.75,1,0,0.4686244204018547,909.5999999999999
4700,1,0,1,0,28,1,2,1,0,2,2,0,2,0,0,0,1,96.6,2684.35,0,2,0.035972964418046,0.0
2824,1,1,1,0,29,1,2,1,0,0,2,0,2,2,0,1,2,98.5,3004.15,1,2,0.0327770660366371,1182.0
3872,1,0,1,1,70,1,0,1,2,2,2,2,2,0,2,1,1,101.1,6994.8,0,3,0.0144515280596929,0.0
3547,0,0,0,0,13,1,0,2,1,1,1,1,1,1,1,0,3,20.2,273.25,0,1,0.0736554238833181,0.0
2034,0,1,1,0,59,1,2,1,2,2,2,2,0,0,1,1,2,94.05,5483.9,0,3,0.0171470765191708,0.0
6387,1,1,1,0,13,1,2,1,0,0,0,0,2,2,0,1,2,95.25,1233.65,1,1,0.0771473696999149,1143.0
6128,1,1,1,0,7,1,2,1,0,0,0,0,0,0,0,1,3,74.4,527.9,1,0,0.1406693136698809,892.8000000000001
4544,0,0,1,0,62,1,0,0,2,0,2,2,2,2,2,0,3,81.0,4985.9,0,3,0.0162425554953979,0.0
5834,0,0,0,0,21,1,0,0,2,0,2,2,0,0,1,1,2,60.25,1258.35,0,1,0.0478421407869138,0.0
2801,0,0,0,0,2,1,0,0,0,0,2,0,0,2,0,0,2,60.85,111.4,0,0,0.5413701067615658,730.2
1274,0,0,0,0,1,1,0,0,0,0,0,0,0,0,0,0,1,43.95,43.95,0,0,0.9777530589543938,0.0
1373,1,0,0,0,4,1,0,1,0,0,2,0,0,2,0,0,2,86.05,308.1,0,0,0.2783888709155613,0.0
809,0,0,0,0,19,1,0,2,1,1,1,1,1,1,1,0,1,20.25,383.65,0,1,0.0526452619264266,0.0
5615,0,0,0,0,30,1,0,1,0,0,0,2,2,0,0,0,2,85.15,2555.9,1,2,0.0333020454456568,1021.8000000000001
1797,1,0,1,1,67,1,0,2,1,1,1,1,1,1,2,1,1,19.4,1284.2,0,3,0.0150949268596327,0.0
1990,1,1,1,0,72,1,2,1,2,2,2,0,0,2,2,1,1,102.65,7550.3,0,3,0.0135936858554156,0.0
1127,1,0,1,0,53,1,0,2,1,1,1,1,1,1,2,0,1,19.9,1110.05,0,3,0.0179109851041807,0.0
5185,0,0,0,0,5,1,0,2,1,1,1,1,1,1,1,0,2,19.55,99.6,0,0,0.1943339960238568,0.0
5225,1,1,1,0,71,1,0,1,0,2,2,2,0,2,2,1,1,95.5,6707.15,0,3,0.0142364139144175,0.0
781,0,0,1,1,50,1,2,0,0,2,2,2,2,2,1,1,1,84.15,4164.4,0,3,0.0202021414510011,0.0
1737,1,0,1,1,56,1,2,1,0,0,2,2,2,2,2,1,2,103.2,5873.75,0,3,0.0175667049661687,0.0
4844,1,0,0,0,2,1,0,0,0,0,0,2,0,0,0,1,1,50.2,109.25,0,0,0.4553287981859411,0.0
3279,0,1,0,0,2,1,2,1,0,0,2,0,0,2,0,1,2,88.55,179.25,1,0,0.4912621359223301,1062.6
5397,1,0,1,1,24,1,2,0,2,0,0,0,0,0,0,0,2,54.75,1338.15,1,1,0.0408841429264832,657.0
4222,1,0,1,1,46,1,0,2,1,1,1,1,1,1,2,0,1,19.95,862.4,0,2,0.0231063238359972,0.0
6264,1,0,1,0,71,1,2,1,2,2,2,2,2,2,2,1,2,116.25,8564.75,0,3,0.0135714911128622,0.0
2575,0,0,0,0,29,0,1,0,0,0,0,2,0,0,0,1,2,31.2,926.2,0,2,0.0336496980155306,0.0
2938,1,0,1,1,69,1,2,2,1,1,1,1,1,1,2,0,0,24.45,1718.2,0,3,0.0142217310376919,0.0
3519,1,0,1,0,71,1,2,0,0,2,2,2,2,2,2,0,1,84.2,5956.85,0,3,0.0141326149533808,0.0
2798,0,1,0,0,1,1,0,1,0,0,0,0,2,2,0,1,2,91.3,91.3,1,0,0.9891657638136512,1095.6
5400,1,1,1,0,56,1,0,0,2,2,2,2,2,2,2,1,0,85.65,4824.45,0,3,0.0177496399299547,0.0
4909,1,0,0,1,56,1,0,2,1,1,1,1,1,1,1,1,3,21.2,1238.65,0,3,0.0171016012584197,0.0
1723,1,0,0,0,1,1,0,1,0,0,0,0,2,0,0,1,2,79.5,79.5,1,0,0.9875776397515528,954.0
6959,0,0,1,0,28,1,2,2,1,1,1,1,1,1,1,0,3,25.55,672.2,0,2,0.0379530600118835,0.0
4338,0,0,1,1,19,1,0,2,1,1,1,1,1,1,0,0,3,20.2,382.2,0,1,0.0527139874739039,0.0
6024,1,0,1,0,66,1,2,0,0,0,0,2,0,2,0,0,2,63.85,4264.6,0,3,0.0149685858964741,0.0
6889,0,0,1,1,17,1,2,0,0,0,2,2,0,0,1,1,3,61.95,1070.7,0,1,0.0578053559764859,0.0
6016,1,0,1,1,52,1,2,2,1,1,1,1,1,1,2,0,3,25.75,1345.85,0,3,0.0191186843375283,0.0
4455,0,0,0,0,19,1,0,0,0,2,0,0,2,0,1,0,2,58.2,1045.25,0,1,0.0556272401433691,0.0
5629,0,0,0,0,36,1,0,0,2,2,2,2,2,2,1,0,0,85.85,3003.55,0,2,0.0285733304488192,0.0
4190,1,1,1,0,7,1,0,1,0,0,0,0,0,0,0,1,3,70.1,467.55,1,0,0.1496105004802048,841.1999999999999
3372,1,0,1,1,72,1,2,1,2,2,2,2,0,2,1,1,1,104.9,7537.5,0,3,0.0139152351263513,0.0
1820,1,0,1,1,67,1,2,1,2,2,2,0,2,2,1,1,2,111.3,7482.1,1,3,0.0148735149871042,1335.6
255,1,1,0,0,34,1,0,1,0,2,2,0,2,2,1,1,2,99.85,3343.15,0,2,0.0298581104316492,0.0
2239,1,1,1,0,57,1,2,1,0,2,2,0,0,2,0,1,0,95.25,5427.05,1,3,0.0175477381380053,0.0
2985,0,0,1,0,7,1,0,1,0,0,2,0,2,0,0,1,2,86.25,587.1,1,0,0.1466587315082469,1035.0
5116,0,1,1,0,1,1,2,1,0,0,2,0,2,2,0,1,2,100.8,100.8,1,0,0.9901768172888016,1209.6
3042,1,0,1,0,8,1,0,2,1,1,1,1,1,1,0,1,0,19.55,161.15,0,0,0.1205673758865248,0.0
4998,0,0,0,0,69,1,2,1,0,0,2,2,2,2,2,0,2,104.0,7028.5,0,3,0.0147947933707945,0.0
4093,0,0,1,0,50,1,2,1,2,0,2,0,2,2,1,1,3,104.4,5232.9,0,3,0.0199468847322264,0.0
5729,1,0,0,0,10,1,0,2,1,1,1,1,1,1,1,0,3,19.5,225.85,0,0,0.0859598853868194,0.0
3679,0,0,1,1,12,1,2,2,1,1,1,1,1,1,2,0,1,25.25,274.7,0,0,0.0915850562205295,0.0
5911,0,0,0,0,14,1,0,1,0,2,0,0,0,2,0,1,2,86.3,1180.95,1,1,0.0730149329497863,0.0
3006,0,0,1,0,70,0,1,0,2,0,2,2,0,2,2,1,0,49.85,3370.2,0,3,0.0147870194589463,0.0
6001,0,1,0,0,64,1,2,1,2,0,2,2,2,2,0,1,0,108.95,7111.3,0,3,0.015318532682817,0.0
569,0,0,1,1,66,1,2,0,2,2,2,2,2,2,2,0,1,89.9,5958.85,0,3,0.0150842722551742,0.0
3896,0,0,1,1,71,1,0,0,2,0,2,2,2,2,2,1,1,82.0,5999.85,0,3,0.0136647308297991,0.0
893,1,1,0,0,20,1,0,1,0,0,0,0,2,2,0,0,2,89.95,1648.45,0,1,0.054533329291582,0.0
1523,1,0,1,0,72,1,0,0,2,2,0,2,2,2,2,1,0,79.35,5753.25,0,3,0.0137898075335621,0.0
6068,0,0,1,1,71,1,0,0,2,2,2,2,0,0,2,0,1,64.05,4492.9,0,3,0.0142526535970982,0.0
5930,1,0,1,1,38,1,2,1,0,0,2,0,2,2,0,1,1,101.15,3956.7,0,2,0.025557773454279,0.0
5800,0,0,0,0,28,1,2,1,0,2,0,0,0,2,0,1,2,89.95,2625.55,1,2,0.0342464449563115,1079.4
1735,1,1,1,0,17,1,0,1,0,2,0,0,0,0,0,1,2,76.45,1233.4,1,1,0.0619329228775113,917.4000000000001
790,1,0,0,0,33,0,1,0,0,2,0,0,2,0,1,1,2,39.1,1309.0,0,2,0.0298473282442748,0.0
2298,0,0,1,1,23,0,1,0,2,0,0,2,0,0,2,0,3,34.6,813.45,0,1,0.0424826570077966,0.0
537,1,0,1,1,58,1,0,2,1,1,1,1,1,1,1,1,2,19.55,1108.8,0,3,0.0176157866282213,0.0
2513,0,1,1,0,70,1,2,1,0,2,0,2,2,2,2,1,0,104.45,7349.35,0,3,0.0142102076771854,0.0
2434,1,0,1,0,4,1,0,1,0,0,0,0,0,0,0,0,2,70.5,294.2,0,0,0.2388211382113821,0.0
3718,1,0,1,1,45,1,0,2,1,1,1,1,1,1,2,0,3,20.35,929.2,0,2,0.0218770156955493,0.0
1705,1,0,0,0,10,1,0,1,0,0,0,0,0,0,0,1,2,70.0,740.0,1,0,0.0944669365721997,840.0
4584,1,0,1,1,36,1,0,2,1,1,1,1,1,1,2,0,1,19.45,754.5,0,2,0.0257445400397088,0.0
5745,1,0,0,0,54,1,0,0,2,2,0,2,2,0,0,1,3,69.9,3883.3,0,3,0.0179955204283912,0.0
3125,1,0,1,1,23,1,2,0,0,2,0,2,0,0,2,0,3,59.7,1414.2,0,1,0.0421848501978519,0.0
6975,0,0,1,1,41,1,2,0,2,2,2,0,2,0,1,1,1,78.35,3211.2,0,2,0.0243913828528734,0.0
2385,1,1,0,0,5,1,0,1,0,0,0,0,0,0,0,1,3,71.45,371.6,0,0,0.191760601180891,0.0
1507,1,0,1,1,27,0,1,0,0,2,2,0,0,2,1,1,1,45.85,1246.4,0,2,0.03675645342312,0.0
958,0,0,0,0,1,1,0,1,0,0,0,2,2,2,0,1,2,95.85,95.85,0,0,0.989674754775426,0.0
5723,0,0,1,1,67,0,1,0,2,0,0,2,0,0,2,0,1,35.7,2545.7,0,3,0.0140181411238072,0.0
2366,0,1,1,1,72,1,2,0,2,2,2,2,2,2,2,1,1,89.55,6448.85,0,3,0.0138840438149724,0.0
2013,0,0,1,1,56,1,2,2,1,1,1,1,1,1,2,1,1,24.95,1468.9,0,3,0.016973943805701,0.0
2354,1,0,1,1,44,1,2,2,1,1,1,1,1,1,1,0,2,24.85,1013.6,0,2,0.0244924108022866,0.0
684,0,1,1,0,66,1,2,1,0,2,0,0,2,2,0,1,2,100.8,6690.75,0,3,0.0150633242425374,0.0
587,0,0,0,0,34,1,2,0,2,2,0,2,0,0,1,1,3,64.4,2088.75,1,2,0.0308170833831798,772.8000000000001
4286,0,0,1,0,69,1,2,1,0,0,2,2,2,2,2,0,0,105.35,7240.65,0,3,0.0145477895231059,0.0
5099,0,0,1,1,1,1,2,1,2,0,2,0,2,2,0,1,2,102.45,102.45,1,0,0.9903334944417592,1229.4
233,0,0,0,0,40,1,0,2,1,1,1,1,1,1,2,0,1,19.65,830.25,0,2,0.0236390977443609,0.0
6717,1,0,1,1,30,1,2,0,2,0,0,0,0,0,0,1,0,54.45,1588.7,0,2,0.0342517456123796,0.0
3918,0,0,0,0,11,1,0,0,0,0,0,2,2,2,0,0,3,70.5,829.3,0,0,0.0849090690112007,0.0
563,0,0,0,0,15,1,0,2,1,1,1,1,1,1,1,0,1,20.1,302.45,0,1,0.0662382600098863,0.0
965,1,0,0,0,11,1,0,0,0,0,2,0,2,2,0,1,2,69.35,712.25,0,0,0.0972309849281458,0.0
1222,0,0,1,1,64,1,0,2,1,1,1,1,1,1,1,0,0,19.8,1336.65,0,3,0.0148020782715957,0.0
220,1,1,1,0,72,1,0,0,2,2,2,2,2,0,2,0,0,74.4,5360.75,0,3,0.0138760665827388,0.0
5197,1,1,1,0,72,1,2,1,2,2,2,2,0,0,2,1,0,93.05,6735.05,0,3,0.0138137335678921,0.0
6704,0,0,0,1,1,1,0,0,2,0,0,0,0,0,0,0,3,51.2,51.2,0,0,0.9808429118773946,0.0
3491,0,0,0,1,15,1,0,0,2,2,2,2,0,0,1,0,1,65.6,1010.0,0,1,0.0648862512363996,0.0
1385,0,0,0,0,60,1,2,0,0,0,2,2,2,2,1,0,1,80.55,4847.05,0,3,0.0166149276513237,0.0
6454,1,0,0,0,56,1,0,0,2,0,2,0,0,0,1,0,3,52.7,3019.7,0,3,0.0174462872844042,0.0
6363,0,0,0,0,8,1,0,2,1,1,1,1,1,1,2,0,3,20.85,161.65,0,0,0.1281893636643098,0.0
4392,0,0,0,0,3,1,0,1,0,0,2,2,0,0,0,0,1,80.1,217.55,1,0,0.366506520247083,961.1999999999999
2176,0,0,1,0,49,1,2,0,0,0,0,0,0,0,0,1,1,52.15,2583.75,0,3,0.0201760324983073,0.0
3149,0,0,0,0,2,1,0,1,0,0,0,0,2,0,0,1,2,80.2,146.05,1,0,0.5453927235634137,962.4000000000001
1717,0,0,0,0,6,1,0,1,2,2,2,2,0,2,0,1,0,98.15,567.45,1,0,0.1726625032984431,1177.8000000000002
5097,1,0,0,0,70,1,2,1,2,2,2,2,2,2,2,1,0,114.95,7711.25,0,3,0.0149048591526467,0.0
1087,1,0,0,0,12,1,2,1,0,2,2,2,2,2,0,1,3,112.95,1384.75,1,0,0.081508208551326,1355.4
4056,1,1,1,0,52,1,0,1,2,0,2,2,2,2,1,1,0,104.45,5481.25,0,3,0.0190523963701035,0.0
6501,0,0,1,0,72,1,2,1,2,2,2,2,2,2,2,1,1,113.65,8124.2,0,3,0.0139873480037414,0.0
5110,0,0,0,0,40,1,0,2,1,1,1,1,1,1,2,1,0,20.6,827.3,0,2,0.0248702161052758,0.0
93,0,0,0,0,1,1,0,1,0,0,0,0,0,0,0,0,3,70.9,70.9,1,0,0.9860917941585536,850.8000000000001
2903,0,1,0,0,3,1,0,1,0,0,2,0,2,0,0,1,2,86.85,220.95,1,0,0.391304347826087,1042.1999999999998
52,0,1,0,0,40,1,0,1,0,0,0,0,2,2,0,1,2,91.55,3673.6,0,2,0.024914276383824,0.0
5717,1,0,0,1,1,1,0,0,0,0,2,0,0,0,0,1,2,49.85,49.85,0,0,0.9803343166175024,598.2
125,1,0,1,0,30,1,0,2,1,1,1,1,1,1,1,0,1,19.8,576.65,0,2,0.0342768112178654,0.0
205,1,0,1,1,23,1,0,1,2,0,0,2,2,2,0,1,2,99.85,2331.3,1,1,0.0428118166616644,0.0
5098,1,0,1,1,1,1,2,1,0,0,0,0,0,0,0,1,2,74.5,74.5,1,0,0.9867549668874172,894.0
6462,0,1,1,0,44,1,2,1,0,0,2,2,2,2,0,0,2,104.15,4495.65,0,2,0.0231616870336806,0.0
2492,1,0,0,0,65,1,2,1,0,2,2,2,2,2,0,1,2,109.15,6941.2,1,3,0.0157226815706836,1309.8000000000002
8,0,1,0,0,7,1,0,0,2,0,0,0,0,0,0,1,2,48.2,340.35,0,0,0.141204042771349,0.0
3783,1,1,0,0,72,1,2,2,1,1,1,1,1,1,2,1,1,25.1,1789.9,0,3,0.0140152995700485,0.0
1894,0,1,0,0,8,1,2,1,0,0,0,2,2,2,0,1,1,100.15,908.55,0,0,0.1101093947556484,1201.8000000000002
6738,0,0,0,0,16,1,2,0,0,0,2,0,0,2,0,1,1,65.2,1043.35,1,1,0.0624311772873079,782.4000000000001
1089,1,1,1,1,66,1,2,1,0,0,2,0,2,2,0,1,1,99.5,6822.15,1,3,0.0145827074005408,1194.0
4346,1,0,0,0,1,1,0,1,0,0,0,0,0,0,0,1,3,71.55,71.55,1,0,0.9862164024810476,858.5999999999999
6317,1,0,0,1,3,1,0,0,2,0,2,0,0,0,0,0,3,55.9,157.55,0,0,0.3525701671397035,0.0
3002,1,0,1,0,53,1,2,1,2,0,2,0,0,2,0,0,2,93.9,5029.2,1,3,0.0186672498111407,1126.8000000000002
1012,1,1,1,0,8,1,0,0,0,0,2,2,0,2,0,1,1,64.4,581.7,0,0,0.1105199931354041,0.0
3853,1,1,1,0,69,1,2,1,0,2,2,2,2,2,2,1,0,108.4,7318.2,1,3,0.0148103617881735,1300.8000000000002
1444,0,0,0,0,5,1,0,1,0,2,0,0,2,0,0,1,3,85.3,420.45,0,0,0.2023964883141535,0.0
2836,0,0,1,1,72,1,2,1,2,0,2,2,2,2,2,0,3,107.45,7576.7,0,3,0.0141797643084313,0.0
5280,0,0,1,0,13,0,1,0,0,0,2,0,2,2,0,1,0,48.75,633.4,1,1,0.0768442622950819,585.0
5291,0,0,0,0,4,1,2,1,0,0,0,0,2,0,0,1,2,85.65,321.65,1,0,0.2654579265457927,1027.8000000000002
5242,0,0,1,1,54,1,2,0,2,2,2,2,2,2,2,0,1,91.3,4965.0,0,3,0.018385018123238,0.0
6558,1,0,1,0,72,1,2,0,0,2,2,2,2,2,2,0,0,85.95,6151.9,0,3,0.0139690227372458,0.0
1364,1,0,0,0,12,1,2,1,0,2,2,0,2,2,0,1,2,106.7,1253.9,1,0,0.0850266953542114,1280.4
1830,1,0,0,0,1,0,1,0,0,0,0,0,0,0,0,1,2,25.15,25.15,1,0,0.9617590822179732,301.79999999999995
3291,1,1,0,0,1,1,0,0,0,0,0,0,0,0,0,0,2,45.2,45.2,0,0,0.9783549783549784,0.0
2713,0,0,1,0,54,1,2,1,0,2,2,2,2,2,1,0,2,110.35,5893.15,1,3,0.0187219531230118,1324.1999999999998
4725,1,0,1,1,69,1,2,1,0,0,2,0,0,0,2,1,1,79.2,5420.65,0,3,0.0146080990104488,0.0
4373,0,0,0,0,48,1,0,0,2,2,0,0,0,0,2,0,1,55.5,2627.35,0,2,0.0211159092206136,0.0
3356,0,0,1,1,48,1,2,1,2,2,0,0,2,2,1,1,1,103.25,5037.55,1,2,0.0204920066288912,0.0
3369,0,0,1,0,8,1,2,1,0,0,0,2,0,2,0,1,2,90.25,743.75,0,0,0.1211816045652903,1083.0
5358,1,0,1,1,71,1,2,0,2,2,2,2,2,2,2,1,3,91.25,6589.6,0,3,0.01384547689133,0.0
5226,1,0,0,0,2,1,0,0,2,0,0,0,0,0,0,1,2,47.8,92.45,1,0,0.5115034777956126,573.5999999999999
5949,1,0,1,0,67,1,0,1,2,2,0,0,2,2,1,1,1,100.9,6733.15,0,3,0.014983331229628,0.0
3483,1,0,1,1,34,1,2,1,0,2,0,0,2,2,0,1,0,97.7,3410.0,0,2,0.028642626795661,0.0
5141,0,0,0,0,3,1,0,1,0,0,0,0,0,0,0,1,2,69.85,199.85,0,0,0.3477719691311924,0.0
0,0,0,1,1,9,1,0,0,0,2,0,2,2,0,1,1,3,65.6,593.3,0,0,0.1103819619720679,0.0
2319,1,0,1,1,71,1,0,1,2,2,2,0,2,2,1,1,0,104.65,7288.4,0,3,0.0143564628090103,0.0
3842,1,0,0,0,57,1,2,1,0,0,0,2,2,0,2,1,1,90.45,5229.8,0,3,0.0172918100481761,0.0
3497,1,0,0,0,72,0,1,0,2,2,2,2,2,2,2,1,0,63.7,4464.8,0,3,0.0142639616642035,0.0
6026,0,1,1,1,48,1,0,1,2,0,2,2,2,2,0,1,2,104.5,5068.05,0,2,0.0206153026701255,0.0
6006,1,0,0,0,18,1,0,2,1,1,1,1,1,1,1,0,3,20.1,401.85,0,1,0.0498945016755616,0.0
6458,1,0,1,1,43,1,2,1,0,0,2,2,2,2,1,1,1,104.3,4451.85,0,2,0.023423200871352,0.0
5811,0,0,1,1,72,1,2,0,2,2,2,2,2,2,2,1,0,93.25,6688.95,0,3,0.0139388186757748,0.0
1760,1,0,1,1,35,1,2,0,0,0,0,2,2,2,1,1,0,73.45,2661.1,0,2,0.0275909995867923,0.0
6579,1,0,0,0,4,1,0,2,1,1,1,1,1,1,0,0,3,20.7,73.05,0,0,0.2795408507765023,0.0
4802,0,0,1,1,49,1,2,2,1,1,1,1,1,1,2,0,3,25.25,1211.65,0,3,0.0208221663299385,0.0
4570,0,0,1,1,71,1,2,1,2,2,2,0,2,0,2,0,0,100.5,7030.65,0,3,0.014292520247737,0.0
5616,1,0,1,1,11,1,0,1,0,0,0,0,2,2,0,0,2,90.6,1020.2,0,0,0.0887191539365452,0.0
813,1,0,1,1,63,1,2,0,2,2,2,2,2,2,2,1,1,89.4,5597.65,0,3,0.015968135175444,0.0
6871,0,1,0,0,65,1,2,1,0,2,2,0,2,0,0,1,0,95.45,6223.3,0,3,0.0153350577574988,0.0
898,0,0,0,1,49,1,0,2,1,1,1,1,1,1,2,0,1,20.45,1024.65,0,3,0.019938575537464,0.0
6311,0,0,0,0,29,1,2,1,0,0,2,0,2,2,0,1,1,98.6,2933.2,1,2,0.033603707995365,1183.1999999999998
1903,0,1,1,0,15,1,2,1,0,0,2,2,0,0,0,1,2,83.05,1258.3,1,1,0.0659493369332168,996.5999999999999
2166,0,0,1,1,4,1,0,2,1,1,1,1,1,1,0,1,2,19.95,82.9,0,0,0.2377830750893921,0.0
1553,0,0,1,0,72,1,2,1,0,2,2,2,2,2,1,0,1,109.15,7789.6,0,3,0.0140104741611685,0.0
591,0,1,1,0,26,1,0,1,0,0,2,0,2,0,0,1,1,85.7,2067.0,0,2,0.0414410058027079,0.0
2963,0,1,1,0,35,1,2,1,0,0,2,0,2,2,0,0,0,102.05,3452.55,0,2,0.0295493043390134,0.0
2062,0,0,0,0,57,1,2,1,0,2,0,2,0,2,1,0,2,94.7,5468.95,0,3,0.0173127725116317,0.0
760,1,0,1,1,28,1,2,0,0,2,0,0,0,2,0,0,2,64.4,1802.15,0,2,0.0357152760446995,0.0
1930,0,0,1,0,25,1,2,2,1,1,1,1,1,1,1,1,3,26.8,733.55,0,2,0.0364849227418147,0.0
3900,0,0,1,0,47,1,0,0,2,0,2,0,2,0,1,1,1,66.05,3021.45,0,2,0.0218531323925954,0.0
3504,0,0,1,1,57,1,2,0,2,2,0,2,0,0,0,0,0,65.2,3687.85,0,3,0.017674885126801,0.0
6431,1,1,1,0,16,1,2,1,0,0,0,0,2,0,0,1,1,85.05,1391.15,0,1,0.0610925546816075,0.0
2171,1,0,0,0,5,1,0,0,2,0,2,0,0,0,0,1,3,55.8,274.35,0,0,0.2026511712366079,0.0
2243,1,0,1,0,17,1,0,1,0,0,0,0,0,0,0,1,0,70.4,1214.05,1,1,0.0579400024690342,844.8000000000001
3207,0,1,0,0,56,1,2,1,0,2,2,0,2,2,1,1,0,104.75,5510.65,1,3,0.0190051980804296,1257.0
2976,1,0,1,1,72,1,0,2,1,1,1,1,1,1,2,0,0,19.95,1322.85,0,3,0.0150696831211995,0.0
2867,0,1,0,0,21,1,2,1,0,0,0,0,2,2,0,1,2,94.25,1973.75,1,1,0.0477275604506899,1131.0
141,0,0,1,1,48,0,1,0,2,0,2,0,0,2,1,0,1,45.0,2196.3,0,2,0.0204796796067901,0.0
3000,0,0,1,0,68,1,2,1,2,2,2,2,2,2,2,0,0,114.9,7843.55,0,3,0.014647111689007,0.0
1062,0,0,0,0,30,1,2,1,2,0,0,2,2,2,0,0,0,106.4,3211.9,0,2,0.0331164991129509,0.0
1805,0,0,1,0,3,1,0,0,0,0,0,0,0,0,0,1,3,46.1,130.15,0,0,0.3515059092642013,0.0
6888,0,1,0,0,14,0,1,0,2,0,2,2,0,0,2,0,3,39.7,692.35,0,1,0.0572582389846397,0.0
5581,0,0,0,1,4,1,0,2,1,1,1,1,1,1,0,1,0,20.05,85.5,0,0,0.2317919075144508,0.0
15,0,0,1,1,71,1,2,1,0,2,2,0,0,2,2,1,1,95.75,6849.4,0,3,0.0139772859978979,0.0
5032,1,0,1,1,8,1,2,2,1,1,1,1,1,1,1,0,3,24.4,203.95,0,0,0.1190534276652842,0.0
1847,1,0,1,1,61,0,1,0,2,0,2,0,0,0,0,0,0,33.6,2117.2,0,3,0.0158625247851949,0.0
6714,1,0,1,1,72,1,2,1,0,2,2,2,0,0,2,0,0,90.45,6565.85,0,3,0.0137737271294456,0.0
6162,0,0,0,0,5,1,2,1,0,0,0,0,2,0,0,1,2,84.0,424.75,0,0,0.197298884321785,1008.0
6856,0,0,0,0,49,1,0,0,2,2,2,2,0,0,2,0,0,67.4,3306.85,0,3,0.0203757727829254,0.0
2792,1,0,0,0,8,1,0,2,1,1,1,1,1,1,0,1,0,19.7,168.9,0,0,0.1159505591524426,0.0
1911,1,0,0,0,3,1,0,1,0,0,0,0,0,2,0,1,2,80.35,253.8,0,0,0.3153453689167974,0.0
6620,1,0,1,1,9,1,0,2,1,1,1,1,1,1,2,0,3,19.6,197.4,0,0,0.0987903225806451,0.0
3568,1,0,1,1,67,1,0,0,2,2,0,0,0,0,2,1,0,54.2,3838.2,0,3,0.0141175244842675,0.0
2402,1,0,0,0,46,1,0,0,0,0,0,0,0,0,0,1,1,45.2,2065.15,0,2,0.0218764368511482,0.0
6509,0,0,1,0,67,1,2,0,2,2,2,0,0,2,1,0,3,75.1,5064.45,0,3,0.0148259285946954,0.0
4943,0,0,1,0,55,1,0,2,1,1,1,1,1,1,1,0,2,19.7,1140.05,0,3,0.0172647999649445,0.0
1791,1,0,1,0,33,1,2,0,2,2,2,0,2,0,0,1,0,72.75,2447.45,0,2,0.0297126753660479,0.0
5016,1,0,1,1,62,1,0,2,1,1,1,1,1,1,2,0,1,20.05,1263.9,0,3,0.0158510554194007,0.0
3589,0,0,0,1,1,1,0,0,0,0,0,0,0,0,0,0,3,45.95,45.95,1,0,0.9787007454739084,551.4000000000001
5654,1,0,1,1,49,0,1,0,2,0,0,0,0,2,0,1,2,39.2,1838.15,0,3,0.0213141940570372,0.0
3048,1,0,0,0,1,1,0,0,0,0,0,0,0,0,0,1,2,44.75,44.75,0,0,0.9781420765027322,0.0
3171,1,0,1,0,14,1,2,1,0,2,2,0,0,0,0,1,2,82.65,1185.0,0,1,0.0696880269814502,991.8000000000001
5155,1,1,0,0,18,1,2,1,0,0,2,2,2,0,0,0,0,93.9,1743.9,0,1,0.0538139721474009,0.0
1247,0,1,0,0,1,1,0,1,0,0,0,0,0,0,0,1,2,70.15,70.15,1,0,0.9859451862262824,841.8000000000001
142,0,0,0,0,1,1,0,1,0,0,2,0,2,0,0,1,1,85.55,85.55,1,0,0.9884459849797804,1026.6
4710,0,0,1,0,72,1,2,1,2,2,2,2,2,2,2,1,1,117.15,8529.5,0,3,0.013733075435203,0.0
6727,1,0,0,0,64,1,2,1,2,0,2,2,0,2,2,0,1,99.25,6549.45,0,3,0.0151516308039905,0.0
4961,1,0,1,0,69,1,2,1,2,2,2,2,2,2,2,1,0,112.55,7806.5,0,3,0.0144156260006404,0.0
1866,0,0,0,0,1,1,2,2,1,1,1,1,1,1,0,1,2,25.7,25.7,0,0,0.9625468164794008,0.0
499,1,0,1,1,71,1,2,0,2,2,2,2,2,2,2,0,1,90.3,6287.3,0,3,0.0143600019083059,0.0
3898,0,0,1,1,66,1,0,0,0,0,0,2,0,0,1,1,1,49.4,3251.85,0,3,0.0151866824476997,0.0
6416,1,0,0,0,2,1,0,2,1,1,1,1,1,1,0,0,3,19.4,50.6,0,0,0.3759689922480619,0.0
6,0,1,1,0,71,1,0,1,2,2,2,2,2,2,2,1,0,109.7,7904.25,0,3,0.0138768539894374,0.0
6547,1,0,0,0,11,1,0,0,0,2,0,0,2,0,1,1,2,61.25,729.95,0,0,0.0837950612216977,0.0
6542,1,0,0,1,47,1,0,0,2,2,0,0,0,0,0,1,2,55.3,2654.05,0,2,0.0208282329899625,0.0
1995,0,0,1,0,35,1,0,1,0,0,0,0,0,0,0,1,2,70.3,2416.55,1,2,0.0290790262869433,843.5999999999999
2639,1,1,1,0,32,1,2,1,0,2,2,0,2,2,0,0,0,106.35,3520.75,1,2,0.0301980549442748,1276.1999999999998
2380,1,0,1,1,60,1,2,1,0,2,0,2,2,2,0,1,0,103.75,5969.95,0,3,0.0173757944715665,0.0
5424,1,0,0,0,11,1,0,2,1,1,1,1,1,1,1,0,3,19.5,226.8,0,0,0.0856014047410008,0.0
4322,0,0,0,0,29,0,1,0,2,2,0,2,0,0,1,0,1,39.5,1082.75,0,2,0.0364475201845444,0.0
2660,1,0,1,1,21,0,1,0,0,0,0,0,0,0,0,1,2,26.05,565.75,0,1,0.0459638288486987,0.0
1757,1,1,1,0,48,1,2,1,0,0,2,0,0,2,0,1,1,91.05,4370.75,0,2,0.0208268999828444,0.0
3639,0,0,0,1,3,0,1,0,0,2,0,0,0,0,0,0,3,29.65,90.05,0,0,0.3256452498627128,0.0
859,0,0,1,1,43,1,0,0,0,2,0,0,0,0,0,0,3,50.2,2169.4,0,2,0.0231293770733505,0.0
4782,1,0,0,0,5,1,2,1,0,2,2,0,2,2,0,0,2,105.3,550.6,0,0,0.1908992023205221,0.0
6910,0,0,0,0,1,1,0,0,0,0,0,0,0,2,0,1,2,55.45,55.45,0,0,0.9822852081488044,0.0
4356,1,0,1,1,71,1,2,0,2,0,2,2,2,2,1,0,2,85.45,6300.85,0,3,0.0135595103025302,0.0
844,0,0,1,1,8,1,0,2,1,1,1,1,1,1,1,0,2,19.8,160.05,0,0,0.1229431853461657,0.0
5190,1,0,0,0,8,1,2,0,0,0,0,0,2,0,0,1,2,59.25,436.6,0,0,0.1353976234003656,0.0
2649,1,0,0,0,20,1,2,1,0,0,2,0,2,0,0,1,1,90.7,1781.35,0,1,0.0508878727522652,0.0
3616,0,0,1,1,33,1,2,1,2,0,2,0,2,2,1,1,3,103.7,3467.0,1,2,0.0299019607843137,1244.4
5846,1,0,0,0,71,1,2,1,0,2,0,0,0,0,1,1,1,79.05,5552.5,0,3,0.0142342666786711,0.0
4593,0,1,1,0,31,1,2,1,0,0,2,0,2,0,1,1,2,90.7,2835.5,0,2,0.0319760267935836,0.0
2858,0,1,1,0,38,1,2,1,2,2,0,0,0,2,1,0,1,95.0,3591.25,0,2,0.0264458208643607,0.0
2607,1,0,0,0,1,1,0,1,0,0,0,0,2,2,0,1,2,88.35,88.35,1,0,0.9888080581980974,1060.1999999999998
5231,0,0,1,1,2,0,1,0,0,2,0,0,0,0,0,1,3,30.25,63.75,0,0,0.4671814671814672,0.0
5096,0,0,1,0,12,0,1,0,0,0,2,0,2,2,0,1,0,49.85,617.15,0,0,0.0806438566690932,0.0
3620,0,0,0,1,9,1,0,1,2,0,2,2,0,2,0,0,0,93.0,870.25,0,0,0.1067431850789096,0.0
741,1,1,0,1,11,1,0,0,0,2,0,2,0,0,0,1,2,54.55,601.25,0,0,0.09057700290577,0.0
5402,1,0,0,1,6,1,0,2,1,1,1,1,1,1,0,0,3,19.7,111.65,0,0,0.1748779405237461,0.0
195,0,0,1,0,71,1,0,0,2,2,2,2,2,2,1,1,0,84.8,6046.1,0,3,0.0140232508144399,0.0
3678,0,0,1,1,42,1,2,1,2,2,0,0,2,0,1,1,1,94.45,3923.8,0,2,0.0240649205055034,0.0
2029,0,0,1,1,8,1,0,1,0,0,2,0,2,2,0,1,2,94.2,777.3,1,0,0.1210330206861107,1130.4
5332,0,0,0,0,5,1,0,1,0,2,0,0,2,2,0,1,2,96.25,512.45,1,0,0.1874573960463531,1155.0
6234,0,0,1,0,2,1,0,1,0,0,0,0,0,0,0,1,2,70.7,141.45,1,0,0.4963144963144963,848.4000000000001
4684,0,0,1,1,45,1,0,2,1,1,1,1,1,1,2,0,3,20.85,892.15,0,2,0.0233443430554778,0.0
2285,1,0,1,1,28,0,1,0,0,2,2,2,2,2,1,1,1,60.0,1682.05,0,2,0.03564956477823,0.0
2438,0,0,1,0,43,1,2,1,0,2,0,0,0,0,0,0,2,80.45,3398.9,0,2,0.0236624606606076,0.0
4892,1,0,0,1,60,1,2,0,2,0,2,2,2,2,2,1,2,84.95,4984.85,0,3,0.0170382181573854,0.0
1109,0,0,1,0,42,0,1,0,0,2,0,2,0,0,1,0,3,33.55,1445.3,1,2,0.0231971236949457,402.59999999999997
4986,1,0,1,1,7,0,1,0,2,0,2,2,0,2,2,0,1,49.65,305.55,0,0,0.1619637905725004,0.0
6766,0,0,1,0,25,1,0,2,1,1,1,1,1,1,1,1,0,20.2,507.9,0,2,0.0396934564747494,0.0
6965,0,1,1,1,40,1,2,1,0,0,0,0,2,2,0,1,1,94.55,3640.45,1,2,0.0259649315519916,1134.6
6332,1,0,0,0,27,1,2,1,0,0,2,0,2,2,1,1,0,100.5,2673.45,0,2,0.0375778197386378,0.0
3003,1,0,0,0,10,0,1,0,0,2,0,2,0,0,0,0,2,35.75,389.8,0,0,0.0914790174002047,0.0
89,0,1,0,0,27,1,2,1,0,2,2,0,0,0,0,1,0,86.45,2401.05,0,2,0.0359900917965904,0.0
1677,0,0,0,0,11,1,0,0,0,0,2,2,0,0,1,0,0,53.8,651.55,0,0,0.082445789594667,0.0
2577,1,0,1,1,4,0,1,0,2,0,0,0,2,0,0,0,1,38.55,156.1,0,0,0.2453851050286441,0.0
2731,1,0,0,0,68,0,1,0,0,0,2,0,0,2,0,1,0,39.9,2796.35,0,3,0.0142634993833449,0.0
6753,1,1,0,0,1,1,0,1,0,0,0,0,0,0,0,1,2,70.05,70.05,0,0,0.9859254046446164,0.0
777,0,0,0,0,18,1,0,2,1,1,1,1,1,1,1,0,3,20.1,407.05,0,1,0.0492586692807254,0.0
3714,0,0,0,0,57,1,2,1,2,2,2,0,2,2,2,1,0,112.95,6465.0,1,3,0.0174682957005876,0.0
90,1,0,0,0,26,1,0,2,1,1,1,1,1,1,0,1,2,20.3,511.25,0,2,0.0396290873596876,0.0
712,0,0,1,0,17,0,1,0,0,2,2,0,0,0,0,1,1,35.65,646.05,0,1,0.0550962058573526,0.0
5568,1,0,0,0,1,0,1,0,0,0,0,0,0,2,0,0,2,35.9,35.9,1,0,0.97289972899729,430.79999999999995
1727,1,0,0,1,38,1,2,1,0,0,2,0,2,2,0,1,0,99.25,3777.15,1,2,0.0262694705080528,1191.0
5956,1,1,1,0,59,1,0,1,2,2,2,0,0,0,1,1,1,82.95,4903.15,0,3,0.0169142460976927,0.0
1230,1,0,0,0,30,1,0,0,2,0,2,0,0,0,2,1,3,55.65,1653.85,0,2,0.0336284255370577,0.0
5866,1,1,0,0,2,0,1,0,0,0,0,0,0,0,0,1,3,24.45,47.5,1,0,0.5041237113402062,293.4
20,0,1,1,0,50,1,2,2,1,1,1,1,1,1,1,0,2,25.2,1306.3,0,3,0.0192763711466381,0.0
5895,1,0,0,0,9,0,1,0,2,0,2,2,0,2,1,0,3,50.8,463.6,0,0,0.1093413689195006,0.0
1014,0,0,1,1,3,1,0,2,1,1,1,1,1,1,0,0,3,19.65,60.65,0,0,0.3187347931873479,0.0
6654,0,0,0,1,14,1,0,0,0,0,2,0,2,0,0,1,1,59.8,824.85,0,1,0.0724102439910395,0.0
4502,0,1,0,0,31,1,0,1,2,0,0,0,0,0,0,1,1,73.55,2094.65,0,2,0.0350965094362131,0.0
383,0,0,0,0,7,1,0,0,2,2,2,0,0,0,0,0,2,61.4,438.9,0,0,0.1395771766310525,0.0
5031,0,0,0,0,8,1,2,1,2,0,0,2,2,2,0,1,0,103.35,847.3,1,0,0.1218318990923022,1240.1999999999998
6271,1,0,1,1,17,1,0,2,1,1,1,1,1,1,1,0,0,19.9,329.75,0,1,0.0601662887377173,0.0
1468,1,0,1,1,32,1,0,2,1,1,1,1,1,1,0,1,1,19.45,674.55,0,2,0.0287913551920657,0.0
6373,0,1,0,0,2,1,0,1,0,0,0,0,2,0,0,0,3,81.5,162.55,0,0,0.498318557016203,0.0
1496,1,1,0,0,7,1,2,1,0,0,0,0,2,0,0,1,2,84.8,546.95,1,0,0.1547586458618487,1017.5999999999999
6896,0,0,1,1,72,1,2,1,2,2,2,0,2,2,2,0,1,109.55,7887.25,0,3,0.0138877444300066,0.0
863,0,1,0,0,31,1,2,1,0,2,0,0,2,2,0,1,2,99.95,3186.65,1,2,0.0313553871974652,1199.4
105,0,0,1,1,27,1,0,1,2,0,0,0,0,0,0,0,3,74.4,1972.35,0,2,0.0377023842704031,0.0
6664,0,0,0,0,18,1,2,1,0,2,0,0,2,0,0,1,1,90.0,1527.35,1,1,0.0588870350377858,0.0
1021,1,0,0,0,7,1,0,1,0,0,2,0,0,0,0,1,2,74.9,490.55,0,0,0.1523751398636964,0.0
6489,0,1,0,0,14,1,2,1,0,2,2,0,2,2,0,1,2,104.85,1531.4,1,1,0.0684220830070477,1258.1999999999998
939,1,0,1,1,11,1,0,0,0,0,2,0,2,0,0,1,0,59.65,683.25,0,0,0.0871757398611618,0.0
5382,0,0,1,1,72,1,2,1,2,0,2,2,2,2,2,1,0,110.45,8058.85,0,3,0.0137037289775864,0.0
2320,1,0,1,1,28,1,2,1,2,2,0,0,2,2,1,0,2,106.1,2847.4,1,2,0.0372489818845667,1273.1999999999998
4169,1,1,0,0,15,1,2,1,0,0,0,0,0,0,0,1,1,74.2,1133.9,1,1,0.0653802097101066,890.4000000000001
820,0,1,0,0,4,1,2,1,0,0,0,0,0,0,0,1,2,74.45,294.45,0,0,0.2519884921306481,893.4000000000001
3841,0,0,0,0,71,1,2,2,1,1,1,1,1,1,2,0,2,24.55,1719.15,0,3,0.0142720111618172,0.0
5997,0,0,0,0,5,1,0,1,0,2,0,2,0,2,0,1,2,89.35,461.7,1,0,0.1931056840285282,1072.1999999999998
4219,1,0,1,1,47,1,2,2,1,1,1,1,1,1,2,0,3,24.55,1160.45,0,2,0.0211373713892117,0.0
3680,1,1,1,0,57,1,0,1,0,2,2,0,2,0,1,1,2,90.65,5199.8,0,3,0.0174300107675742,0.0
5310,1,1,1,0,50,1,2,1,2,0,2,0,2,2,2,1,1,105.05,5163.3,0,3,0.0203415758186007,0.0
5074,1,0,0,0,8,1,0,2,1,1,1,1,1,1,0,1,1,20.45,162.3,0,0,0.1252296387017758,0.0
1519,0,0,1,1,48,1,0,2,1,1,1,1,1,1,2,0,3,19.55,883.35,0,2,0.0221066319895968,0.0
5464,0,0,0,0,70,1,0,2,1,1,1,1,1,1,1,0,0,19.7,1341.5,0,3,0.0146741154562383,0.0
1766,1,0,0,1,1,1,0,0,2,2,0,2,0,2,0,1,0,70.45,70.45,0,0,0.986004198740378,0.0
5659,1,0,1,0,8,1,2,1,0,0,0,0,0,2,0,1,0,85.65,659.45,0,0,0.1296843061548944,0.0
1785,0,0,0,0,1,1,2,1,0,0,0,0,0,0,0,1,2,77.15,77.15,1,0,0.9872040946896992,925.8000000000001
1182,1,0,0,0,1,0,1,0,0,0,0,0,0,2,0,1,0,35.25,35.25,1,0,0.9724137931034482,423.0
5471,1,0,1,1,60,1,0,2,1,1,1,1,1,1,2,0,3,20.55,1205.05,0,3,0.0170390945649019,0.0
4640,1,0,1,1,49,1,2,1,0,0,0,2,2,2,1,1,2,97.95,4917.9,0,3,0.01991298867633,0.0
1803,1,0,1,0,4,0,1,0,0,2,0,0,2,2,0,1,2,48.55,201.0,1,0,0.2403465346534653,582.5999999999999
3302,0,0,0,0,29,1,0,2,1,1,1,1,1,1,1,0,3,20.0,599.3,0,2,0.0333166749958354,0.0
1450,0,0,1,0,67,1,2,2,1,1,1,1,1,1,2,1,1,25.25,1733.15,0,3,0.014560447481475,0.0
909,0,0,1,0,53,1,2,1,0,2,0,0,2,2,0,1,1,98.4,5149.5,1,3,0.019104941267838,1180.8000000000002
2237,1,0,1,0,67,1,2,0,2,2,2,2,0,0,2,0,1,70.9,4677.1,0,3,0.0151557256151001,0.0
4359,0,0,1,1,6,1,0,2,1,1,1,1,1,1,0,0,3,19.85,119.3,0,0,0.1650041562759767,0.0
3986,0,0,0,0,47,1,2,1,0,2,2,0,2,2,0,1,2,106.35,4849.1,0,2,0.0219273829405579,0.0
204,0,0,0,0,53,1,0,1,2,2,2,2,0,2,2,0,3,99.5,5424.25,0,3,0.0183401686558223,0.0
6442,1,0,1,0,69,1,0,0,2,2,2,2,2,2,2,1,3,84.7,5878.9,0,3,0.0144050068878722,0.0
829,1,0,0,0,3,1,0,1,2,0,0,0,0,2,0,1,3,86.05,244.85,0,0,0.3500101688021151,0.0
5585,1,0,0,0,4,1,0,0,0,0,0,0,0,0,0,0,3,44.55,220.75,0,0,0.200901916572717,0.0
739,1,0,1,1,56,1,2,0,2,2,0,2,0,2,2,1,1,75.85,4261.2,0,3,0.0177959739101872,0.0
268,1,1,1,0,59,1,2,1,0,0,0,0,2,2,0,1,0,93.85,5574.75,1,3,0.0168318163475765,0.0
4678,1,1,1,0,61,1,2,2,1,1,1,1,1,1,2,0,0,25.0,1501.75,0,3,0.0166361670271169,0.0
6743,0,0,1,0,2,1,0,0,0,0,0,0,0,0,0,1,2,45.0,89.75,0,0,0.4958677685950413,0.0
5420,1,1,1,1,46,1,2,1,2,2,2,0,2,0,0,1,2,100.7,4541.2,1,2,0.0221698736295187,0.0
4580,1,0,1,1,12,1,0,2,1,1,1,1,1,1,0,0,3,20.5,255.5,0,0,0.0799220272904483,0.0
6981,0,0,0,0,14,1,2,1,0,0,2,0,0,0,0,1,2,80.45,1072.0,1,1,0.0749767008387698,965.4000000000001
807,0,0,1,1,28,1,2,1,0,0,0,2,0,2,1,1,2,90.45,2509.25,0,2,0.03603226770242,0.0
4685,1,0,0,0,24,1,0,0,2,2,0,2,0,0,0,0,0,60.45,1440.75,0,1,0.0419282122420669,0.0
3285,1,0,0,0,31,1,0,0,0,0,2,2,0,0,0,1,2,55.25,1715.65,1,2,0.032184778492995,663.0
700,0,0,1,1,68,1,2,0,2,2,2,2,0,2,1,1,2,78.45,5333.35,0,3,0.0147065715597964,0.0
5421,1,0,0,1,39,1,2,1,0,0,0,2,2,2,2,0,3,100.55,3895.35,0,2,0.0258062032414952,0.0
1064,0,0,1,0,42,1,0,2,1,1,1,1,1,1,0,0,1,20.35,869.9,0,2,0.023366632219543,0.0
6481,1,0,1,0,13,0,1,0,2,0,0,2,2,2,0,1,2,54.45,706.85,1,1,0.0769230769230769,653.4000000000001
6071,0,0,1,0,6,1,2,1,0,2,0,0,0,2,0,1,2,90.75,512.25,0,0,0.1768144179249878,0.0
1094,1,0,0,0,35,1,2,1,0,0,0,0,0,0,0,0,1,75.35,2636.05,1,2,0.0285735954949659,904.1999999999999
4380,0,0,1,0,38,1,0,2,1,1,1,1,1,1,1,1,1,20.25,814.75,0,2,0.0248237817958933,0.0
1603,1,0,0,0,18,1,0,2,1,1,1,1,1,1,2,0,1,20.05,388.6,0,1,0.0514630390143737,0.0
4041,0,0,1,0,4,1,0,2,1,1,1,1,1,1,0,0,3,19.6,93.45,0,0,0.2075172048703017,0.0
778,1,0,1,0,27,1,0,0,0,2,0,2,0,0,0,1,2,53.8,1389.85,0,2,0.038681381888773,0.0
4291,1,0,0,1,41,1,0,0,2,2,2,0,2,0,1,0,3,70.2,2894.55,0,2,0.0242440987031824,0.0
465,1,0,1,1,50,1,0,0,2,0,0,2,2,2,1,0,2,75.5,4025.6,0,3,0.0187503104356032,0.0
4659,1,0,1,1,72,1,0,2,1,1,1,1,1,1,2,0,2,20.35,1354.4,0,3,0.0150140180020658,0.0
6392,0,0,0,0,70,1,2,2,1,1,1,1,1,1,1,0,1,26.05,1856.4,0,3,0.0140249811564552,0.0
6391,1,0,1,1,44,1,0,2,1,1,1,1,1,1,1,0,0,20.6,926.0,0,2,0.0222222222222222,0.0
5969,1,0,0,0,2,1,0,1,2,0,0,0,0,0,0,1,2,75.7,189.2,1,0,0.3980021030494217,908.4000000000001
1206,0,0,1,1,34,1,0,2,1,1,1,1,1,1,1,1,0,20.1,682.1,0,2,0.0294246815985946,0.0
6158,0,1,1,0,72,1,2,2,1,1,1,1,1,1,2,0,0,24.3,1778.7,0,3,0.0136539866269596,0.0
6800,1,0,1,0,71,1,2,2,1,1,1,1,1,1,2,1,2,24.5,1816.2,0,3,0.0134822804314329,0.0
6608,0,0,0,0,64,1,2,1,0,2,2,2,2,2,2,1,1,110.5,7069.25,0,3,0.0156288674375022,0.0
1293,0,0,1,0,72,1,2,2,1,1,1,1,1,1,2,1,0,25.25,1841.2,0,3,0.0137064379546194,0.0
2588,1,0,0,0,1,1,2,1,0,0,0,0,0,0,0,1,3,74.25,74.25,1,0,0.9867109634551496,891.0
4980,1,1,1,0,29,1,0,1,2,0,2,0,0,2,1,0,0,90.1,2656.7,0,2,0.033901493772811,0.0
4111,0,0,1,0,23,1,0,0,2,0,2,2,0,2,1,1,0,68.75,1689.45,0,1,0.0406696441775858,0.0
6723,1,0,1,1,52,1,0,2,1,1,1,1,1,1,2,0,3,19.2,1054.75,0,3,0.0181861236088089,0.0
6296,0,1,0,0,25,1,2,1,0,2,0,0,0,2,0,1,2,89.7,2187.55,1,2,0.0409860409860409,1076.4
6255,0,0,0,0,64,1,2,1,2,2,2,2,2,2,2,1,0,115.1,7334.05,0,3,0.0156917812421183,0.0
5855,0,1,0,0,16,1,2,1,0,0,0,0,2,2,0,1,2,96.4,1581.2,1,1,0.0609278220199721,1156.8000000000002
3670,1,1,0,0,1,1,0,1,0,0,0,0,0,0,0,1,0,69.5,69.5,1,0,0.9858156028368794,834.0
305,1,0,0,0,24,1,2,1,0,2,0,0,2,2,0,1,0,99.65,2404.85,0,1,0.041419872394372,0.0
3469,1,0,1,0,2,1,2,1,0,0,2,0,2,0,0,1,2,91.45,171.45,0,0,0.53029863728617,0.0
4084,0,0,1,1,34,1,0,0,2,2,2,2,2,2,2,0,3,84.75,2839.45,0,2,0.0298368216303754,0.0
3812,1,1,1,0,36,1,2,1,0,0,0,0,0,2,0,1,1,85.25,3132.75,1,2,0.0272038292780215,1023.0
448,1,0,1,1,53,1,2,0,0,0,2,2,2,2,1,1,3,78.75,3942.45,0,3,0.0199698233780065,0.0
6402,0,0,1,1,47,1,0,2,1,1,1,1,1,1,2,0,1,20.25,873.4,0,2,0.0231587374199451,0.0
533,1,0,0,1,72,1,0,2,1,1,1,1,1,1,2,0,1,19.9,1529.65,0,3,0.0130010126416881,0.0
2182,1,0,1,1,72,1,2,1,2,2,0,2,0,2,2,1,1,97.75,6991.6,0,3,0.0139790635815004,0.0
4074,1,0,0,0,1,1,0,2,1,1,1,1,1,1,0,0,3,19.4,19.4,1,0,0.9509803921568628,232.79999999999998
6300,0,0,0,0,9,1,2,1,0,0,0,0,0,2,0,1,2,83.3,803.3,1,0,0.103568320278503,999.5999999999999
2977,0,0,0,0,8,1,0,1,0,0,0,0,2,0,0,1,0,80.1,679.3,1,0,0.1177421725709245,961.1999999999999
18,1,1,0,0,45,1,0,0,2,0,2,0,0,2,1,0,1,62.7,2791.5,1,2,0.0224529991047448,752.4000000000001
490,0,0,0,0,7,1,0,1,0,0,2,2,2,2,0,1,2,100.4,715.0,0,0,0.1402234636871508,1204.8000000000002
2519,0,0,1,0,71,1,2,2,1,1,1,1,1,1,2,1,1,24.45,1681.6,0,3,0.0145310828479733,0.0
6915,0,1,0,0,41,1,0,1,0,0,2,2,2,2,1,1,0,101.1,4016.2,0,2,0.0251667828338145,0.0
3835,1,0,1,1,67,0,1,0,2,0,0,0,2,2,2,0,1,50.9,3281.65,0,3,0.0155057651592463,0.0
6035,1,0,1,0,69,1,2,1,2,2,2,2,0,2,1,1,1,107.2,7317.1,0,3,0.0146486109782593,0.0
1341,0,1,1,0,70,1,2,0,2,2,2,2,2,2,2,1,0,92.2,6474.45,0,3,0.0142383926985769,0.0
116,1,0,0,0,25,1,2,2,1,1,1,1,1,1,1,0,0,25.3,676.35,1,2,0.0373514431239388,303.6
6110,1,0,0,0,72,1,2,1,2,2,2,2,2,2,2,0,0,113.4,8164.1,0,3,0.0138883785869125,0.0
5497,1,0,1,1,34,0,1,0,0,0,0,2,2,0,2,1,2,40.55,1325.85,0,2,0.0305611033651128,0.0
1384,0,0,1,1,65,1,2,2,1,1,1,1,1,1,2,0,1,26.0,1654.85,0,3,0.0157019053658242,0.0
5011,0,0,0,0,70,1,2,1,2,2,2,2,2,2,2,1,1,111.95,7795.95,0,3,0.0143581785185232,0.0
505,0,0,1,1,72,0,1,0,2,0,2,0,2,2,2,1,1,53.8,3952.45,0,3,0.0136083673753304,0.0
3391,1,0,0,1,35,1,0,0,0,0,0,2,2,2,1,1,3,72.1,2495.15,0,2,0.0288844821024377,0.0
650,1,0,0,0,13,1,2,1,2,0,0,0,2,2,0,0,3,98.15,1230.25,1,1,0.0797157360406091,1177.8000000000002
5171,0,0,1,0,12,1,2,0,2,0,2,0,2,2,1,0,2,78.85,876.75,0,0,0.0898319567074907,0.0
444,0,0,1,1,62,1,0,0,2,0,2,2,2,0,1,1,0,70.75,4263.45,0,3,0.0165906506114504,0.0
5095,0,0,0,0,25,1,0,0,2,0,0,2,2,2,0,1,1,76.15,1992.95,0,2,0.0381905263421851,0.0
5635,0,0,0,0,52,0,1,0,2,2,0,2,0,0,2,0,3,39.1,1982.1,0,3,0.0197166053149109,0.0
6887,1,1,0,0,8,1,0,1,0,0,0,0,0,0,0,1,1,69.95,562.7,0,0,0.1240908284548518,0.0
106,1,0,0,0,2,1,0,2,1,1,1,1,1,1,0,0,3,20.05,33.7,0,0,0.5778097982708933,0.0
5767,0,0,1,1,56,1,0,2,1,1,1,1,1,1,2,0,3,20.05,1090.1,0,3,0.0183759508752635,0.0
1992,0,0,0,0,12,1,0,2,1,1,1,1,1,1,0,0,0,19.45,227.45,0,0,0.0851389800831691,0.0
2473,0,0,1,0,47,1,2,2,1,1,1,1,1,1,1,0,2,26.9,1250.85,0,2,0.0214881974677477,0.0
6444,1,1,0,0,2,1,0,2,1,1,1,1,1,1,0,0,2,19.2,37.2,0,0,0.5026178010471204,0.0
4121,0,0,0,0,18,1,0,0,0,0,2,0,0,0,0,1,3,50.0,892.7,0,1,0.0559471858565514,0.0
1249,0,0,0,0,8,1,0,0,2,0,0,0,2,0,0,1,2,60.0,487.75,0,0,0.1227621483375959,0.0
6253,1,0,1,0,45,1,2,1,2,0,2,0,0,0,0,1,3,84.55,3713.95,0,2,0.0227593911088978,0.0
2840,1,0,0,0,3,1,0,0,0,0,0,0,0,0,0,0,3,45.45,141.7,0,0,0.318500350385424,0.0
3820,0,0,0,0,38,1,0,2,1,1,1,1,1,1,1,0,3,20.05,678.2,0,2,0.029520023557126,0.0
5868,1,0,1,0,72,1,2,1,2,2,2,2,2,2,2,1,2,115.55,8425.3,0,3,0.013713017575923,0.0
5797,1,0,0,0,46,1,2,1,2,2,0,0,0,2,0,1,2,93.7,4154.8,1,2,0.0225468020597718,1124.4
2255,0,0,1,1,71,1,2,1,2,2,2,0,2,0,2,1,1,99.0,7061.65,0,3,0.0140174014003242,0.0
172,1,0,1,1,66,0,1,0,0,0,0,2,2,2,2,0,0,50.55,3364.55,0,3,0.0150198333110487,0.0
3607,1,1,0,0,25,1,2,1,0,2,2,0,2,2,0,0,3,105.95,2655.25,1,2,0.0398870588235294,1271.4
2256,1,0,0,0,18,1,2,0,0,0,2,2,2,2,1,1,1,82.0,1425.45,1,1,0.0574853657681657,0.0
5662,0,0,1,1,13,1,2,2,1,1,1,1,1,1,2,1,0,25.0,332.5,0,1,0.0749625187406296,0.0
2252,0,0,1,1,65,1,2,0,2,2,2,2,2,2,2,0,0,91.55,5963.95,0,3,0.0153479911818204,0.0
276,1,0,1,0,60,1,2,1,0,2,2,0,2,0,0,1,2,95.75,5742.9,1,3,0.0166698584585386,1149.0
1552,1,0,1,1,15,1,0,2,1,1,1,1,1,1,2,0,3,19.35,278.85,0,1,0.0691441843844916,0.0
5850,0,0,1,0,72,1,2,2,1,1,1,1,1,1,2,0,1,24.85,1871.85,0,3,0.0132685479349654,0.0
6750,1,0,1,0,30,1,2,1,0,0,0,0,2,2,0,1,1,94.05,2866.45,1,2,0.032799176969084,1128.6
5830,0,0,1,1,42,1,0,1,0,0,2,2,2,2,2,1,2,100.4,4303.65,0,2,0.0233236151603498,0.0
6457,0,0,1,0,71,1,2,2,1,1,1,1,1,1,2,0,0,25.0,1753.0,0,3,0.0142531356898517,0.0
2847,0,0,0,0,1,1,0,0,0,0,0,0,0,2,0,1,3,54.75,54.75,1,0,0.9820627802690582,657.0
2282,1,1,0,0,39,1,2,1,0,0,0,0,2,2,0,1,0,95.65,3759.05,1,2,0.0254384915094214,1147.8000000000002
3669,0,0,0,0,35,1,0,2,1,1,1,1,1,1,0,0,0,19.25,617.65,0,2,0.0311161399822193,0.0
727,0,0,1,1,53,1,0,1,0,2,2,2,2,2,0,1,0,108.25,5935.1,0,3,0.018235878775627,0.0
3456,0,0,0,0,1,1,2,1,0,0,0,0,2,2,0,1,2,94.6,94.6,1,0,0.9895397489539748,1135.1999999999998
228,0,1,1,1,31,1,0,1,0,0,2,2,2,2,0,1,2,98.9,2911.3,1,2,0.0339594135219585,1186.8000000000002
3040,1,0,0,0,48,1,0,2,1,1,1,1,1,1,2,0,1,20.15,982.95,0,2,0.0204786828599014,0.0
5492,0,1,0,1,30,1,2,1,0,0,0,2,2,2,0,1,2,101.3,2974.5,0,2,0.0340446983700218,0.0
256,1,0,0,0,10,1,0,2,1,1,1,1,1,1,0,0,1,20.0,198.7,0,0,0.100150225338007,0.0
5077,0,0,0,1,12,1,2,1,0,2,2,0,2,2,0,1,2,105.3,1275.65,0,0,0.0824814945364822,0.0
4571,0,1,0,0,57,1,0,0,2,0,2,2,2,0,2,0,0,69.85,4003.0,0,3,0.0174450549450549,0.0
2784,0,0,1,0,58,1,0,0,2,2,0,0,2,0,0,1,1,65.25,3791.6,0,3,0.017204556241101,0.0
6767,0,0,0,0,37,1,0,2,1,1,1,1,1,1,2,0,3,19.8,813.3,0,2,0.0243153628883703,0.0
713,0,0,1,1,44,1,0,2,1,1,1,1,1,1,0,0,3,19.6,780.25,0,2,0.025088,0.0
4129,1,0,0,1,27,1,0,2,1,1,1,1,1,1,1,0,1,20.05,552.9,0,2,0.0361978696515616,0.0
4080,0,0,0,0,8,1,0,0,0,0,0,2,0,0,0,0,2,49.4,408.25,0,0,0.1207086133170433,0.0
5356,1,1,0,0,3,1,2,1,0,0,0,0,0,0,0,1,2,76.05,231.8,1,0,0.3266752577319587,912.5999999999999
3148,0,1,1,0,25,1,0,1,0,2,2,0,0,2,0,0,0,88.4,2191.15,0,2,0.0403257076386196,0.0
5935,0,0,1,1,57,1,2,1,0,2,0,0,2,2,0,1,2,100.6,5611.7,0,3,0.0179236374650346,0.0
2631,0,0,0,0,12,1,0,2,1,1,1,1,1,1,0,0,3,19.45,246.25,0,0,0.0786653185035389,0.0
658,0,0,1,1,62,1,0,2,1,1,1,1,1,1,2,0,0,20.3,1296.15,0,3,0.0156496935589561,0.0
2161,0,0,1,0,65,1,2,1,0,2,2,2,2,2,2,1,0,107.65,7082.85,0,3,0.0151965386054193,0.0
871,0,0,1,0,71,1,2,0,0,0,2,2,2,2,2,1,0,80.45,5662.25,0,3,0.0142056239791639,0.0
4117,0,0,1,1,21,1,0,0,0,2,0,0,2,0,1,1,1,58.85,1215.45,0,1,0.0483784783591598,0.0
4200,1,0,1,0,71,1,2,1,2,2,2,0,2,2,1,1,2,109.6,7854.15,0,3,0.0139526298033774,0.0
5901,0,0,0,0,7,1,0,1,0,0,2,0,0,0,0,1,2,75.15,525.0,0,0,0.14287072243346,0.0
4522,0,0,0,0,72,1,0,0,2,2,2,2,0,2,2,1,1,73.0,5265.2,0,3,0.0138619877710683,0.0
1549,0,0,0,0,1,1,0,1,0,0,0,0,0,0,0,0,2,70.1,70.1,0,0,0.9859353023909986,0.0
5481,0,0,1,1,72,1,2,1,0,2,2,2,0,2,2,1,0,98.65,7129.45,0,3,0.013835031449628,0.0
779,0,0,1,1,64,1,2,1,0,2,2,2,2,2,1,1,2,111.45,7266.95,0,3,0.0153344478154087,0.0
95,0,0,0,0,72,1,2,1,2,2,2,2,2,2,2,1,2,114.9,8496.7,0,3,0.0135213057650893,0.0
4587,0,0,0,0,29,1,2,1,0,0,2,0,2,2,0,0,0,100.55,2878.75,0,2,0.0349162253667853,0.0
1212,0,0,0,0,13,1,0,2,1,1,1,1,1,1,2,1,3,20.4,261.3,0,1,0.0777735417460922,0.0
1060,0,0,0,0,31,1,2,1,2,2,0,0,2,2,0,0,2,104.35,3205.6,0,2,0.0325422565957712,0.0
3926,1,1,0,0,1,1,0,1,0,0,0,0,0,0,0,1,2,69.75,69.75,1,0,0.9858657243816256,837.0
3016,1,0,1,1,7,0,1,0,2,0,0,2,0,0,0,1,2,34.5,279.25,1,0,0.1231043710972346,414.0
3093,1,0,1,0,61,1,2,1,0,2,2,0,2,2,0,1,2,105.55,6281.45,1,3,0.0168007704000827,1266.6
3686,0,0,0,1,39,0,1,0,0,0,2,0,0,0,0,0,1,30.1,1131.3,1,2,0.0265830610262298,0.0
4225,1,0,1,0,10,1,0,1,0,0,0,0,0,0,0,1,2,70.3,738.2,1,0,0.0951028138528138,843.5999999999999
5812,0,0,1,1,14,1,2,0,0,2,0,2,2,2,0,0,1,80.45,1137.05,0,1,0.0706910944158868,0.0
86,0,0,0,0,1,1,2,1,0,2,0,0,0,0,0,1,3,80.2,80.2,1,0,0.9876847290640394,962.4000000000001
2336,0,0,1,1,67,1,2,1,2,0,0,2,0,2,1,1,1,94.35,6341.45,1,3,0.0148759548754818,1132.1999999999998
6535,0,0,0,0,72,1,2,0,2,2,2,2,2,2,2,1,0,91.35,6697.2,0,3,0.0136379922964378,0.0
5366,1,0,1,1,6,1,0,0,0,0,0,0,0,0,0,1,0,44.6,260.8,1,0,0.1703590527119939,535.2
3194,0,0,0,0,1,1,0,2,1,1,1,1,1,1,0,1,3,19.6,19.6,1,0,0.9514563106796116,235.20000000000002
724,1,0,1,1,25,1,0,2,1,1,1,1,1,1,1,0,2,19.9,505.45,0,2,0.0392931187678941,0.0
2325,0,1,0,0,33,1,2,1,0,2,2,2,2,2,0,1,2,110.45,3655.45,1,2,0.0302068946655909,1325.4
5527,1,0,0,0,18,1,0,0,2,0,2,2,2,0,0,1,2,68.35,1299.8,0,1,0.0525445879458794,0.0
6186,1,0,1,0,71,1,0,0,0,2,2,2,2,2,2,1,1,79.1,5564.85,0,3,0.0142116657833035,0.0
3769,1,1,1,1,28,1,2,0,0,0,0,0,0,0,1,1,2,51.0,1381.8,0,2,0.0368816893260052,0.0
2179,0,0,0,1,2,1,2,1,2,0,0,0,0,0,0,0,1,80.55,188.1,0,0,0.425965097831835,0.0
556,1,0,1,1,17,1,2,0,0,2,2,2,0,0,0,1,3,66.7,1077.05,0,1,0.061870970734196,0.0
601,1,0,0,0,56,1,2,1,2,2,0,0,0,0,0,1,2,86.4,4922.4,0,3,0.0175488483568265,0.0
3205,0,0,1,0,60,0,1,0,2,2,2,0,0,2,1,0,2,50.05,2911.5,0,3,0.0171845493562231,0.0
2947,0,0,0,0,33,1,2,2,1,1,1,1,1,1,2,0,1,25.7,826.1,0,2,0.0310724217144238,0.0
1914,0,0,0,0,1,1,0,1,2,2,0,2,0,0,0,1,3,83.4,83.4,0,0,0.9881516587677726,0.0
3540,1,0,0,0,2,1,0,1,0,0,0,0,0,0,0,0,1,70.7,140.7,1,0,0.4989414255469302,848.4000000000001
7,1,0,1,0,63,1,2,1,2,0,0,2,0,0,2,1,1,84.65,5377.8,0,3,0.0157377110136089,0.0
4861,1,1,1,0,7,1,2,1,0,0,2,0,2,2,0,1,2,99.25,665.45,1,0,0.1489234001050341,1191.0
6353,0,0,0,0,55,1,0,0,0,2,2,0,0,2,2,1,3,64.75,3617.1,0,3,0.0178961333296481,0.0
3407,0,0,1,0,65,1,2,1,2,2,0,2,2,0,1,1,0,100.15,6643.5,0,3,0.0150726164496952,0.0
4873,1,0,1,0,1,1,0,1,0,0,0,2,2,0,0,1,2,84.8,84.8,1,0,0.9883449883449884,1017.5999999999999
7004,1,0,0,0,63,1,2,2,1,1,1,1,1,1,2,0,3,25.25,1559.3,0,3,0.0161827853617894,0.0
619,0,1,1,0,70,1,2,1,2,2,2,2,2,2,2,1,1,113.0,7987.6,0,3,0.0141451568485091,0.0
5435,0,0,1,1,36,0,1,0,2,0,2,2,0,0,2,0,1,40.65,1547.35,0,2,0.0262537539961894,0.0
4800,1,0,0,0,52,1,0,1,0,2,2,2,2,2,1,1,0,105.0,5426.85,1,3,0.0193446760687933,1260.0
1669,1,0,0,0,22,1,2,0,2,0,0,0,0,0,0,1,2,54.45,1127.35,1,1,0.0482563034519431,653.4000000000001
3059,1,0,0,0,22,1,0,1,0,2,2,2,0,2,0,1,0,94.95,2142.8,0,1,0.0442905121746431,0.0
5858,0,1,0,0,5,1,0,0,2,2,0,2,0,0,0,0,1,59.9,287.85,0,0,0.2073740695862904,0.0
1489,0,0,1,0,47,1,0,1,0,0,2,0,0,2,0,1,2,85.3,4045.65,1,2,0.0210791642469697,1023.5999999999999
2475,0,0,0,0,33,1,2,1,0,0,0,0,0,2,0,1,2,83.35,2757.85,1,2,0.030211863638835,1000.1999999999999
1350,1,0,0,0,18,0,1,0,0,2,2,0,0,0,0,1,1,33.5,600.0,1,1,0.0557404326123128,402.0
6030,0,0,0,0,1,1,0,2,1,1,1,1,1,1,0,0,1,19.8,19.8,0,0,0.9519230769230768,0.0
4158,1,0,0,0,56,1,0,0,0,2,2,2,2,2,2,1,1,81.8,4534.45,0,3,0.0180356965681464,0.0
3507,0,0,0,0,2,1,0,2,1,1,1,1,1,1,0,1,3,20.0,40.9,0,0,0.477326968973747,0.0
4337,1,0,0,0,35,1,2,0,2,0,2,0,0,0,0,1,2,59.6,2094.9,0,2,0.0284364712056872,0.0
2105,0,0,1,0,64,1,2,2,1,1,1,1,1,1,2,0,1,25.0,1584.8,0,3,0.0157649136082734,0.0
3973,0,0,0,0,15,1,2,1,2,0,2,0,0,0,0,1,1,84.35,1302.65,0,1,0.0647029494112683,0.0
3428,1,0,0,0,24,1,0,1,0,0,0,0,2,2,0,1,2,90.35,2238.5,1,1,0.0403438267470417,0.0
3311,1,0,0,0,1,1,0,0,0,0,0,0,0,2,0,0,3,55.55,55.55,0,0,0.982316534040672,0.0
6655,0,0,1,1,70,1,0,0,2,0,0,2,2,2,2,0,1,75.35,5437.75,0,3,0.0138542863709492,0.0
1878,1,0,1,0,1,1,0,1,0,0,0,0,2,2,0,1,2,90.75,90.75,1,0,0.989100817438692,1089.0
6724,0,0,0,1,4,1,2,1,0,2,0,0,2,0,0,0,3,89.6,365.65,1,0,0.2443747443065594,1075.1999999999998
3020,0,0,0,0,39,1,0,0,0,0,0,2,0,2,1,0,2,59.3,2209.15,0,2,0.026830758093342,0.0
2299,0,0,0,0,29,1,2,0,2,0,0,0,0,2,0,1,2,66.1,1912.15,0,2,0.034550348901027,0.0
5284,0,0,1,1,14,1,0,2,1,1,1,1,1,1,2,0,3,18.8,255.55,0,1,0.0732800623660105,0.0
2207,0,0,0,0,61,1,2,0,2,0,2,2,2,2,2,0,1,86.45,5175.3,0,3,0.0167011185595888,0.0
3987,1,0,0,1,13,1,0,0,2,0,0,0,0,0,0,1,1,52.1,670.65,0,1,0.0775701630313407,0.0
6201,0,0,0,0,66,0,1,0,2,2,2,2,0,0,2,1,3,47.4,3177.25,0,3,0.0149138676944859,0.0
5917,1,0,0,0,2,0,1,0,0,0,2,0,2,2,0,1,2,49.25,90.35,1,0,0.5391351943076081,591.0
3619,0,0,1,0,59,1,2,1,2,2,2,0,2,2,1,1,1,109.15,6557.75,0,3,0.0166418906041547,0.0
4418,1,0,1,1,62,1,2,1,2,2,0,0,2,0,1,1,1,94.95,5791.85,0,3,0.0163908956731142,0.0
5789,1,1,1,0,33,1,0,1,2,2,0,2,0,2,1,1,2,93.55,3055.5,0,2,0.0306069033207917,0.0
5962,1,0,0,1,66,1,0,0,0,2,2,2,2,2,2,1,1,79.5,5196.1,0,3,0.0152969925535394,0.0
5982,0,0,0,0,72,1,2,1,2,2,2,2,2,2,2,0,1,115.05,8405.0,0,3,0.0136866523911491,0.0
4850,1,0,0,1,1,1,0,2,1,1,1,1,1,1,0,0,3,19.75,19.75,1,0,0.9518072289156626,237.0
3250,0,0,0,0,19,1,2,1,2,2,0,0,0,2,0,1,2,95.15,1789.25,1,1,0.0531490015360983,1141.8000000000002
3151,0,0,1,1,51,1,2,1,2,0,0,2,2,0,1,1,3,95.15,5000.05,0,3,0.0190260045390468,0.0
2931,1,0,0,0,63,1,2,1,0,2,0,2,2,2,0,0,2,105.4,6713.2,0,3,0.0156980727413541,0.0
1454,1,0,0,0,27,1,0,2,1,1,1,1,1,1,1,0,0,20.1,562.6,0,2,0.0356635911994322,0.0
5966,1,0,0,0,22,1,2,1,2,0,0,0,2,2,0,1,0,101.35,2317.1,1,1,0.0437211509425822,1216.1999999999998
1256,0,1,0,0,4,1,0,2,1,1,1,1,1,1,0,0,3,20.05,91.45,0,0,0.216873985938345,0.0
3431,1,0,1,1,42,1,0,2,1,1,1,1,1,1,2,0,3,20.7,828.85,0,2,0.0249442670362113,0.0
1267,0,0,0,0,29,1,0,2,1,1,1,1,1,1,1,0,3,20.35,617.35,0,2,0.0329101641465189,0.0
1784,0,0,0,0,4,1,0,1,0,0,0,0,0,0,0,1,1,70.05,266.9,1,0,0.261478163493841,840.5999999999999
4990,1,0,0,0,30,1,0,2,1,1,1,1,1,1,1,0,3,19.7,625.05,0,2,0.0314671352128424,0.0
5208,1,0,1,0,4,1,2,1,0,0,0,0,0,0,0,1,2,74.65,301.4,1,0,0.2468584656084656,895.8000000000001
4966,1,0,1,1,71,1,0,0,2,2,2,2,2,2,2,0,0,85.45,6029.9,0,3,0.0141686978726226,0.0
6802,1,0,1,0,46,0,1,0,2,0,2,2,0,0,2,0,1,40.4,1842.7,0,2,0.0219124586429462,0.0
6640,1,0,0,0,4,1,2,0,0,0,0,0,0,0,0,0,3,50.4,206.6,1,0,0.2427745664739884,0.0
5766,0,0,0,0,7,1,2,1,2,0,0,0,0,0,0,1,3,79.65,604.7,1,0,0.1315007429420505,0.0
3854,1,0,0,0,69,1,2,1,0,2,0,2,2,2,1,1,0,105.2,7386.05,0,3,0.0142411382080803,0.0
4081,0,0,1,0,72,1,2,1,2,2,2,0,2,0,2,0,0,100.65,7334.05,0,3,0.0137217878542068,0.0
2983,1,1,0,0,19,1,2,1,0,0,2,0,0,0,0,1,2,79.85,1471.75,1,1,0.0542182991003225,0.0
3695,1,0,0,0,28,1,0,1,0,0,2,2,0,2,0,0,2,91.0,2626.15,0,2,0.0346382962525931,0.0
1077,1,0,1,0,5,1,2,1,0,2,0,0,0,0,0,1,2,78.75,412.1,1,0,0.190631808278867,945.0
6080,0,1,1,0,72,1,2,1,2,2,2,2,2,2,2,1,1,116.75,8277.05,0,3,0.0141035630371887,0.0
1648,1,1,1,1,8,1,0,1,0,0,0,0,2,0,0,1,1,80.45,583.45,1,0,0.1376507827872358,965.4000000000001
5407,0,0,0,0,7,1,0,0,2,0,0,0,0,2,1,1,2,59.1,369.25,0,0,0.1596218771100607,0.0
3861,0,0,0,0,22,1,0,0,2,0,0,0,0,0,0,1,2,49.8,1049.05,0,1,0.0474263130327127,0.0
2788,1,0,0,0,72,1,0,2,1,1,1,1,1,1,2,0,0,19.3,1414.8,0,3,0.0136318689080378,0.0
1691,1,0,1,1,8,1,0,2,1,1,1,1,1,1,0,0,1,19.65,169.75,0,0,0.1150805270863836,0.0
153,1,0,1,0,52,1,2,0,2,2,2,2,0,2,1,1,1,81.4,4354.45,0,3,0.018689228437934,0.0
3881,0,0,0,0,68,0,1,0,2,0,2,2,0,0,2,0,3,38.9,2719.2,0,3,0.0143004190868318,0.0
4569,0,0,1,0,71,1,2,0,2,2,2,2,2,2,2,0,0,87.95,6365.35,0,3,0.013814823250371,0.0
5779,1,0,0,0,2,1,0,2,1,1,1,1,1,1,0,0,3,19.85,51.6,0,0,0.3773764258555133,0.0
6684,0,1,0,0,34,1,2,1,0,2,0,2,2,0,0,1,2,96.35,3190.25,0,2,0.0301919310614962,0.0
1609,0,0,0,0,35,0,1,0,0,0,0,0,0,0,0,0,2,24.15,812.5,0,2,0.0296865396435156,0.0
1151,0,0,1,1,61,1,0,2,1,1,1,1,1,1,1,0,1,19.1,1143.8,0,3,0.0166841369671558,0.0
1308,1,0,0,0,1,1,0,0,0,0,0,0,0,0,0,0,2,44.0,44.0,0,0,0.9777777777777776,0.0
3325,0,0,0,0,1,1,2,0,0,0,0,0,0,0,0,1,3,50.1,50.1,1,0,0.980430528375734,601.2
6782,0,0,1,1,53,1,0,0,0,0,2,0,0,2,1,0,1,60.6,3297.0,0,3,0.0183747725894481,0.0
2955,0,0,1,0,72,1,2,2,1,1,1,1,1,1,2,0,0,25.65,1887.0,0,3,0.0135858050847457,0.0
5375,1,0,1,0,2,1,0,1,0,0,2,0,0,0,0,0,2,76.4,151.8,1,0,0.5,916.8000000000001
5621,1,0,0,0,3,1,0,1,0,0,2,2,2,2,0,1,2,98.7,293.65,1,0,0.3349736976073307,1184.4
6007,0,1,0,0,13,1,2,1,2,0,0,0,2,2,0,1,2,100.8,1308.1,1,1,0.0769994652814911,1209.6
4334,1,1,1,0,41,0,1,0,0,2,2,0,2,2,0,1,2,53.95,2215.4,0,2,0.0243412741382421,0.0
2508,0,0,1,0,24,1,0,2,1,1,1,1,1,1,1,0,1,20.4,482.8,0,1,0.0421661843737081,0.0
293,0,0,1,1,28,1,0,1,0,0,0,0,2,2,1,1,0,90.1,2598.95,1,2,0.0346545125867805,1081.1999999999998
3611,1,0,0,0,8,0,1,0,2,0,0,0,0,0,0,0,3,29.35,216.45,0,0,0.1349735571395723,0.0
4246,1,0,0,0,1,1,0,2,1,1,1,1,1,1,0,1,3,20.45,20.45,0,0,0.9533799533799534,0.0
4841,0,0,0,0,54,1,2,1,0,0,2,2,0,2,2,1,0,95.1,5064.85,0,3,0.0187727627150428,0.0
325,1,0,0,0,41,1,2,2,1,1,1,1,1,1,0,1,0,25.25,996.45,0,2,0.025314552107875,0.0
5591,0,0,1,0,19,1,0,0,0,0,0,0,0,0,0,0,3,44.9,839.65,0,1,0.0534110509724617,0.0
147,0,0,1,1,72,1,2,0,2,2,2,2,2,2,2,0,0,92.65,6733.0,0,3,0.0137585387585387,0.0
5162,1,0,0,0,62,0,1,0,2,2,2,2,0,0,2,1,0,43.7,2618.3,0,3,0.0166838468293055,0.0
2994,0,1,1,1,56,1,0,0,2,0,0,2,2,2,2,1,1,72.6,4084.35,0,3,0.0177708152300292,0.0
2391,1,0,0,0,15,1,2,0,0,0,0,0,0,0,0,0,2,51.55,765.5,1,1,0.0672537508153946,618.5999999999999
5841,1,1,0,0,10,1,0,1,0,0,0,0,0,2,0,1,2,79.25,793.55,1,0,0.0997419923226983,951.0
3229,1,0,1,1,32,1,0,2,1,1,1,1,1,1,2,0,3,18.95,613.95,0,2,0.0308155134563785,0.0
1263,1,0,0,0,21,1,0,2,1,1,1,1,1,1,0,0,1,20.5,402.85,0,1,0.0507614213197969,0.0
3233,1,0,1,1,62,1,0,2,1,1,1,1,1,1,1,0,0,19.95,1244.8,0,3,0.0160138063894686,0.0
2958,0,0,0,0,2,0,1,0,0,0,0,0,0,0,0,0,2,24.5,46.4,0,0,0.5168776371308017,0.0
6600,1,0,0,1,27,1,0,2,1,1,1,1,1,1,2,0,3,20.6,581.85,0,2,0.0353435703868919,0.0
2357,1,0,0,0,5,1,2,1,0,0,0,0,2,2,0,1,0,94.85,462.8,1,0,0.2045062526951272,1138.1999999999998
4532,0,0,0,0,25,0,1,0,2,2,2,0,2,2,1,0,2,61.05,1540.2,0,2,0.0396119906566311,0.0
787,0,0,0,0,2,1,2,1,0,0,0,0,0,2,0,1,2,85.7,169.8,1,0,0.5017564402810304,1028.4
800,1,0,0,0,49,1,2,1,0,2,0,2,2,2,1,1,0,106.65,5168.1,0,3,0.0206322183745719,0.0
763,0,0,0,0,63,1,2,1,2,2,2,0,2,2,0,0,1,108.25,6780.1,0,3,0.0159634867499373,0.0
6986,0,0,0,1,4,1,0,2,1,1,1,1,1,1,0,0,1,20.4,94.5,0,0,0.2136125654450261,0.0
2449,0,0,1,0,1,1,0,0,0,0,0,0,2,0,0,1,3,55.3,55.3,0,0,0.9822380106571936,0.0
1629,1,0,0,0,11,1,0,2,1,1,1,1,1,1,0,0,3,20.25,208.0,0,0,0.09688995215311,0.0
5456,1,1,0,0,52,1,2,1,0,0,0,0,0,0,0,1,0,72.95,3829.75,0,3,0.0190432682894994,0.0
628,0,1,1,0,60,1,2,1,0,2,0,0,0,2,0,0,2,89.45,5294.6,0,3,0.0168913815242843,0.0
3573,1,0,0,0,64,1,2,1,0,0,2,2,2,2,1,1,1,104.65,6889.8,0,3,0.0151869158878504,0.0
1613,0,0,1,1,43,1,0,0,2,0,2,0,2,2,2,0,0,75.2,3254.35,0,2,0.0231004346690832,0.0
3100,0,0,1,0,61,1,2,1,0,0,0,2,2,2,1,0,0,101.15,6383.9,0,3,0.0158420648718069,0.0
281,0,0,0,0,1,1,0,0,0,0,0,0,0,0,0,0,3,44.4,44.4,1,0,0.9779735682819384,532.8
1168,1,1,0,0,5,1,0,1,0,0,0,0,2,2,0,1,2,89.5,477.7,1,0,0.186964696051807,1074.0
2768,1,0,0,0,66,1,2,0,2,2,2,2,0,0,2,0,0,68.75,4447.55,0,3,0.0154544739297074,0.0
1594,1,0,1,0,67,1,0,1,2,2,2,2,2,2,2,1,2,111.05,7321.05,0,3,0.0151665175736303,0.0
552,0,0,1,0,42,1,0,1,0,0,2,2,2,2,2,1,1,99.0,4135.0,0,2,0.0239361702127659,0.0
3393,1,1,1,0,1,1,2,1,0,0,0,0,2,0,0,1,2,86.05,86.05,1,0,0.9885123492245836,1032.6
3887,0,0,1,1,31,1,0,2,1,1,1,1,1,1,2,0,3,21.0,697.7,0,2,0.030055817947617,0.0
5886,1,0,0,0,7,1,0,2,1,1,1,1,1,1,0,1,3,19.4,168.65,0,0,0.1143530798703212,0.0
1710,1,0,0,0,4,0,1,0,0,0,0,0,2,2,0,1,2,44.55,174.3,1,0,0.2541357672561323,534.5999999999999
6404,1,0,1,1,34,1,2,0,0,0,2,0,2,2,1,0,0,77.2,2753.8,0,2,0.0280238129809786,0.0
810,1,0,0,0,3,1,0,2,1,1,1,1,1,1,1,1,3,19.45,69.25,0,0,0.2768683274021352,0.0
5605,0,0,1,1,19,0,1,0,0,0,0,0,0,0,0,1,3,24.85,434.8,0,1,0.0570215695273061,0.0
2902,1,0,1,1,31,0,1,0,2,0,0,2,0,0,0,0,0,35.4,1077.5,1,2,0.0328233657858136,424.79999999999995
4856,0,0,0,0,1,1,2,1,0,0,0,0,2,2,0,0,3,95.65,95.65,1,0,0.9896533885152612,1147.8000000000002
4495,1,0,0,0,3,0,1,0,2,0,2,2,0,0,0,0,3,41.35,107.25,0,0,0.381986143187067,0.0
3878,1,0,1,0,46,1,0,2,1,1,1,1,1,1,0,0,2,19.6,851.2,0,2,0.0229992959399202,0.0
3979,0,0,0,0,1,1,0,2,1,1,1,1,1,1,0,0,3,20.95,20.95,1,0,0.9544419134396356,251.39999999999998
113,0,0,1,1,69,1,2,1,2,0,2,0,0,0,1,0,0,84.45,5848.6,0,3,0.0144368845733041,0.0
1673,1,0,0,0,5,1,0,2,1,1,1,1,1,1,0,0,3,20.25,109.8,0,0,0.1827617328519855,0.0
817,1,0,0,0,1,1,0,2,1,1,1,1,1,1,0,0,0,19.65,19.65,0,0,0.9515738498789348,0.0
6702,1,0,0,0,26,1,0,2,1,1,1,1,1,1,1,1,1,20.65,595.5,0,2,0.0346186085498742,0.0
1658,0,1,0,0,10,0,1,0,0,0,0,0,0,2,0,1,2,34.7,329.8,1,0,0.1048972188633615,416.40000000000003
6298,1,0,0,0,25,1,0,1,0,0,2,2,2,2,2,0,0,99.3,2513.5,0,2,0.0394909524756412,0.0
1538,1,0,1,1,64,1,0,1,2,2,0,0,0,0,0,0,2,81.05,5135.35,0,3,0.0157796879106758,0.0
1221,1,0,1,1,30,1,2,0,2,2,2,2,0,0,0,0,2,67.6,2000.2,0,2,0.0337797321607035,0.0
6681,1,0,0,0,13,1,0,1,0,0,0,0,0,0,0,1,2,70.15,931.75,0,1,0.0752077191101581,0.0
849,0,0,1,0,64,1,2,1,2,2,2,2,2,2,1,1,2,115.0,7396.15,0,3,0.0155465280547237,0.0
2493,0,0,0,1,46,1,2,1,0,0,2,2,0,0,0,1,0,84.8,3958.85,0,2,0.0214149525865878,0.0
984,0,0,0,0,12,1,0,2,1,1,1,1,1,1,1,0,3,19.7,260.9,0,0,0.0752195494463535,0.0
3955,0,0,0,0,15,1,0,2,1,1,1,1,1,1,0,0,0,19.75,297.3,1,1,0.0662085149178679,237.0
4314,1,0,1,1,17,1,2,1,0,0,0,0,2,2,0,1,2,92.55,1515.1,1,1,0.0610447859639865,1110.6
4506,0,0,1,1,13,1,0,0,2,0,2,0,0,2,0,1,3,63.15,816.8,0,1,0.0772193690388848,0.0
2419,0,0,1,1,67,1,2,0,2,2,0,2,2,0,2,0,1,74.0,4868.4,0,3,0.0151969441820347,0.0
1900,1,0,1,0,24,0,1,0,0,0,2,0,0,0,0,0,2,29.1,688.0,0,1,0.0422351233671988,0.0
6587,1,0,0,0,6,1,0,0,0,0,0,2,0,0,0,0,3,50.05,288.35,0,0,0.172973907033005,0.0
1801,1,1,1,0,53,1,2,0,2,0,0,2,0,0,1,1,2,60.05,3229.65,1,3,0.0185875907325151,0.0
5301,1,1,1,0,16,1,0,1,0,2,0,0,0,0,0,1,1,74.3,1178.25,1,1,0.0630061479754081,891.5999999999999
3422,1,0,0,0,10,1,0,2,1,1,1,1,1,1,0,0,2,20.0,185.4,0,0,0.1072961373390558,0.0
4668,0,0,0,0,13,1,0,1,0,2,0,0,0,0,1,1,3,74.65,966.25,0,1,0.0771775652623417,0.0
1852,1,0,0,0,9,1,2,1,0,0,0,0,2,0,0,1,2,85.35,758.6,1,0,0.1123617693522906,1024.1999999999998
3070,0,0,0,0,25,1,0,0,2,2,2,2,2,0,1,0,3,74.3,1863.8,1,2,0.0398434148434148,891.5999999999999
3920,1,1,0,0,7,0,1,0,0,2,0,2,0,2,0,1,2,44.4,265.8,0,0,0.1664167916041979,0.0
5000,1,0,1,1,38,1,2,0,2,0,2,2,2,2,2,1,0,85.4,3297.0,0,2,0.0258944815039417,0.0
3332,0,0,1,0,43,1,2,1,2,2,0,0,0,2,0,1,2,94.1,4107.3,0,2,0.0229048511549789,0.0
5175,0,0,0,1,4,1,0,1,0,0,2,2,2,2,0,1,0,98.1,396.3,1,0,0.2469166876415806,1177.1999999999998
2820,0,0,0,0,25,1,2,1,0,2,2,2,2,2,2,0,2,108.9,2809.05,0,2,0.038753758829914,0.0
4658,1,0,0,1,27,1,0,0,2,2,0,0,0,0,1,0,3,56.2,1567.55,0,2,0.0358292690701603,0.0
6924,1,0,1,1,72,1,2,2,1,1,1,1,1,1,2,0,3,26.1,1851.45,0,3,0.0140894491079381,0.0
1912,1,0,0,1,71,1,2,1,2,2,0,0,0,0,1,1,1,85.45,6028.95,0,3,0.0141709301072148,0.0
394,0,0,0,0,24,1,2,1,0,0,2,0,2,0,0,1,1,88.95,2072.75,0,1,0.0428933092224231,0.0
3523,0,0,0,0,50,1,2,1,2,2,0,2,2,2,2,1,2,109.65,5551.15,1,3,0.0197491062021018,1315.8000000000002
691,1,0,0,0,57,1,0,0,2,0,2,0,2,2,2,1,0,74.35,4317.35,0,3,0.0172172241712691,0.0
6460,0,0,0,0,15,1,0,0,0,2,0,0,0,0,0,0,2,48.85,736.8,0,1,0.0662103551097858,0.0
2739,1,0,0,0,4,1,2,1,2,0,0,0,0,0,0,1,2,80.1,336.15,0,0,0.237579712294231,0.0
3797,0,0,0,0,28,1,0,0,2,2,0,0,0,0,0,0,2,56.05,1522.65,0,2,0.036786663603846,0.0
487,0,1,0,0,9,1,2,1,0,0,0,0,0,0,0,1,2,74.55,622.9,1,0,0.1194903029331623,894.5999999999999
36,0,0,1,0,55,1,2,1,2,0,0,0,2,0,0,1,0,89.8,4959.6,0,3,0.0181026488731201,0.0
4267,1,0,0,0,3,1,2,1,0,0,2,0,2,2,0,1,2,100.95,329.95,1,0,0.3050309714458377,1211.4
5115,1,0,0,0,10,1,0,1,0,0,2,0,2,2,0,1,2,94.9,1048.85,1,0,0.090393865790351,1138.8000000000002
4973,1,0,0,1,55,1,0,2,1,1,1,1,1,1,1,0,0,19.1,1001.5,0,3,0.0190523690773067,0.0
353,0,0,1,1,20,1,0,2,1,1,1,1,1,1,0,0,3,20.35,442.6,0,1,0.0458746618575293,0.0
688,0,0,1,1,62,1,2,1,0,2,0,2,2,2,1,1,1,106.05,6703.5,0,3,0.015817734357521,0.0
2087,1,1,1,0,32,1,2,1,0,0,2,2,2,2,0,1,2,104.9,3351.55,1,2,0.0312896153674068,0.0
1334,0,0,0,0,43,1,0,2,1,1,1,1,1,1,2,1,0,19.65,779.25,0,2,0.0251842358218519,0.0
4354,1,0,1,0,9,0,1,0,0,0,0,0,0,0,1,0,0,24.1,259.8,1,0,0.0924079754601227,289.20000000000005
6584,0,0,1,0,60,1,0,0,2,2,0,2,0,0,2,0,0,59.85,3483.45,0,3,0.0171763119000129,0.0
2278,1,0,1,0,58,1,2,0,2,2,2,0,2,2,2,1,2,86.1,4890.5,0,3,0.0176019625881631,0.0
685,1,0,0,1,7,1,0,2,1,1,1,1,1,1,1,0,3,19.45,136.75,0,0,0.1411978221415608,0.0
4704,1,0,1,1,2,1,0,1,2,0,0,0,2,2,0,0,2,97.1,184.15,0,0,0.5244396435322711,0.0
3038,1,1,0,0,37,0,1,0,0,2,2,0,0,0,0,0,2,36.65,1315.0,0,2,0.0278495440729483,0.0
5968,0,1,1,1,65,1,2,1,0,0,2,2,2,2,1,1,0,103.9,6767.1,0,3,0.0153514280226355,0.0
4096,0,0,1,1,39,1,0,2,1,1,1,1,1,1,2,0,3,19.75,757.95,0,2,0.0260227946505039,0.0
2642,1,0,1,0,66,1,2,1,0,2,0,2,2,2,1,1,2,104.05,6890.0,1,3,0.0150994050210419,1248.6
4591,1,0,0,0,68,1,2,2,1,1,1,1,1,1,2,0,3,24.55,1657.4,0,3,0.0148034249879401,0.0
5377,0,0,1,1,62,0,1,0,2,2,0,2,2,0,2,0,0,48.7,3008.55,0,3,0.0161818212025053,0.0
526,1,0,0,0,3,1,0,1,0,0,2,2,2,0,0,1,3,88.35,262.05,1,0,0.3358677057593613,1060.1999999999998
365,0,0,1,0,72,1,2,1,2,2,2,0,2,2,2,1,2,109.55,8165.1,0,3,0.0134152165660474,0.0
639,0,0,1,0,41,1,0,2,1,1,1,1,1,1,2,0,1,20.65,875.55,0,2,0.0235582682105983,0.0
3401,1,0,1,1,29,1,0,1,2,0,0,0,2,2,0,0,1,94.65,2649.15,1,2,0.0357149595305926,1135.8000000000002
1081,0,0,0,0,4,1,0,0,2,2,0,0,0,0,0,0,2,55.2,220.65,0,0,0.2490412812993458,0.0
2268,1,0,0,0,53,1,2,2,1,1,1,1,1,1,1,0,0,24.05,1301.9,0,3,0.0184588226264486,0.0
2871,1,1,1,0,1,1,2,1,0,0,0,0,0,0,0,1,2,74.4,74.4,1,0,0.986737400530504,892.8000000000001
6466,0,0,1,1,41,1,2,0,2,2,2,2,0,2,0,0,1,79.9,3326.2,1,2,0.0240141861024284,958.8000000000001
3437,1,0,1,0,39,1,0,2,1,1,1,1,1,1,2,1,0,20.45,790.0,0,2,0.0258533501896333,0.0
6247,1,0,1,0,63,1,0,2,1,1,1,1,1,1,2,0,3,19.25,1237.65,0,3,0.0155411133088443,0.0
5391,1,0,0,0,15,1,2,2,1,1,1,1,1,1,0,1,2,26.35,378.6,0,1,0.0694151738672286,0.0
2533,0,0,1,0,13,1,0,0,0,0,0,0,0,0,1,0,2,43.8,592.65,0,1,0.0737808473005979,0.0
1246,1,0,0,0,1,1,0,0,0,2,0,0,0,0,0,1,3,50.15,50.15,0,0,0.9804496578690128,0.0
6028,1,0,0,0,1,1,0,2,1,1,1,1,1,1,2,0,3,20.45,20.45,0,0,0.9533799533799534,0.0
2803,1,1,0,0,8,1,0,1,0,0,0,0,0,0,0,1,2,69.7,560.85,1,0,0.124054462934947,836.4000000000001
1156,1,0,0,0,60,1,0,0,2,2,2,0,0,0,2,0,2,61.4,3638.25,0,3,0.0168716081610221,0.0
1683,0,1,1,0,12,1,2,1,0,2,2,0,2,0,0,1,2,98.1,1060.2,1,0,0.0924425179042593,1177.1999999999998
433,1,0,1,0,40,1,2,0,0,2,0,2,2,0,1,0,1,70.75,2921.75,0,2,0.0242066546916431,0.0
4241,0,0,0,0,66,1,0,0,2,2,2,0,0,0,2,1,0,61.15,4017.45,0,3,0.0152173101569012,0.0
3138,1,0,1,1,42,1,0,2,1,1,1,1,1,1,1,0,3,20.25,854.9,0,2,0.0236593059936908,0.0
3827,0,1,0,0,66,1,2,0,2,2,0,2,0,0,1,1,1,63.85,4174.35,0,3,0.0152921311985821,0.0
4956,1,0,0,0,49,1,2,1,0,2,0,0,2,2,0,0,2,98.7,4920.55,0,3,0.0200546575773892,0.0
1345,0,0,0,0,1,1,0,2,1,1,1,1,1,1,0,0,3,20.5,20.5,1,0,0.9534883720930232,246.0
2162,0,0,0,0,41,1,0,2,1,1,1,1,1,1,2,0,3,20.0,810.3,0,2,0.0246517934179711,0.0
3877,0,0,1,1,41,1,0,2,1,1,1,1,1,1,2,0,0,19.3,772.4,0,2,0.0249547452805792,0.0
5179,0,0,1,1,23,1,0,1,2,2,0,2,0,0,0,0,3,84.4,1936.85,0,1,0.0435534226075289,0.0
6847,1,0,0,0,3,0,1,0,0,0,0,0,0,0,0,0,2,25.1,79.8,0,0,0.3106435643564357,0.0
833,0,0,0,0,4,0,1,0,2,0,2,2,0,2,0,0,3,48.25,202.25,0,0,0.2373923739237392,0.0
6583,0,0,1,1,52,1,0,2,1,1,1,1,1,1,2,0,3,19.85,1070.5,0,3,0.0185254316378908,0.0
1551,0,1,1,0,4,1,2,1,2,0,0,0,2,2,0,1,2,99.6,347.65,1,0,0.2856733113437545,1195.1999999999998
6410,0,0,0,0,11,1,0,1,0,2,2,2,0,2,0,1,2,94.2,999.9,0,0,0.0941152962333899,0.0
369,0,0,1,0,2,1,0,0,2,0,0,0,0,2,0,1,3,62.15,113.1,0,0,0.5446976336546889,0.0
4952,0,0,1,0,26,1,2,1,0,2,0,0,0,0,0,0,0,79.3,2015.8,0,2,0.0393197143990479,0.0
5305,1,0,1,1,24,1,0,0,2,0,2,0,0,0,1,1,1,56.25,1454.25,0,1,0.0386531523793162,0.0
4840,0,0,0,0,12,1,0,2,1,1,1,1,1,1,0,0,3,20.3,246.7,0,0,0.0819539765845781,0.0
1567,1,1,1,0,60,1,2,1,0,0,0,2,2,2,0,1,2,99.0,6017.9,0,3,0.0164481882071474,0.0
1275,0,0,1,1,64,1,2,0,2,2,2,2,2,2,2,1,3,90.6,5817.45,0,3,0.0155711572669697,0.0
3892,1,0,1,0,66,1,0,0,2,2,2,2,2,2,2,1,0,85.9,5595.3,0,3,0.0153494273001804,0.0
140,0,0,0,0,60,1,2,1,0,0,2,0,0,0,1,1,0,79.2,4765.0,0,3,0.0166177087704574,0.0
3237,1,0,1,1,17,1,2,0,2,0,2,0,2,0,1,1,0,70.35,1201.65,0,1,0.0584958217270194,0.0
6297,1,0,1,1,42,1,0,2,1,1,1,1,1,1,2,0,3,19.35,867.3,0,2,0.0222849245652424,0.0
1888,1,0,0,0,1,1,2,0,0,0,0,0,0,0,0,1,2,50.15,50.15,0,0,0.9804496578690128,0.0
5506,0,0,1,1,47,1,0,0,0,2,0,2,0,2,2,0,0,63.8,3007.25,0,2,0.0212083437214327,0.0
6686,0,0,1,0,10,1,0,2,1,1,1,1,1,1,0,1,3,20.55,252.75,0,0,0.0809852216748768,0.0
4934,1,1,1,0,70,1,2,0,2,2,2,2,2,2,2,1,1,88.55,6306.5,0,3,0.0140388426476416,0.0
1679,1,1,0,0,67,1,2,1,0,0,2,0,2,2,0,1,1,101.4,6841.05,0,3,0.0148201197009668,0.0
1347,0,0,0,0,1,1,0,1,0,0,0,0,0,2,0,1,2,81.95,81.95,1,0,0.9879445449065702,983.4000000000001
3537,1,0,1,0,7,1,0,1,0,0,0,0,0,0,0,1,2,69.35,451.1,1,0,0.1533952665339526,832.1999999999999
2908,1,0,0,0,1,1,0,0,0,0,0,0,0,0,0,0,3,44.6,44.6,0,0,0.9780701754385964,0.0
1071,1,0,0,0,4,1,0,0,0,2,0,2,2,0,0,1,0,63.75,226.2,0,0,0.2805897887323944,0.0
2520,0,0,1,1,66,1,2,1,2,2,2,0,2,2,2,0,0,109.25,7082.5,0,3,0.015423166513729,0.0
5311,0,0,0,0,12,1,0,1,0,2,0,0,0,2,0,1,2,84.6,1017.35,0,0,0.0830755634114008,0.0
5138,0,0,0,0,24,1,0,2,1,1,1,1,1,1,1,0,1,20.45,527.35,0,1,0.0387054036150279,0.0
3705,1,0,0,0,26,1,0,1,0,2,0,0,2,0,0,1,2,85.75,2146.5,0,2,0.039930151338766,1029.0
1831,0,0,0,0,6,1,0,1,0,0,0,0,2,2,0,1,2,91.1,455.3,1,0,0.1996493534955073,1093.1999999999998
967,1,0,1,0,57,1,2,1,0,0,2,2,2,2,2,0,2,107.95,5969.85,0,3,0.0180795029183449,0.0
5306,1,0,1,0,14,1,2,1,0,0,0,0,2,0,0,1,2,86.1,1235.55,1,1,0.0696292103028587,1033.1999999999998
5775,0,0,1,1,42,1,2,2,1,1,1,1,1,1,2,0,2,22.95,1014.25,0,2,0.0226052696380201,0.0
92,1,0,0,0,25,1,2,1,0,0,0,0,2,2,0,1,0,94.7,2362.1,1,2,0.0400744784393381,1136.4
5916,0,0,1,0,64,1,0,2,1,1,1,1,1,1,2,0,1,19.45,1225.65,0,3,0.0158561936982839,0.0
7028,1,0,1,0,22,1,2,1,0,0,0,0,0,2,0,1,2,85.1,1873.7,1,1,0.0453939296954179,1021.1999999999999
4791,1,0,0,0,19,1,0,2,1,1,1,1,1,1,1,1,1,19.7,386.5,0,1,0.0508387096774193,0.0
194,0,0,1,1,61,1,2,1,0,2,0,0,2,2,0,1,2,99.15,6010.05,1,3,0.0164946224037397,1189.8000000000002
291,1,0,1,0,22,1,0,1,0,0,2,0,2,0,0,1,0,87.0,1850.65,0,1,0.0469851213782302,0.0
3166,1,1,1,0,70,1,2,1,0,2,2,0,2,2,0,1,2,102.95,7101.5,1,3,0.0144948961633227,1235.4
1478,1,0,0,0,12,1,0,1,0,0,0,0,0,2,0,1,0,79.95,1043.4,0,0,0.0765511298353121,0.0
2809,0,0,1,0,31,1,0,0,2,0,0,2,0,2,1,1,2,64.0,1910.75,0,2,0.0334771805936968,0.0
4714,0,0,0,0,11,1,0,0,0,0,0,0,2,2,0,1,2,64.9,716.1,0,0,0.0905034165388369,0.0
5122,1,0,1,1,68,1,2,2,1,1,1,1,1,1,2,0,3,25.75,1686.15,0,3,0.0152624247992176,0.0
3723,0,1,1,1,72,1,2,0,2,2,2,2,2,2,2,1,0,90.15,6716.45,0,3,0.0134202710850099,0.0
5611,1,1,0,0,67,1,2,1,2,2,2,2,2,2,2,1,1,116.1,7839.85,0,3,0.0148070681112379,0.0
2209,0,0,0,0,60,1,0,1,2,0,2,2,2,2,0,1,0,104.95,6236.75,0,3,0.0168249769548314,0.0
4032,1,0,0,0,1,1,0,0,0,0,0,0,0,0,0,1,3,45.05,45.05,1,0,0.97828447339848,540.5999999999999
5250,0,1,0,1,1,1,0,1,0,0,0,0,0,0,0,1,2,71.0,71.0,1,0,0.9861111111111112,852.0
6918,1,0,1,1,58,0,1,0,2,2,2,0,2,0,1,0,3,50.0,2919.85,0,3,0.0171183046031121,0.0
1179,0,1,1,1,47,1,0,1,0,0,0,0,0,0,0,0,0,70.55,3309.25,1,2,0.0213125896835586,846.5999999999999
335,0,0,0,0,1,1,0,1,0,0,0,0,0,2,0,1,2,79.7,79.7,1,0,0.9876084262701365,956.4000000000001
1827,1,0,0,0,1,1,0,2,1,1,1,1,1,1,0,0,3,20.45,20.45,0,0,0.9533799533799534,0.0
5566,1,0,0,0,22,1,2,0,2,2,0,0,0,0,0,0,2,59.0,1254.7,1,1,0.0469857450027872,708.0
6256,0,0,0,0,48,1,0,0,2,0,2,2,0,0,1,1,1,60.35,2896.4,1,2,0.0208290191205908,724.2
5268,0,0,1,0,37,1,0,2,1,1,1,1,1,1,1,1,0,19.85,717.5,0,2,0.0276270006958942,0.0
6694,1,0,0,0,13,1,0,2,1,1,1,1,1,1,1,1,2,19.95,253.8,0,1,0.0782967032967033,0.0
5849,1,0,0,0,43,1,2,2,1,1,1,1,1,1,2,0,0,26.45,1110.05,0,2,0.023806309347014,0.0
4603,0,0,0,0,6,0,1,0,2,2,2,2,2,2,2,1,3,63.4,348.8,0,0,0.1812464265294454,0.0
4358,1,0,0,0,71,0,1,0,2,2,2,2,2,0,2,0,0,53.95,3888.65,0,3,0.0138701425578136,0.0
464,0,1,1,1,1,1,0,1,0,0,0,0,0,0,0,1,2,69.25,69.25,1,0,0.9857651245551602,831.0
5503,0,0,1,1,72,1,2,1,2,2,0,0,2,0,2,1,2,95.1,6843.15,0,3,0.0138950782785298,0.0
1129,0,1,0,0,6,1,0,1,2,0,0,0,0,0,0,1,2,74.1,450.9,0,0,0.1639743306041159,0.0
651,1,0,1,1,12,0,1,0,0,2,0,2,0,0,0,0,3,35.5,432.25,0,0,0.081938834391229,0.0
1434,1,0,0,0,25,1,0,1,0,0,0,0,0,0,0,0,3,70.95,1767.35,1,2,0.0401221477648655,851.4000000000001
3275,0,0,1,0,21,1,0,1,0,0,2,2,0,0,1,0,2,79.2,1742.45,0,1,0.0454271702658521,0.0
5488,0,0,1,1,6,1,0,0,0,0,0,2,0,0,0,1,3,48.8,297.35,0,0,0.16356628121334,0.0
411,1,0,1,0,20,1,0,1,0,0,0,0,2,2,0,1,3,89.0,1820.45,1,1,0.0488621702489774,1068.0
5514,1,0,1,0,18,1,2,1,2,0,0,0,2,2,0,1,2,99.4,1742.95,1,1,0.056997046933685,1192.8000000000002
6763,0,0,0,0,43,1,0,0,0,2,0,2,0,0,1,0,2,55.45,2444.25,0,2,0.0226766179327267,0.0
3978,0,0,1,1,35,1,2,2,1,1,1,1,1,1,2,1,1,25.4,949.8,0,2,0.0267143458140513,0.0
6851,0,0,0,0,1,1,0,1,0,0,2,0,0,0,0,0,0,73.5,73.5,1,0,0.9865771812080536,882.0
459,1,1,1,0,32,1,2,1,0,2,2,0,0,2,0,1,2,93.5,2970.8,0,2,0.0314624133521771,0.0
4391,1,0,0,0,52,0,1,0,2,2,2,2,2,2,2,0,1,63.9,3334.95,0,3,0.0191549633537672,0.0
324,1,0,0,0,32,1,0,0,0,0,0,0,2,2,1,1,0,64.85,2010.95,0,2,0.0322324113422301,0.0
184,0,0,1,1,72,0,1,0,2,2,2,2,2,2,2,1,0,63.8,4684.3,0,3,0.0136170576057029,0.0
2901,1,0,0,0,51,0,1,0,2,0,0,2,0,2,0,1,1,44.45,2181.55,0,3,0.020366085542141,0.0
1474,1,0,1,1,68,1,0,2,1,1,1,1,1,1,2,1,0,19.95,1303.25,0,3,0.0152961472110408,0.0
1899,1,1,1,0,8,0,1,0,0,2,2,0,0,2,0,1,3,43.35,371.4,0,0,0.11640708915145,0.0
1304,1,0,1,0,49,0,1,0,0,2,0,0,2,2,2,0,1,49.65,2409.9,0,3,0.0205939690571985,0.0
6639,0,0,1,0,72,1,0,0,2,2,2,2,2,2,2,0,3,85.1,6155.4,0,3,0.0138230134494184,0.0
379,1,0,0,0,9,1,2,1,0,0,0,0,2,2,0,1,2,95.5,829.1,1,0,0.1150463799542223,1146.0
2333,0,0,1,0,28,1,0,1,2,0,0,0,2,2,0,1,3,92.35,2602.9,1,2,0.0354660317216482,1108.1999999999998
3068,1,0,0,0,54,1,0,1,2,0,2,0,2,0,0,0,3,89.8,4667.0,0,3,0.0192373607540702,0.0
982,1,0,0,0,11,1,0,1,0,2,0,0,0,0,0,1,2,74.55,824.75,1,0,0.0902815622161671,894.5999999999999
2035,0,0,1,1,50,1,0,1,0,0,2,2,2,2,1,0,3,103.05,5153.5,0,3,0.0199922397904743,0.0
62,0,0,1,0,69,1,2,1,2,2,2,2,2,2,2,1,2,116.0,8182.85,0,3,0.0141742578370815,0.0
3929,1,0,0,0,1,1,0,1,0,0,0,0,0,0,0,1,2,69.9,69.9,0,0,0.9858956276445698,0.0
1298,1,0,1,1,68,1,0,1,2,2,0,2,0,2,2,0,0,95.1,6683.4,0,3,0.0142271557656633,0.0
1780,1,0,0,1,40,0,1,0,2,2,0,2,0,0,1,0,3,40.25,1564.05,0,2,0.0257180281780134,0.0
3776,1,0,1,1,31,1,2,2,1,1,1,1,1,1,2,0,3,25.75,755.6,0,2,0.0340338355802273,0.0
5712,0,1,0,1,33,1,2,1,0,2,2,0,2,2,0,1,0,105.35,3465.05,0,2,0.0303948298495405,0.0
5486,1,1,1,0,55,1,2,1,0,2,2,2,2,2,2,1,2,113.6,6292.7,0,3,0.0180497958275736,0.0
3701,1,0,1,1,68,1,2,2,1,1,1,1,1,1,2,1,0,24.0,1664.3,0,3,0.0144118176905062,0.0
120,0,0,1,1,12,1,0,2,1,1,1,1,1,1,0,0,0,19.4,198.1,0,0,0.0974384731290808,0.0
6626,1,0,1,0,71,1,0,0,2,2,2,2,2,2,2,1,0,86.1,6045.9,0,3,0.0142387008219087,0.0
2337,1,0,0,0,40,1,2,1,0,2,2,0,2,2,0,1,3,102.65,4108.15,0,2,0.0249808354525875,0.0
3765,0,0,1,1,64,1,2,1,0,2,2,0,0,2,1,1,2,92.85,5980.75,0,3,0.0155222133990888,0.0
3748,1,0,1,0,53,1,2,1,0,2,0,2,0,2,1,0,0,97.75,5043.2,0,3,0.0193786923595416,0.0
6213,1,1,0,0,12,1,0,1,0,2,2,2,0,0,0,1,3,83.8,1029.75,1,0,0.0813000242541838,0.0
4465,1,1,0,0,53,0,1,0,0,2,2,0,2,2,0,1,2,54.45,2854.55,1,3,0.0190681304827441,653.4000000000001
4372,1,0,1,0,72,1,2,1,2,2,2,0,2,0,2,1,1,97.95,7114.25,0,3,0.0137662063876884,0.0
3763,1,0,0,0,46,1,0,2,1,1,1,1,1,1,2,0,2,19.95,907.05,0,2,0.0219701558284235,0.0
3146,1,0,0,0,40,1,2,2,1,1,1,1,1,1,2,1,3,24.6,973.95,0,2,0.0252320631827273,0.0
3764,1,0,0,0,12,0,1,0,2,2,0,2,2,0,0,1,0,50.95,605.75,0,0,0.0839719818706221,0.0
2797,1,0,0,0,9,1,0,1,2,0,0,0,0,0,0,0,2,75.6,661.55,0,0,0.1141045958795562,0.0
2372,0,0,1,1,51,1,2,1,0,0,0,2,0,0,0,1,2,80.75,4116.9,0,3,0.0196095097015469,0.0
3609,1,0,1,1,49,1,0,1,0,2,2,0,2,0,0,1,1,90.4,4494.65,0,3,0.0201083269382625,0.0
1962,1,1,1,0,41,1,2,1,0,0,2,0,2,2,0,1,2,99.8,4259.3,1,2,0.0234255803581907,0.0
2432,0,0,0,0,56,1,0,0,2,0,2,2,0,0,1,1,1,60.25,3282.75,0,3,0.0183479253901789,0.0
2329,1,0,0,0,4,1,0,2,1,1,1,1,1,1,0,1,2,20.2,55.7,0,0,0.3562610229276896,0.0
4101,1,0,1,0,20,1,0,0,2,0,0,2,0,2,1,1,3,64.15,1274.45,0,1,0.0502959739699713,0.0
3727,0,0,1,1,26,1,0,2,1,1,1,1,1,1,0,1,1,20.25,493.95,0,2,0.0409132235579351,0.0
1537,0,0,1,1,20,1,2,1,0,2,2,0,2,2,0,1,0,105.85,2239.65,1,1,0.0472407560306161,1270.1999999999998
5253,0,0,0,0,7,1,2,1,0,0,0,0,0,0,0,0,3,75.45,480.75,1,0,0.1566165023352361,905.4000000000001
3218,1,0,0,0,7,1,2,1,0,0,0,0,2,2,0,1,2,93.85,635.6,1,0,0.1474238140119384,1126.1999999999998
3995,1,0,0,0,51,1,0,1,0,2,2,0,2,2,0,1,2,99.0,5038.15,0,3,0.0196461704851016,0.0
1836,0,0,0,0,4,1,2,1,0,2,0,0,0,0,0,1,3,80.3,324.2,0,0,0.2469249692496924,0.0
1759,0,0,0,0,1,1,0,2,1,1,1,1,1,1,0,0,1,19.55,19.55,0,0,0.951338199513382,0.0
5363,1,0,1,1,27,1,2,1,2,2,0,2,2,0,0,0,2,100.75,2793.55,0,2,0.0360523161152958,0.0
3959,1,0,0,0,22,1,2,1,2,0,0,0,2,2,0,1,2,100.75,2095.0,1,1,0.048067748091603,1209.0
4887,1,0,0,0,12,1,0,0,0,2,0,2,0,0,0,1,3,53.75,648.65,0,0,0.0827368583083198,0.0
2259,0,0,1,1,3,0,1,0,0,0,0,2,0,0,0,1,3,31.0,95.05,1,0,0.3227485684539302,372.0
3293,0,0,1,1,34,1,2,2,1,1,1,1,1,1,1,1,1,25.6,917.15,0,2,0.0278821543320808,0.0
6569,1,0,1,0,24,1,2,0,2,0,0,2,0,0,1,1,2,58.35,1346.9,0,1,0.0432895615401736,0.0
1092,1,0,0,0,51,1,2,1,0,0,2,0,0,0,0,0,1,80.0,4242.35,1,3,0.0188530288569172,960.0
6098,0,1,0,0,14,0,1,0,0,0,0,0,2,2,0,1,2,46.35,672.7,0,1,0.0687991687694819,0.0
5431,1,0,1,0,59,1,2,1,2,2,2,2,2,2,2,0,2,113.75,6561.25,0,3,0.0173339936759495,0.0
158,1,0,0,0,3,1,0,1,0,2,2,0,0,2,0,0,2,90.4,268.45,0,0,0.3354982371497495,0.0
797,0,0,1,1,65,1,2,1,2,0,2,2,2,2,2,0,2,109.3,7337.55,0,3,0.0148939504398007,0.0
1937,1,1,0,0,5,1,0,1,0,0,0,0,0,0,0,1,3,70.25,331.9,1,0,0.2110243316311204,843.0
6561,0,0,1,1,59,1,2,0,2,2,2,2,2,2,2,0,1,90.3,5194.05,0,3,0.0173819308765074,0.0
6630,1,0,1,1,72,0,1,0,2,2,2,2,2,2,2,1,1,65.25,4478.85,0,3,0.0145652198176278,0.0
401,0,0,1,1,62,1,0,1,0,2,2,0,2,2,0,1,2,100.15,6283.3,1,3,0.0159365402670146,1201.8000000000002
1025,1,0,0,0,28,1,2,1,2,2,0,0,0,2,0,1,1,94.5,2659.4,1,2,0.0355209742895805,0.0
2114,1,0,0,0,3,1,0,0,0,0,0,2,0,2,0,0,3,60.65,196.9,0,0,0.3064679130874179,0.0
3400,1,0,0,1,19,1,2,2,1,1,1,1,1,1,0,1,1,24.1,439.2,0,1,0.0547478418900499,0.0
4166,1,0,0,0,1,1,0,2,1,1,1,1,1,1,0,1,3,19.5,19.5,0,0,0.951219512195122,0.0
2053,1,0,0,0,24,1,0,1,0,2,2,2,0,0,0,1,2,85.95,2107.15,0,1,0.0407703436662476,0.0
6345,1,1,0,0,57,1,0,0,0,0,2,2,0,0,1,1,2,53.5,3035.8,0,3,0.0176172286617492,0.0
3964,0,0,0,0,72,1,2,2,1,1,1,1,1,1,2,0,1,25.45,1866.45,0,3,0.0136282095906182,0.0
269,1,0,0,0,67,1,0,2,1,1,1,1,1,1,2,0,0,20.5,1430.95,0,3,0.0143161423234051,0.0
3729,1,0,1,1,52,1,0,2,1,1,1,1,1,1,1,1,1,20.85,1071.6,0,3,0.0194387469699794,0.0
3262,1,0,1,1,71,1,2,0,2,2,2,2,2,2,2,0,1,89.9,6457.15,0,3,0.0139203951596045,0.0
4798,0,0,1,0,26,1,2,2,1,1,1,1,1,1,1,0,3,26.0,684.05,0,2,0.0379534340559083,0.0
6878,0,0,0,0,35,1,2,1,2,2,2,2,2,2,2,1,3,113.2,3914.05,0,2,0.0289140624002247,0.0
894,0,0,1,1,55,1,0,1,0,0,0,0,0,0,2,1,1,69.05,3842.6,0,3,0.0179649287126652,0.0
2648,0,0,1,1,33,1,0,2,1,1,1,1,1,1,2,0,3,20.1,670.35,0,2,0.0299396737916139,0.0
4454,1,0,1,0,72,1,2,1,2,2,2,0,2,2,2,1,2,109.65,7880.25,0,3,0.0139127676447264,0.0
2304,1,0,0,1,1,1,0,2,1,1,1,1,1,1,0,1,3,19.2,19.2,0,0,0.9504950495049505,0.0
1584,1,0,0,0,10,0,1,0,0,0,0,0,0,2,0,1,3,33.9,298.45,1,0,0.1132075471698113,406.79999999999995
1499,0,1,1,0,37,1,0,1,0,0,2,2,2,0,0,0,2,90.0,3371.75,0,2,0.0266844563042028,0.0
2918,1,0,0,0,12,0,1,0,0,2,0,2,0,0,0,0,3,34.0,442.45,0,0,0.0766715525989401,0.0
1530,1,0,1,1,1,1,0,2,1,1,1,1,1,1,1,0,3,20.4,20.4,0,0,0.9532710280373832,0.0
5701,1,0,1,0,62,0,1,0,2,2,0,2,0,0,2,1,1,38.6,2345.55,0,3,0.016449681447231,0.0
1505,0,0,0,0,1,0,1,0,0,0,0,0,0,0,0,0,0,25.25,25.25,0,0,0.961904761904762,0.0
4686,0,0,0,0,18,1,2,0,2,0,2,0,0,0,0,1,3,60.6,1156.35,0,1,0.0523609971054564,0.0
1270,1,1,1,0,69,1,2,1,0,2,0,0,2,0,0,1,2,89.95,6143.15,1,3,0.0146399420587062,1079.4
3338,1,0,0,0,2,1,0,1,0,2,0,0,0,0,0,1,2,74.75,144.8,0,0,0.5126886145404663,0.0
703,1,0,1,1,19,1,0,2,1,1,1,1,1,1,0,0,3,20.6,414.95,0,1,0.0495251833153023,0.0
5393,1,0,0,0,12,1,2,1,0,0,0,0,2,0,0,1,2,84.45,1059.55,1,0,0.0796284946490028,1013.4000000000001
3180,1,0,0,0,9,1,0,2,1,1,1,1,1,1,0,0,3,20.4,181.8,0,0,0.111597374179431,0.0
6688,1,0,0,0,27,1,0,0,2,0,2,2,2,2,1,0,2,81.7,2212.55,0,2,0.0369090375189175,0.0
1808,1,0,0,1,27,1,2,1,0,0,0,2,0,0,0,1,2,79.5,2180.55,1,2,0.0364419793266255,954.0
2672,1,0,1,1,1,1,0,1,0,0,0,0,2,2,0,0,3,89.15,89.15,1,0,0.9889073765945646,1069.8000000000002
349,0,1,0,0,24,1,0,2,1,1,1,1,1,1,0,1,3,20.3,459.95,0,1,0.0440394836750189,0.0
6808,1,1,0,0,14,1,2,1,0,0,0,0,0,0,0,1,2,74.95,1036.75,1,1,0.0722235605878101,899.4000000000001
4265,0,1,0,0,32,1,0,1,0,2,0,0,0,0,0,1,2,74.4,2276.95,1,2,0.0326609451480497,892.8000000000001
5735,0,0,0,0,11,1,0,2,1,1,1,1,1,1,1,0,3,20.0,211.95,0,0,0.0939187602723644,0.0
6275,1,0,0,0,1,1,2,2,1,1,1,1,1,1,0,1,3,25.0,25.0,0,0,0.9615384615384616,0.0
2708,1,1,0,1,38,1,2,1,2,0,0,0,0,0,0,1,3,80.45,3162.65,0,2,0.0254294880912869,965.4000000000001
2338,0,0,1,1,9,1,0,2,1,1,1,1,1,1,2,0,3,19.75,210.65,0,0,0.0933144342074179,0.0
1462,1,0,1,1,54,1,2,0,2,2,0,2,0,0,2,1,1,65.65,3566.7,0,3,0.0184012108641421,0.0
1394,0,0,0,0,29,1,2,0,0,0,0,0,2,2,1,1,1,71.0,2080.1,0,2,0.0341165729662197,0.0
4133,1,1,1,0,44,1,2,1,0,0,2,0,2,0,0,1,2,89.2,4040.2,0,2,0.0220726516876175,0.0
1036,1,0,1,1,59,1,0,0,2,2,2,2,2,2,2,1,2,86.75,5186.0,0,3,0.0167245035666088,0.0
3117,0,0,0,0,3,1,0,0,0,0,0,0,0,2,0,1,2,55.3,196.15,1,0,0.2804970834390058,663.5999999999999
969,0,0,1,1,18,1,0,0,2,2,0,2,0,0,1,1,3,61.5,1087.45,0,1,0.0565023657494602,0.0
2917,1,1,0,0,67,1,2,2,1,1,1,1,1,1,2,0,1,25.1,1672.15,0,3,0.0150016436063712,0.0
4398,0,0,1,1,22,1,0,0,0,2,0,2,0,0,0,0,2,55.15,1206.05,1,1,0.0456899051406321,661.8
3682,1,0,0,1,33,0,1,0,2,0,0,2,0,0,1,0,1,34.05,1113.95,0,2,0.0305394860756087,0.0
4517,1,0,0,0,5,1,0,2,1,1,1,1,1,1,0,0,3,19.95,107.05,0,0,0.1846367422489588,0.0
1217,0,0,0,0,2,1,0,2,1,1,1,1,1,1,0,0,3,19.95,38.15,0,0,0.5095785440613027,0.0
145,1,0,1,1,72,1,2,0,2,2,2,2,2,2,2,0,1,89.7,6339.3,0,3,0.0141475955396432,0.0
6157,1,0,0,1,9,1,0,2,1,1,1,1,1,1,0,0,3,20.4,184.1,0,0,0.1102106969205834,0.0
4713,1,0,1,1,67,1,2,2,1,1,1,1,1,1,2,0,3,26.3,1688.9,0,3,0.0155630510681105,0.0
4332,0,0,1,0,16,1,2,1,0,0,0,0,2,0,0,1,2,84.95,1378.25,1,1,0.0615914446257023,1019.4000000000001
1104,0,0,0,0,8,1,0,2,1,1,1,1,1,1,0,1,3,20.7,137.6,0,0,0.1493506493506493,0.0
6164,1,0,0,0,5,0,1,0,2,2,2,2,0,0,0,1,3,43.25,219.0,1,0,0.1965909090909091,519.0
826,1,0,1,1,23,1,2,0,0,0,0,0,0,0,1,1,1,48.35,1067.15,1,1,0.0452651781116884,580.2
1194,1,0,0,0,1,1,0,1,0,0,0,0,2,0,0,1,2,79.55,79.55,1,0,0.9875853507138423,954.5999999999999
2750,0,1,1,0,50,1,0,1,0,0,0,0,0,0,0,1,2,71.05,3444.85,1,3,0.0206190054703483,852.5999999999999
4030,1,0,0,0,17,1,0,2,1,1,1,1,1,1,2,0,1,19.45,369.05,0,1,0.0525604648020537,0.0
4090,0,0,1,0,68,1,2,1,2,2,2,0,2,2,2,1,0,110.8,7553.6,0,3,0.014666560770921,0.0
5053,1,0,0,0,1,1,2,1,0,0,0,0,2,0,0,0,2,84.5,84.5,1,0,0.9883040935672516,1014.0
5612,0,1,1,0,25,1,0,1,0,0,0,0,0,0,0,1,2,69.3,1813.1,0,2,0.0382007607077889,0.0
3286,1,0,0,0,67,0,1,0,2,0,2,2,2,0,1,1,0,49.35,3321.35,0,3,0.0148539437446385,0.0
6010,1,0,0,0,32,1,0,2,1,1,1,1,1,1,1,0,1,20.35,707.5,0,2,0.0287226534932956,0.0
4161,0,1,1,0,67,1,2,1,2,2,0,0,2,2,1,1,2,105.6,7112.15,0,3,0.014845743446996,0.0
3873,1,1,1,0,72,0,1,0,2,2,2,2,2,2,2,1,1,64.45,4641.1,0,3,0.0138838025893453,0.0
5189,1,0,1,0,71,1,2,1,0,2,2,2,2,2,2,1,1,108.6,7690.9,1,3,0.0141187482936595,1303.1999999999998
972,1,0,0,1,1,1,0,0,0,2,0,0,0,0,0,1,2,49.9,49.9,0,0,0.9803536345776032,0.0
908,1,0,0,0,46,0,1,0,0,2,0,0,0,0,0,0,0,30.3,1380.1,1,2,0.021939034103251,363.6
2566,0,1,0,0,2,0,1,0,0,0,2,0,0,0,0,1,2,30.4,78.65,1,0,0.3816698053986189,364.79999999999995
4026,0,0,0,0,1,1,0,0,0,0,0,0,0,0,0,1,3,45.4,45.4,1,0,0.978448275862069,544.8
6426,0,0,1,0,48,1,0,0,0,2,2,0,0,2,1,1,2,65.65,3094.65,0,2,0.0212071778140293,0.0
6142,0,0,1,0,61,1,2,1,0,0,2,2,2,2,1,1,0,103.3,6518.35,0,3,0.0158451379355303,0.0
1061,0,0,1,0,32,1,0,1,0,2,0,0,0,2,0,0,0,84.15,2585.95,1,2,0.03252865343358,1009.8000000000001
1172,0,0,0,0,2,1,0,0,0,0,0,0,0,0,0,0,2,44.45,82.7,0,0,0.5310633213859021,0.0
167,0,0,0,0,3,1,0,2,1,1,1,1,1,1,0,0,2,19.75,58.85,1,0,0.3299916457811194,237.0
599,0,0,0,0,5,1,0,1,0,0,0,2,0,2,0,1,1,85.4,425.9,1,0,0.2000468493792457,1024.8000000000002
3595,0,0,1,1,71,1,2,0,2,2,2,2,2,2,2,0,0,89.9,6342.7,0,3,0.0141715402682976,0.0
3634,1,0,1,0,37,1,2,0,2,0,0,0,0,0,0,1,3,55.05,2030.75,0,2,0.027094868955334,0.0
656,1,0,1,1,65,1,2,1,0,0,2,2,2,2,2,1,0,104.1,6700.05,0,3,0.0155348788622678,0.0
4573,0,0,0,1,67,1,2,1,0,2,0,2,2,2,1,1,0,106.6,7244.7,0,3,0.0147121741170625,0.0
416,1,0,0,1,49,1,2,1,0,0,0,0,0,0,0,0,1,75.2,3678.3,1,3,0.0204386703992607,902.4000000000001
161,1,0,1,1,50,1,2,0,2,0,0,2,2,0,2,1,1,70.5,3486.65,0,3,0.0202141843361575,0.0
5192,1,0,1,1,25,1,0,2,1,1,1,1,1,1,1,0,2,19.6,411.15,0,2,0.0475555016377532,0.0
1972,0,0,0,1,17,1,2,0,0,0,2,0,0,0,1,1,3,55.85,937.5,1,1,0.0595098561534363,670.2
5299,0,0,1,1,64,1,2,2,1,1,1,1,1,1,2,1,3,24.05,1559.15,0,3,0.0154151844373938,0.0
5033,1,0,1,0,25,0,1,0,0,0,2,0,2,0,1,1,1,38.1,970.4,0,2,0.0392217418159357,0.0
5760,1,1,0,0,23,1,2,1,0,2,2,0,2,2,0,1,2,106.4,2483.5,1,1,0.0428255182129201,1276.8000000000002
5725,1,1,1,0,24,0,1,0,0,0,2,2,0,0,0,0,3,34.25,828.2,0,1,0.041304872165943,0.0
1134,0,0,0,0,37,1,2,1,0,0,2,0,2,2,0,1,2,100.05,3810.55,0,2,0.0262491637260432,0.0
5569,0,0,0,0,21,1,0,1,0,0,0,0,0,0,0,1,2,68.65,1493.2,0,1,0.0459443180297149,0.0
3610,1,0,0,0,1,1,0,0,0,0,0,0,0,0,0,1,3,45.8,45.8,0,0,0.9786324786324786,0.0
4004,0,0,0,0,10,1,2,1,0,0,0,0,0,0,0,1,3,75.75,777.3,0,0,0.0973275086727483,0.0
4969,1,0,0,0,6,1,0,1,0,2,0,0,0,2,0,1,2,84.4,556.35,1,0,0.1514308782632098,1012.8000000000001
1220,1,0,1,0,51,1,2,1,2,2,0,0,0,2,1,1,1,96.4,4911.05,0,3,0.0196252073981331,0.0
1209,0,0,0,0,10,1,0,2,1,1,1,1,1,1,0,1,3,20.55,187.35,0,0,0.1091053889036368,0.0
5213,0,0,0,0,6,0,1,0,2,2,0,2,0,2,0,0,1,50.95,307.6,0,0,0.1651004536616979,0.0
6491,1,0,1,1,47,1,2,0,2,2,2,2,2,2,2,1,3,90.5,4318.35,0,2,0.0209522266081702,0.0
6673,0,0,1,1,61,1,2,0,2,2,2,2,0,2,1,1,2,79.4,4820.55,0,3,0.0164677334052327,0.0
4071,0,0,0,0,52,0,1,0,2,2,2,0,2,2,2,1,0,58.75,3038.55,0,3,0.0193285190241976,0.0
3130,0,0,1,1,35,1,2,0,2,2,0,0,0,0,0,1,1,59.45,2136.9,0,2,0.0278076617241218,0.0
3947,1,0,1,0,71,1,2,1,0,2,2,0,2,2,1,1,0,105.7,7472.15,0,3,0.0141439687414276,0.0
2966,0,0,0,0,6,1,0,0,2,2,0,0,0,0,0,0,2,56.25,389.1,1,0,0.1441937964624455,675.0
5170,1,0,1,0,45,1,0,0,2,0,2,0,0,0,2,0,1,53.3,2296.25,0,2,0.0232016541517031,0.0
3738,0,1,0,0,2,1,2,1,0,0,0,0,2,0,0,1,2,85.55,187.45,1,0,0.4539665693817989,1026.6
1449,0,0,0,0,4,1,0,0,0,2,0,0,2,2,0,1,0,68.65,261.25,1,0,0.2617731172545281,823.8000000000001
1207,1,0,0,0,2,0,1,0,0,0,0,0,0,0,0,0,3,24.3,38.45,0,0,0.6159695817490494,0.0
4516,1,0,0,0,4,1,0,1,0,0,0,0,2,0,0,0,2,77.85,299.2,1,0,0.2593271152564956,934.1999999999999
2370,1,0,0,0,51,1,2,0,2,0,0,2,0,0,1,0,1,59.9,3043.6,0,3,0.0196741772318202,0.0
1098,1,0,1,1,60,1,2,2,1,1,1,1,1,1,1,0,1,23.95,1506.4,0,3,0.0158882844633143,0.0
6085,1,0,0,0,9,1,0,2,1,1,1,1,1,1,1,1,3,20.15,163.7,0,0,0.1223436551305403,0.0
3555,1,0,0,0,3,1,2,1,0,2,2,0,2,2,0,1,0,105.35,323.25,1,0,0.3249036237471087,1264.1999999999998
2701,1,0,0,0,17,1,2,1,0,0,2,2,0,2,0,1,0,95.65,1640.0,0,1,0.0582876294942108,0.0
4946,0,0,0,0,8,1,2,1,0,0,0,0,2,0,0,1,2,87.05,762.1,1,0,0.1140741711440178,1044.6
4063,1,0,1,1,46,1,0,0,2,0,2,2,2,2,2,0,3,81.0,3846.35,0,2,0.0210534523763109,0.0
4019,0,0,0,0,68,1,0,0,2,2,2,2,2,2,2,1,1,82.45,5646.6,0,3,0.0145991217508322,0.0
1641,1,0,0,0,1,1,0,0,0,0,0,0,2,0,0,1,3,53.5,53.5,1,0,0.981651376146789,642.0
5805,0,0,1,0,4,1,0,2,1,1,1,1,1,1,1,0,0,20.5,79.05,0,0,0.2560899437851343,0.0
4272,0,0,0,0,1,0,1,0,0,0,0,0,0,0,0,1,3,25.1,25.1,1,0,0.9616858237547892,301.20000000000005
6987,1,0,0,1,28,1,0,0,0,2,0,2,0,0,1,1,1,54.4,1516.6,0,2,0.0358460727464417,0.0
1277,0,0,0,0,39,1,0,0,0,2,0,0,2,0,1,1,1,58.6,2224.5,0,2,0.0263311615367333,0.0
200,1,0,0,0,11,1,0,1,0,0,2,0,0,2,0,0,2,84.8,888.75,0,0,0.0953076706940151,0.0
2743,0,0,1,0,71,0,1,0,0,2,2,2,2,2,2,1,1,61.4,4310.35,0,3,0.0142414788871235,0.0
1659,1,0,0,1,2,1,0,2,1,1,1,1,1,1,0,0,3,20.4,42.9,0,0,0.4646924829157175,0.0
2964,1,1,1,0,30,1,0,1,0,2,2,0,0,0,0,1,3,79.65,2365.15,1,2,0.0336622783847177,955.8000000000001
3904,0,0,0,0,17,1,0,2,1,1,1,1,1,1,1,0,3,20.15,353.65,0,1,0.0568165797264909,0.0
5159,0,0,1,0,55,1,2,1,0,2,2,0,2,0,0,1,1,94.45,5073.1,0,3,0.0186141384679056,0.0
1265,0,0,0,0,58,1,2,1,2,0,0,0,0,0,0,1,0,79.8,4526.85,0,3,0.0176242587541548,0.0
352,0,0,0,0,5,1,0,0,2,0,0,2,0,0,0,0,2,54.2,308.25,1,0,0.1752627324171382,650.4000000000001
6470,0,1,0,0,1,1,0,2,1,1,1,1,1,1,0,1,2,19.45,19.45,1,0,0.9511002444987776,233.39999999999998
4859,1,1,0,0,9,1,2,1,0,0,0,0,0,0,0,1,2,74.05,678.45,0,0,0.1089852086246228,888.5999999999999
3081,1,0,0,0,26,1,0,0,0,0,0,2,0,0,0,0,0,49.15,1237.3,0,2,0.0396915125575385,0.0
1938,0,0,0,0,50,1,0,2,1,1,1,1,1,1,2,0,1,19.4,1023.95,0,3,0.0189277525732962,0.0
3546,0,0,1,0,72,1,2,1,2,2,2,2,2,2,2,1,0,113.65,8182.75,0,3,0.0138872766152436,0.0
3559,0,0,0,1,43,1,0,1,2,2,0,2,2,2,1,1,1,106.0,4532.3,0,2,0.0233825248715064,0.0
3139,1,0,0,0,56,1,2,2,1,1,1,1,1,1,2,1,0,25.95,1444.05,0,3,0.0179578561295456,0.0
4645,0,0,0,0,1,1,0,2,1,1,1,1,1,1,0,0,3,19.1,19.1,0,0,0.9502487562189056,0.0
6219,1,0,1,1,72,1,2,1,0,2,2,0,2,2,2,1,2,103.4,7372.65,1,3,0.0140229058878574,1240.8000000000002
6220,1,0,1,0,72,1,2,1,2,2,0,2,0,2,2,1,0,100.55,7325.1,0,3,0.0137249013799975,0.0
267,1,0,1,0,36,1,2,1,0,0,0,0,2,2,0,1,2,95.4,3474.2,0,2,0.0274516574585635,0.0
588,1,0,0,0,5,1,0,0,0,0,2,2,2,2,0,0,0,75.15,392.65,0,0,0.1909056268258605,0.0
3385,0,0,0,0,13,1,2,1,0,2,2,0,0,0,0,1,2,84.45,1058.6,1,1,0.0796998867497168,1013.4000000000001
6595,0,1,0,0,44,1,0,1,0,2,2,0,0,2,1,0,1,89.15,3990.75,0,2,0.0223335629736331,0.0
6929,0,1,1,1,70,1,2,1,0,2,2,2,2,2,1,1,2,107.9,7475.85,0,3,0.0144312110046343,0.0
1437,1,0,0,0,44,1,0,2,1,1,1,1,1,1,1,0,1,19.5,835.5,0,2,0.0233114166168559,0.0
3760,0,1,1,0,32,1,2,1,0,0,0,0,2,0,0,1,1,85.95,2628.6,1,2,0.0326855795558259,1031.4
2193,0,0,1,0,69,1,2,2,1,1,1,1,1,1,2,1,1,24.95,1718.35,0,3,0.0145112978741966,0.0
6117,0,1,0,0,16,1,0,0,0,0,0,2,2,0,0,0,2,59.4,1023.9,1,1,0.0579568738413503,0.0
5943,1,1,1,1,68,1,0,2,1,1,1,1,1,1,1,0,0,19.5,1193.55,0,3,0.0163241387970365,0.0
4743,1,0,0,0,16,1,0,1,0,0,0,0,0,0,0,1,1,69.95,1205.5,0,1,0.0579776212184003,0.0
2726,1,0,1,1,68,1,0,0,2,2,0,2,2,2,2,0,0,82.85,5776.45,0,3,0.0143402366095768,0.0
3703,1,0,0,0,4,1,0,2,1,1,1,1,1,1,0,0,3,19.0,78.9,0,0,0.2377972465581977,0.0
6855,0,0,1,1,26,0,1,0,2,2,0,2,0,0,0,0,1,38.85,1025.15,0,2,0.0378599619938605,0.0
988,0,0,0,0,29,0,1,0,0,2,0,0,0,0,0,1,2,30.6,856.35,1,2,0.0356913745844754,367.20000000000005
1886,1,0,0,1,5,1,0,2,1,1,1,1,1,1,0,0,1,20.35,122.0,0,0,0.1654471544715447,0.0
5027,1,0,1,0,70,1,2,1,0,2,2,0,2,0,1,1,0,95.0,6602.9,0,3,0.0143854389073123,0.0
337,1,0,1,0,24,1,0,0,2,0,0,2,2,2,1,0,0,74.4,1712.9,0,1,0.0434097671976194,0.0
5910,0,1,1,0,72,1,2,0,2,2,2,2,0,2,2,0,0,78.45,5682.25,0,3,0.0138037214621915,0.0
1692,1,0,0,0,1,1,0,1,0,0,0,2,0,0,0,1,3,74.3,74.3,0,0,0.9867197875166004,0.0
2220,1,0,1,0,70,0,1,0,0,2,2,2,0,2,1,1,0,51.05,3635.15,0,3,0.0140395748250209,0.0
5092,0,0,1,1,36,1,0,2,1,1,1,1,1,1,0,0,0,19.2,702.9,0,2,0.0272766017900269,0.0
3360,0,1,0,0,38,1,2,1,0,0,0,2,2,2,0,1,2,99.55,3734.25,1,2,0.0266514958838096,1194.6
2722,0,0,0,0,17,1,0,1,0,0,0,0,0,0,0,1,2,70.0,1144.5,1,1,0.0611086861632474,840.0
3178,0,0,1,1,41,1,2,1,0,2,2,2,2,2,1,1,0,109.1,4454.25,0,2,0.0244879636384041,0.0
3576,0,0,0,0,1,1,0,0,0,0,0,0,0,0,0,1,2,45.3,45.3,1,0,0.978401727861771,543.5999999999999
786,1,0,0,0,2,0,1,0,0,0,0,2,0,0,0,0,0,29.85,75.6,1,0,0.3896866840731071,358.20000000000005
5598,1,0,0,0,14,1,0,1,0,0,2,0,0,0,0,0,2,76.45,1117.55,0,1,0.0683474140628492,0.0
3994,1,1,0,0,2,1,0,1,0,2,2,2,0,2,0,1,1,95.1,180.25,1,0,0.5246896551724137,1141.1999999999998
3442,1,0,0,0,1,1,0,2,1,1,1,1,1,1,0,0,3,19.8,19.8,1,0,0.9519230769230768,237.60000000000002
4186,1,0,1,1,13,1,2,0,0,2,2,2,2,0,0,1,2,72.8,930.05,0,1,0.0781912894044358,0.0
5641,1,0,0,0,6,1,0,2,1,1,1,1,1,1,0,0,3,18.95,110.15,0,0,0.1704903283850652,0.0
2019,0,0,0,0,4,1,0,1,0,2,0,0,0,0,0,1,0,76.65,333.6,1,0,0.2290794979079498,919.8000000000001
2959,0,0,1,1,5,1,0,1,0,2,0,2,2,2,0,1,3,99.15,465.05,1,0,0.2127454135822336,1189.8000000000002
6281,0,0,1,0,15,1,0,1,2,0,2,0,2,2,0,0,2,101.75,1669.4,0,1,0.0609135536398467,0.0
1681,0,0,0,0,47,1,0,1,2,0,0,0,0,0,0,0,1,75.45,3545.1,0,2,0.0212768957446208,0.0
2528,0,0,0,0,8,1,0,0,0,0,2,2,0,2,0,0,3,64.1,504.05,0,0,0.1269181269181269,0.0
4269,1,0,0,0,17,0,1,0,0,0,0,0,0,0,0,1,3,25.65,440.2,0,1,0.0581368993653671,0.0
5657,1,0,1,1,15,1,0,1,2,0,0,0,0,0,0,0,3,75.1,1151.55,0,1,0.0651598629126719,0.0
6970,0,0,0,0,26,1,0,1,2,0,2,2,0,2,1,1,0,95.85,2475.35,0,2,0.0387061602762129,0.0
6414,0,0,0,0,23,1,2,0,2,0,0,0,0,0,0,0,2,54.4,1249.25,0,1,0.0435112977404519,0.0
393,0,1,0,0,4,1,0,1,0,2,0,0,0,0,0,0,2,72.75,317.75,0,0,0.228235294117647,873.0
3496,1,0,0,1,29,1,0,2,1,1,1,1,1,1,1,0,3,19.85,535.05,0,2,0.037030127786587,0.0
6642,0,0,0,0,25,1,0,2,1,1,1,1,1,1,0,0,3,19.05,461.3,0,2,0.0412070084360804,0.0
2108,1,0,0,0,9,1,0,0,0,0,0,0,0,0,0,0,3,44.95,431.0,1,0,0.1040509259259259,539.4000000000001
5251,1,0,1,0,18,1,0,0,0,0,2,0,0,0,0,1,3,49.55,878.35,1,1,0.0563484391880366,594.5999999999999
3632,1,1,0,0,3,1,2,1,0,0,0,0,2,2,0,1,2,94.85,335.75,0,0,0.2816629547141796,0.0
1543,0,0,1,1,69,0,1,0,2,2,2,2,0,0,2,0,0,46.25,3121.4,0,3,0.014812323853446,0.0
926,1,0,0,0,14,1,0,2,1,1,1,1,1,1,1,0,3,19.35,324.8,0,1,0.0593922651933701,0.0
4551,1,0,0,0,19,1,2,0,0,0,0,0,2,2,0,0,3,69.6,1394.55,0,1,0.0498728100032245,0.0
6526,1,1,0,0,39,1,2,1,0,2,0,0,0,2,0,0,2,90.7,3413.25,0,2,0.0265651314344292,0.0
1777,1,0,0,0,31,1,0,1,0,2,2,0,2,2,0,1,2,101.4,3143.65,0,2,0.0322452419188145,0.0
1237,1,0,1,1,24,1,0,2,1,1,1,1,1,1,1,0,3,20.25,439.75,0,1,0.0459444129325014,0.0
6413,1,0,1,0,14,1,0,0,0,0,0,2,0,0,0,0,0,48.8,664.4,0,1,0.0733393447550345,0.0
3628,0,0,1,0,64,1,0,0,2,2,2,2,0,2,2,1,3,74.35,4759.55,0,3,0.0156179433048702,0.0
3443,0,0,0,0,50,1,0,2,1,1,1,1,1,1,1,1,3,19.35,1033.0,0,3,0.0187137330754352,0.0
3185,1,0,1,1,52,1,0,0,0,2,2,2,2,0,1,1,2,68.75,3482.85,0,3,0.0197339150652295,0.0
5160,1,0,0,0,28,1,2,1,0,2,0,0,2,2,1,0,2,100.2,2688.45,0,2,0.0372566881704437,0.0
6286,0,0,0,0,21,1,0,2,1,1,1,1,1,1,2,1,1,20.85,435.25,0,1,0.0477936962750716,0.0
5941,1,0,0,1,25,1,0,1,0,2,0,0,2,2,0,1,2,95.9,2448.75,1,2,0.0391468517195632,1150.8000000000002
6863,0,0,1,0,17,1,0,2,1,1,1,1,1,1,1,0,3,19.35,307.0,0,1,0.0628246753246753,0.0
4939,1,0,1,0,58,0,1,0,0,0,0,0,2,2,1,1,1,45.0,2689.35,0,3,0.0167264482316427,0.0
5235,1,1,1,0,17,1,0,1,0,0,0,0,0,2,0,0,0,81.5,1329.2,1,1,0.0612689821079536,978.0
3550,0,0,1,0,51,1,2,2,1,1,1,1,1,1,2,0,3,25.5,1281.25,0,3,0.0198869175277831,0.0
1225,1,0,1,1,72,0,1,0,2,0,2,2,2,0,2,0,3,48.9,3527.0,0,3,0.013860544217687,0.0
1956,1,0,1,0,52,1,0,1,2,0,0,0,2,0,0,0,2,84.1,4348.65,1,3,0.0193348890140586,1009.1999999999999
2606,0,0,0,0,27,1,0,2,1,1,1,1,1,1,2,1,3,19.6,561.15,0,2,0.0348661389308903,0.0
4780,0,0,0,0,3,1,0,2,1,1,1,1,1,1,0,0,3,20.0,63.6,0,0,0.3095975232198142,0.0
874,0,0,1,0,64,1,2,0,2,2,2,2,0,2,2,1,3,81.3,5129.3,0,3,0.0158470264896789,0.0
4644,0,0,1,0,45,1,0,1,0,0,0,2,2,2,2,1,1,95.2,4285.8,0,2,0.0222077073807968,0.0
5592,1,1,1,0,3,0,1,0,0,0,0,0,2,0,0,1,3,36.45,93.7,1,0,0.3848996832101373,437.40000000000003
3677,0,0,1,0,71,1,2,0,0,2,2,2,2,2,2,1,1,83.3,5894.5,0,3,0.0141294207446357,0.0
6969,0,1,0,0,1,0,1,0,0,0,0,0,0,0,0,0,3,25.05,25.05,1,0,0.961612284069098,300.6
2410,0,0,1,1,58,1,0,2,1,1,1,1,1,1,2,0,1,20.3,1160.75,0,3,0.0174736389068216,0.0
5448,1,0,1,1,34,1,0,1,0,2,2,0,2,0,0,1,2,89.85,3091.75,0,2,0.0290518147279928,0.0
398,0,0,0,0,8,1,0,0,2,0,0,0,0,0,0,1,2,49.85,365.55,1,0,0.1359978174873823,598.2
3824,0,0,1,1,15,1,0,2,1,1,1,1,1,1,0,0,3,19.8,272.95,0,1,0.0722759627669282,0.0
2627,1,0,1,1,66,0,1,0,0,0,2,2,2,2,2,0,0,54.65,3632.0,0,3,0.0150426644646297,0.0
5413,1,1,0,0,12,0,1,0,0,2,0,0,0,0,0,1,1,29.35,381.2,0,0,0.0767922553636839,0.0
851,1,0,0,0,58,1,0,2,1,1,1,1,1,1,2,1,0,19.15,1035.5,0,3,0.0184756391702846,0.0
973,0,0,1,1,3,1,0,2,1,1,1,1,1,1,2,0,3,19.1,52.0,0,0,0.360377358490566,0.0
4529,0,1,1,0,43,0,1,0,0,2,2,0,2,2,0,0,1,55.55,2342.2,1,2,0.0237068965517241,666.5999999999999
386,0,0,0,0,9,1,0,1,0,2,2,0,0,0,0,0,2,80.55,653.9,0,0,0.1229958772331653,0.0
3062,0,0,0,0,3,1,0,2,1,1,1,1,1,1,1,0,3,20.25,71.2,0,0,0.2804709141274238,0.0
2457,0,0,1,1,22,1,0,0,0,2,0,0,2,2,1,1,0,69.5,1498.2,1,1,0.0463580576307363,834.0
6033,1,0,1,0,40,1,2,1,0,2,2,0,2,2,1,1,0,106.0,4178.65,0,2,0.0253609752012728,0.0
2579,0,0,0,0,68,1,2,2,1,1,1,1,1,1,2,0,0,25.5,1821.8,0,3,0.0139894667544437,0.0
608,1,0,1,0,54,1,2,1,0,2,2,0,2,2,0,1,2,104.3,5278.15,1,3,0.0197569684513605,1251.6
3303,0,0,0,0,50,1,2,0,0,2,0,2,2,2,2,1,3,79.6,4024.2,0,3,0.0197754148862168,0.0
3901,1,0,0,0,1,1,0,0,0,0,0,0,0,2,0,1,2,55.25,55.25,0,0,0.9822222222222222,0.0
4147,0,0,1,0,72,1,2,0,2,2,2,2,2,2,2,0,0,88.05,6520.8,0,3,0.0135008739918427,0.0
4806,1,0,0,1,40,1,0,2,1,1,1,1,1,1,1,1,0,20.4,854.9,0,2,0.0238345601121626,0.0
2680,0,0,1,1,72,1,2,1,2,2,2,2,2,2,2,1,0,117.6,8308.9,0,3,0.01415179484711,0.0
4942,0,0,0,0,6,1,0,2,1,1,1,1,1,1,0,0,3,20.0,109.2,0,0,0.1814882032667876,0.0
2578,0,0,0,0,5,1,0,2,1,1,1,1,1,1,0,1,1,19.65,92.05,0,0,0.2111767866738312,0.0
6025,1,0,1,0,48,1,2,0,0,2,2,0,0,2,1,1,1,70.55,3420.5,0,2,0.0206196112816016,0.0
5778,0,0,0,0,1,1,2,1,0,0,0,0,2,2,0,1,2,93.85,93.85,1,0,0.9894570374275172,1126.1999999999998
6380,0,0,1,1,64,1,0,0,2,0,0,2,2,0,1,0,3,65.8,4068.0,0,3,0.0161710493978864,0.0
3036,0,0,0,0,17,1,0,2,1,1,1,1,1,1,1,0,1,20.05,337.9,0,1,0.0591619946886987,0.0
397,1,0,1,0,40,1,0,1,0,2,2,0,0,0,0,1,2,80.0,3168.75,0,2,0.0252385834845019,0.0
2830,0,0,1,1,41,0,1,0,2,0,2,0,0,0,1,0,1,35.4,1412.4,0,2,0.0250459883967737,0.0
371,1,1,0,0,51,1,2,1,0,2,0,0,0,0,1,1,0,79.6,3974.7,0,3,0.0200216314108207,0.0
2424,1,0,1,0,41,1,2,1,0,2,0,0,0,0,0,1,2,80.25,3439.0,0,2,0.023328488372093,0.0
5146,0,0,1,1,1,1,0,0,0,0,2,0,0,0,0,0,3,50.45,50.45,1,0,0.9805636540330418,605.4000000000001
2509,0,0,0,0,2,1,0,2,1,1,1,1,1,1,0,1,3,20.45,42.45,0,0,0.4706559263521288,0.0
4865,1,0,0,0,68,1,0,1,0,2,2,0,0,0,1,0,1,79.6,5461.45,0,3,0.0145722157639886,0.0
2733,0,0,1,1,24,1,2,2,1,1,1,1,1,1,2,0,3,24.7,571.75,0,1,0.0431252728066346,0.0
5822,1,0,1,0,70,1,2,0,2,0,2,2,0,2,2,0,1,77.3,5498.2,0,3,0.0140565900494617,0.0
4214,1,0,0,0,3,0,1,0,0,0,0,2,0,0,0,1,2,29.75,96.85,0,0,0.3040367910066428,0.0
4827,1,0,0,0,2,1,0,0,0,0,0,0,0,0,0,0,0,44.9,111.05,0,0,0.4007139669790272,0.0
2143,1,0,1,0,3,0,1,0,0,2,0,0,0,0,0,0,1,29.8,94.4,0,0,0.3123689727463312,0.0
2819,0,0,0,0,7,1,2,0,0,0,0,2,2,2,0,1,2,74.65,521.1,1,0,0.1429802719785481,895.8000000000001
3473,0,0,0,0,13,1,0,0,2,0,0,0,2,2,0,1,2,71.95,923.85,0,1,0.0777963994161215,0.0
517,1,0,0,0,7,1,0,2,1,1,1,1,1,1,0,0,3,20.75,141.1,0,0,0.1460239268121041,0.0
5440,1,0,1,1,12,1,0,0,0,0,0,0,2,0,0,1,3,56.3,628.65,0,0,0.0894147542285396,0.0
2486,1,0,1,1,53,1,2,1,0,2,2,0,2,2,1,1,2,105.25,5576.3,0,3,0.0188711383644415,0.0
3911,0,0,0,0,12,1,2,1,0,0,0,0,2,2,0,1,2,94.2,1046.1,1,0,0.0899627542737083,1130.4
5699,1,0,1,1,63,1,0,2,1,1,1,1,1,1,2,0,3,19.55,1245.6,0,3,0.0156826568265682,0.0
6991,0,0,0,0,15,1,0,0,2,2,2,2,2,2,0,0,3,84.45,1287.85,0,1,0.0655235287271598,0.0
1862,1,0,1,1,36,1,0,0,2,2,0,0,0,0,1,0,3,53.65,1939.35,0,2,0.0276496508361893,0.0
632,1,1,1,0,4,0,1,0,0,0,2,0,0,0,0,1,2,29.9,118.25,0,0,0.250733752620545,358.79999999999995
5794,0,0,1,1,24,1,0,2,1,1,1,1,1,1,2,0,3,19.7,452.55,0,1,0.043435122919193,0.0
3390,0,0,0,0,61,0,1,0,2,2,2,2,0,0,1,0,1,43.7,2696.55,0,3,0.0161998850809067,0.0
3838,1,0,0,0,16,1,2,0,0,2,0,0,0,0,0,0,2,55.3,875.35,0,1,0.0631026416386147,0.0
4783,1,0,1,1,65,1,0,2,1,1,1,1,1,1,2,1,1,19.85,1267.05,0,3,0.0156539568628997,0.0
5558,0,0,1,1,26,1,0,2,1,1,1,1,1,1,2,0,1,19.65,494.9,0,2,0.0396249243799153,0.0
2727,1,0,0,0,16,1,0,0,0,0,0,2,0,0,0,1,3,49.45,799.0,0,1,0.0618125,0.0
6242,0,0,1,0,54,1,2,1,2,2,0,0,2,2,1,0,0,106.55,5763.3,1,3,0.0184844647225161,0.0
2194,1,0,0,0,1,1,0,2,1,1,1,1,1,1,0,0,3,20.1,20.1,1,0,0.95260663507109,241.20000000000002
2598,1,0,0,1,5,1,0,2,1,1,1,1,1,1,2,0,3,20.45,106.9,0,0,0.1895273401297497,0.0
2557,0,0,0,0,19,0,1,0,0,2,0,0,0,2,0,1,2,39.7,710.05,0,1,0.0558329231418325,0.0
5639,1,0,0,0,10,1,2,0,2,0,0,0,0,0,0,1,1,54.5,568.2,0,0,0.0957484188334504,0.0
311,0,0,1,1,23,1,0,1,0,2,2,2,0,0,0,0,2,83.8,1900.25,1,1,0.0440762656147271,1005.5999999999999
6215,1,0,0,0,3,1,0,0,0,0,0,0,2,0,0,0,3,55.15,159.15,1,0,0.3443646581330002,661.8
6245,0,0,0,0,72,1,2,1,0,2,2,2,2,2,2,1,0,111.6,8012.75,0,3,0.0139260645765091,0.0
5512,1,1,1,0,10,1,2,1,0,0,0,0,0,2,0,1,2,86.65,856.65,1,0,0.1010318894653996,1039.8000000000002
3018,0,0,1,1,10,1,0,0,0,2,2,0,0,0,0,1,3,55.55,551.3,0,0,0.1005793952562013,0.0
4913,1,0,1,0,11,1,0,2,1,1,1,1,1,1,1,1,3,20.55,184.95,0,0,0.1105135789190642,0.0
6826,0,1,0,0,37,1,2,1,2,2,0,0,2,2,0,1,0,106.75,4056.75,1,2,0.026307682829154,1281.0
1051,1,0,1,1,17,1,2,0,2,0,0,2,0,0,1,1,3,62.1,1096.65,0,1,0.0565754111055436,0.0
5763,0,0,1,1,36,1,2,1,2,0,2,0,2,2,0,1,1,104.5,3684.95,0,2,0.0283509000393385,1254.0
2529,1,1,0,0,17,1,0,1,0,2,2,0,2,2,0,1,2,101.8,1752.45,0,1,0.0580569733953063,0.0
3395,0,1,1,1,66,1,2,1,2,2,0,2,2,2,1,1,1,110.6,7210.85,0,3,0.0153358708237137,0.0
5468,1,0,1,1,61,1,0,0,2,2,2,2,2,2,1,0,0,84.9,5264.5,0,3,0.0161238248979204,0.0
3891,1,0,0,0,22,1,0,1,0,2,0,0,2,2,0,1,3,93.2,2157.3,0,1,0.0431821340870129,0.0
5223,1,0,0,0,1,0,1,0,0,0,0,0,0,0,0,1,2,24.4,24.4,0,0,0.9606299212598424,292.79999999999995
6764,0,0,0,0,6,1,0,1,0,0,0,0,0,0,0,0,1,70.55,433.95,0,0,0.1622025520174732,0.0
2922,1,0,0,0,31,1,0,1,0,2,0,2,0,0,0,1,2,78.45,2435.15,1,2,0.0322024505880179,0.0
1635,0,0,1,1,68,1,0,0,2,2,2,2,2,2,2,1,1,85.0,5607.75,0,3,0.0151548919099621,0.0
3899,0,0,1,1,34,1,2,1,0,0,2,0,2,0,0,0,2,87.45,2874.15,1,2,0.0304158043928142,1049.4
471,0,0,1,1,52,1,0,1,0,2,2,2,0,0,0,0,0,85.8,4433.3,0,3,0.0193491644678979,0.0
4828,0,0,0,1,10,1,0,1,0,0,2,2,2,0,0,1,2,91.1,964.35,0,0,0.0943699176464494,0.0
6834,1,0,1,1,29,1,0,1,0,0,0,0,0,0,0,1,2,70.75,1974.8,1,2,0.0358082801903026,849.0
315,0,0,1,1,72,1,0,2,1,1,1,1,1,1,2,0,0,20.1,1460.85,0,3,0.0137497007216882,0.0
6280,1,0,1,1,47,1,0,2,1,1,1,1,1,1,1,0,3,20.05,951.55,0,2,0.0210487638444176,0.0
4810,1,0,1,1,24,1,2,0,2,0,0,0,2,2,1,0,3,74.8,1821.2,0,1,0.0410492810887937,0.0
1823,1,0,0,0,65,1,2,2,1,1,1,1,1,1,1,0,1,24.8,1600.95,0,3,0.0154811323699241,0.0
2893,0,0,0,0,4,1,2,1,0,0,0,2,2,2,0,1,3,100.85,399.25,0,0,0.2519675202998126,0.0
2737,1,1,1,0,12,1,2,1,0,2,0,0,2,2,0,1,2,101.35,1218.55,1,0,0.0831044237628633,1216.1999999999998
4805,1,0,0,0,1,1,2,1,2,0,0,0,0,0,0,1,2,81.7,81.7,1,0,0.9879081015719468,980.4000000000001
5049,1,0,0,0,33,1,0,1,0,0,0,0,0,0,0,0,2,68.25,2171.15,1,2,0.0314204820109108,819.0
1985,0,0,0,0,34,1,0,1,0,2,2,2,2,2,0,1,2,105.1,3634.8,0,2,0.0289069805819902,0.0
858,0,0,1,0,14,1,0,2,1,1,1,1,1,1,2,0,3,20.4,292.4,0,1,0.0695296523517382,0.0
2945,0,0,0,0,4,1,0,1,0,0,0,0,0,2,0,1,2,79.15,317.25,1,0,0.2487038491751767,949.8000000000001
3014,1,0,1,1,13,1,0,2,1,1,1,1,1,1,1,0,3,20.0,218.55,0,1,0.0910954224550216,0.0
2993,0,0,1,1,65,1,2,0,0,2,0,2,2,2,2,1,0,79.4,5071.9,0,3,0.0156517968026178,0.0
4293,1,0,1,1,23,1,0,0,2,0,0,2,0,0,1,0,1,57.2,1423.35,0,1,0.0401586688665005,0.0
4602,1,0,1,0,55,1,0,0,2,2,2,0,0,0,2,0,2,58.6,3068.6,0,3,0.0190904352358613,0.0
4470,1,0,1,0,49,1,0,1,0,2,0,0,2,2,2,1,2,94.8,4690.65,0,3,0.0202061108565216,0.0
215,1,0,1,0,60,1,2,1,0,2,2,0,2,2,1,0,0,102.5,6157.6,0,3,0.0166433929789237,0.0
735,0,0,1,1,69,1,0,2,1,1,1,1,1,1,1,1,1,20.35,1442.65,0,3,0.0140962144564125,0.0
5362,1,0,0,0,40,1,2,1,0,0,0,0,2,0,0,1,2,84.9,3369.05,0,2,0.0251925045622468,0.0
5107,1,0,1,0,67,1,0,0,2,2,0,2,0,2,2,1,1,69.2,4671.65,0,3,0.0148095834269632,0.0
2315,1,1,0,0,35,1,2,1,0,0,0,0,2,2,0,1,2,95.45,3474.05,1,2,0.0274672306873282,1145.4
4109,1,0,1,1,19,1,2,1,0,0,0,2,2,2,1,1,2,100.95,1875.55,1,1,0.0537955290293357,1211.4
1244,0,0,1,1,13,1,0,2,1,1,1,1,1,1,2,0,3,20.85,272.35,0,1,0.0762758368392171,0.0
6771,0,0,0,1,41,1,2,1,0,2,0,0,2,0,0,1,0,88.5,3645.05,0,2,0.024272843213889,0.0
5023,0,0,0,0,4,0,1,0,2,0,2,0,0,0,0,0,3,35.0,135.75,0,0,0.2559414990859232,0.0
6452,0,0,1,1,24,1,0,0,2,0,0,2,0,0,0,0,2,55.15,1319.85,0,1,0.0417534163606768,0.0
5169,0,0,0,0,5,0,1,0,0,2,0,0,2,2,0,1,1,50.95,229.4,0,0,0.2211371527777778,0.0
1380,0,0,0,0,5,1,2,0,0,2,0,0,0,2,0,1,2,64.0,370.25,0,0,0.1723905723905724,0.0
736,0,0,1,1,1,1,0,1,0,0,0,0,0,0,0,1,3,69.1,69.1,1,0,0.985734664764622,829.1999999999999
3447,0,0,1,1,72,1,2,0,2,2,2,2,2,0,2,0,0,80.2,5714.2,0,3,0.0140327547592385,0.0
1518,0,0,0,0,24,1,0,0,0,0,2,0,0,0,0,1,1,49.3,1233.25,0,1,0.0399432853959894,0.0
6478,0,0,1,0,42,1,2,0,2,0,2,2,2,2,2,0,1,84.35,3571.6,0,2,0.0236102558360857,0.0
920,0,0,0,0,4,1,0,2,1,1,1,1,1,1,0,0,3,20.05,83.3,0,0,0.2378410438908659,0.0
2981,1,0,0,0,68,1,2,1,2,2,2,2,2,2,1,1,1,117.2,8035.95,0,3,0.014582646401931,0.0
971,0,0,1,1,33,1,0,2,1,1,1,1,1,1,1,0,3,20.1,579.4,0,2,0.034631288766368,0.0
1802,0,1,0,0,1,1,0,1,0,0,0,0,0,0,0,1,2,69.6,69.6,1,0,0.9858356940509916,835.1999999999999
5508,1,0,0,0,31,1,2,1,0,2,2,0,2,2,1,1,2,103.45,3066.45,1,2,0.0337250810934163,0.0
5519,0,0,0,0,4,1,2,1,0,2,0,0,0,0,0,0,0,77.95,305.55,1,0,0.2542815201435329,935.4000000000001
85,1,1,1,0,69,1,2,1,0,2,2,2,2,2,2,1,2,109.95,7634.25,0,3,0.0144003143315543,0.0
3624,1,1,0,0,38,1,2,1,0,0,0,0,2,2,0,0,2,94.75,3653.0,0,2,0.0259304871373836,0.0
6783,0,0,1,1,3,1,0,1,0,2,0,2,0,0,0,1,2,80.0,241.3,0,0,0.330169211721007,960.0
151,0,0,1,1,48,1,2,0,0,2,0,2,2,2,2,0,2,79.65,3870.3,0,2,0.0205744840234546,0.0
1863,0,0,1,0,15,1,2,2,1,1,1,1,1,1,2,0,3,25.2,387.9,0,1,0.064798148624325,0.0
4292,0,0,0,0,25,1,0,2,1,1,1,1,1,1,1,0,1,19.9,527.5,0,2,0.0376537369914853,0.0
6955,0,1,0,0,1,1,0,1,0,0,0,0,2,0,0,0,2,78.45,78.45,1,0,0.9874134675896792,941.4000000000001
4343,0,0,0,0,48,0,1,0,2,2,0,0,2,0,0,1,2,44.8,2104.55,0,2,0.0212771009949894,0.0
6432,1,0,0,0,1,1,0,2,1,1,1,1,1,1,0,0,3,20.3,20.3,0,0,0.9530516431924884,0.0
2956,1,0,0,0,1,1,0,2,1,1,1,1,1,1,0,0,2,19.2,19.2,0,0,0.9504950495049505,0.0
1652,0,0,0,0,37,1,0,1,0,2,2,0,0,0,1,0,2,80.05,3019.1,0,2,0.026505744842886,0.0
6794,1,1,1,0,66,1,2,1,0,2,2,2,2,2,1,1,0,107.35,7051.95,0,3,0.0152205814588221,0.0
6447,0,0,1,0,26,0,1,0,2,2,2,0,2,0,1,0,0,47.85,1190.5,0,2,0.0401594628619387,0.0
4734,1,0,1,0,63,1,0,0,2,2,0,2,2,0,1,0,1,70.8,4448.8,0,3,0.0159108274529192,0.0
3526,1,0,0,0,10,0,1,0,0,0,2,0,0,0,0,0,3,29.5,255.25,1,0,0.1151219512195122,354.0
2712,0,0,0,0,2,1,0,0,2,0,0,0,2,2,0,1,2,70.75,146.9,1,0,0.4783637592968222,849.0
1488,1,1,1,0,18,1,0,0,2,0,0,0,0,2,0,1,1,59.1,1011.05,0,1,0.058396324292278,0.0
2745,0,0,1,0,64,1,2,2,1,1,1,1,1,1,2,0,3,25.55,1714.95,0,3,0.0148897112386724,0.0
5711,0,1,0,0,9,1,2,1,0,0,0,0,0,2,0,1,2,84.45,762.5,1,0,0.1106090373280943,1013.4000000000001
2943,0,0,0,1,28,1,0,2,1,1,1,1,1,1,0,0,3,20.25,535.35,0,2,0.0377551971660296,0.0
3548,0,0,0,0,1,1,0,1,0,0,2,0,0,0,0,0,2,75.55,75.55,0,0,0.9869366427171784,906.5999999999999
478,1,0,0,0,4,1,2,1,0,0,0,0,0,2,0,1,2,85.65,338.9,1,0,0.2519858781994705,1027.8000000000002
5427,1,1,0,0,38,1,0,0,0,2,2,2,2,0,1,1,1,70.15,2497.35,1,2,0.0280785318310084,841.8000000000001
6665,1,0,1,0,66,1,2,1,0,2,2,0,0,2,1,0,2,95.3,6273.4,0,3,0.0151887033023077,0.0
1121,0,0,0,0,1,1,0,1,0,0,0,0,0,0,0,1,2,70.25,70.25,0,0,0.9859649122807016,843.0
3808,0,0,1,0,18,1,0,0,0,0,0,2,0,0,0,1,3,50.3,908.75,0,1,0.0552899148117614,0.0
5876,1,1,0,0,51,1,2,1,0,0,2,0,2,2,0,1,2,97.8,4913.3,1,3,0.0199011049386484,1173.6
5367,1,0,0,0,1,1,0,0,0,0,0,0,0,0,0,0,3,46.3,46.3,1,0,0.9788583509513742,555.5999999999999
3183,1,0,0,1,12,1,0,2,1,1,1,1,1,1,2,0,0,19.35,212.3,0,0,0.090717299578059,0.0
221,0,0,0,0,41,1,2,1,0,2,2,0,2,2,0,1,2,106.3,4443.45,1,2,0.0239174701031623,1275.6
6903,1,0,0,0,12,1,2,2,1,1,1,1,1,1,0,0,2,25.0,316.2,0,0,0.0788146279949558,0.0
5931,0,0,1,1,55,1,0,2,1,1,1,1,1,1,2,0,3,20.3,1079.05,0,3,0.0187954261376788,0.0
572,0,0,0,0,7,1,2,1,0,0,0,0,0,0,0,1,2,75.35,564.65,0,0,0.1332095818969327,0.0
1041,0,0,0,0,12,1,0,1,0,0,2,2,0,2,0,1,2,89.4,1095.65,1,0,0.0815209957598139,1072.8000000000002
6124,0,0,1,1,68,1,2,0,2,2,2,2,2,2,2,0,1,88.0,6161.9,0,3,0.0142789920329714,0.0
4260,0,1,0,0,5,1,2,1,0,0,0,0,2,0,0,1,1,83.15,446.05,1,0,0.1859970920478693,997.8000000000001
773,0,1,0,0,49,1,0,0,0,0,0,0,0,0,0,0,3,43.8,2106.05,0,3,0.0207873567309745,0.0
258,1,0,0,0,40,0,1,0,2,2,2,0,2,2,1,0,1,62.05,2511.55,0,2,0.0246960259497323,0.0
3210,0,0,0,0,16,1,0,2,1,1,1,1,1,1,1,0,0,20.1,318.6,0,1,0.0628911138923654,0.0
4491,1,0,0,0,10,1,2,1,0,0,0,0,0,0,0,1,3,74.15,811.8,1,0,0.0912278543307086,0.0
917,0,0,1,0,72,1,2,1,0,2,2,0,2,2,1,1,2,101.35,7323.15,0,3,0.0138377832239918,0.0
1744,0,1,0,0,2,1,2,1,0,0,0,0,0,2,0,1,2,84.05,186.05,0,0,0.4493450948944132,0.0
4910,1,0,1,1,23,1,0,2,1,1,1,1,1,1,2,0,3,20.9,454.0,0,1,0.0459340659340659,0.0
1469,0,1,0,0,71,1,2,1,0,2,2,0,2,2,1,1,2,105.9,7521.95,0,3,0.0140769246106912,0.0
612,0,0,1,0,11,1,2,1,0,0,2,0,2,2,0,1,2,99.5,1056.95,1,0,0.0940498133182097,1194.0
5432,1,0,0,0,1,1,0,0,0,0,0,0,0,0,0,1,3,44.15,44.15,1,0,0.9778516057585824,0.0
769,0,0,0,0,16,1,0,0,0,2,0,2,0,0,0,1,3,53.9,834.15,1,1,0.0645393043165898,0.0
6433,0,0,0,0,1,1,2,1,0,0,0,0,0,2,0,1,3,85.45,85.45,1,0,0.9884326200115674,1025.4
3153,1,0,1,0,12,1,0,1,0,2,0,0,0,2,0,1,1,85.05,999.8,0,0,0.0849820143884892,0.0
4992,0,0,0,0,54,0,1,0,2,0,0,2,0,2,1,0,0,44.1,2369.7,0,3,0.018602100645379,0.0
6257,0,0,1,0,68,1,2,1,0,2,2,2,0,0,2,0,1,90.2,6297.65,0,3,0.0143205290022465,0.0
1527,0,0,1,1,4,1,2,0,0,0,0,0,0,0,0,0,3,50.85,239.55,1,0,0.2113905632924548,610.2
2729,0,0,0,1,1,1,0,0,0,0,2,0,0,2,0,0,2,59.2,59.2,1,0,0.9833887043189368,710.4000000000001
3865,1,0,0,0,27,1,0,0,2,0,0,2,0,0,0,0,3,53.45,1461.45,0,2,0.0365482580601046,0.0
2525,1,0,0,0,21,1,0,2,1,1,1,1,1,1,0,1,3,19.95,416.4,0,1,0.0477958792525155,0.0
472,1,0,0,0,13,1,0,1,0,0,2,0,2,0,0,1,2,83.2,1060.6,1,1,0.0783722682743029,998.4000000000001
6103,0,1,0,0,64,1,2,0,0,2,2,2,0,2,0,0,1,74.65,4869.35,0,3,0.0153274405330212,0.0
2553,0,0,0,0,1,1,0,0,2,2,0,0,0,0,0,1,2,54.9,54.9,1,0,0.9821109123434704,658.8
2423,1,0,1,0,57,0,1,0,0,2,2,2,2,2,2,1,0,57.5,3265.95,0,3,0.0176005142411117,0.0
3913,0,0,1,0,21,1,2,1,2,0,2,0,2,2,0,1,2,103.9,2254.2,1,1,0.0460713018800993,1246.8000000000002
2710,1,0,0,0,19,1,0,2,1,1,1,1,1,1,2,0,3,19.65,358.15,0,1,0.0547125156619796,0.0
1255,1,0,1,0,31,1,0,1,0,0,2,0,2,2,1,1,2,93.8,2939.8,0,2,0.0318960826985854,0.0
5046,1,0,0,0,52,1,2,0,2,2,2,2,2,2,2,1,3,89.25,4652.4,0,3,0.019179524648644,0.0
944,0,0,0,0,46,1,2,1,0,2,2,0,0,2,1,1,2,94.15,4408.45,0,2,0.0213518692807493,0.0
3266,0,1,0,0,11,1,2,0,2,0,0,0,0,0,0,1,2,55.6,580.8,0,0,0.0955654864214506,0.0
3761,0,0,1,1,53,0,1,0,2,2,2,0,0,2,0,1,0,48.7,2495.2,0,3,0.0195096546751061,0.0
3482,0,0,1,1,11,1,0,2,1,1,1,1,1,1,0,1,3,19.25,180.3,1,0,0.1061776061776061,0.0
1994,1,1,0,0,57,1,2,1,0,2,0,2,2,2,0,1,0,104.9,5913.95,0,3,0.0177347230323164,0.0
1724,0,1,0,0,2,1,2,1,0,0,0,0,0,0,0,1,3,75.45,158.4,1,0,0.4733375156838143,905.4000000000001
5360,0,1,0,0,2,1,0,0,2,2,0,0,0,0,0,0,3,54.85,104.2,1,0,0.5213878326996197,0.0
2539,0,0,1,1,71,1,0,2,1,1,1,1,1,1,2,0,0,19.9,1389.35,0,3,0.014312942784191,0.0
6773,0,0,1,1,1,1,0,2,1,1,1,1,1,1,0,1,3,19.4,19.4,0,0,0.9509803921568628,0.0
1859,1,0,1,0,68,1,2,2,1,1,1,1,1,1,2,0,1,25.05,1629.2,0,3,0.0153662127346337,0.0
4072,1,0,1,0,72,1,0,0,2,2,2,2,2,2,2,0,3,84.45,6033.1,0,3,0.0139954591405512,0.0
265,0,0,0,0,2,1,0,2,1,1,1,1,1,1,0,0,3,19.3,44.4,0,0,0.4251101321585903,0.0
3663,1,1,1,0,1,1,2,1,0,0,0,0,2,2,0,1,2,95.1,95.1,1,0,0.9895941727367326,1141.1999999999998
6265,0,0,0,0,41,1,0,0,2,0,2,2,2,2,1,1,0,79.85,3320.75,0,2,0.0240385339053209,0.0
4447,1,0,1,1,72,1,2,2,1,1,1,1,1,1,2,0,1,25.55,1867.7,0,3,0.0136726066249264,0.0
5804,1,0,1,0,6,1,2,1,0,0,0,0,0,0,0,1,2,75.5,438.0,1,0,0.1719817767653758,906.0
3191,0,0,1,1,4,1,0,1,0,0,2,0,0,0,0,1,2,73.75,325.45,1,0,0.2259151478021136,885.0
5318,1,0,0,0,12,1,2,1,0,0,0,0,2,2,0,1,2,96.05,1148.1,1,0,0.0835871551649116,1152.6
1020,0,0,1,0,58,1,2,0,2,0,0,2,0,2,1,1,2,68.4,3972.25,0,3,0.0172151261561693,0.0
2461,0,0,0,0,7,1,0,2,1,1,1,1,1,1,0,0,3,20.65,155.9,0,0,0.1316124920331421,0.0
6005,0,0,1,0,65,1,0,0,2,0,2,0,0,0,0,1,3,55.15,3673.15,0,3,0.015010274485255,0.0
6760,1,0,0,0,1,1,0,1,0,0,0,0,0,0,0,1,3,70.6,70.6,0,0,0.9860335195530726,0.0
424,1,0,1,0,56,1,0,2,1,1,1,1,1,1,1,0,1,19.95,1126.75,0,3,0.0176900908889381,0.0
5129,1,0,0,0,4,1,0,2,1,1,1,1,1,1,0,0,3,19.0,73.45,0,0,0.2552048354600403,0.0
5414,0,0,1,1,58,1,0,0,0,0,0,0,0,0,1,1,3,44.1,2413.05,0,3,0.018268055756923,0.0
3268,1,0,1,0,62,1,2,1,0,0,2,2,2,2,2,1,0,107.6,6912.7,0,3,0.01556330184995,0.0
6375,1,0,0,0,26,1,2,0,2,2,0,0,0,0,1,0,2,61.55,1581.95,0,2,0.0388830980132031,0.0
4817,1,0,0,0,62,1,2,1,2,2,2,0,0,0,0,0,0,90.7,5586.45,0,3,0.0162328074524156,0.0
3956,0,0,1,1,58,1,0,1,2,2,0,0,2,2,1,0,1,99.25,5846.65,0,3,0.0169726300308671,0.0
1124,0,0,1,0,68,1,2,0,2,2,2,2,2,2,2,1,2,91.7,6424.7,0,3,0.0142708187434832,0.0
2160,0,0,1,1,61,1,2,1,2,2,2,0,0,2,1,1,1,100.7,6018.65,0,3,0.0167285473407922,0.0
5970,0,0,0,0,42,1,2,0,0,0,2,2,2,2,2,1,1,78.45,3373.4,0,2,0.0232485775248933,0.0
4206,1,0,0,0,18,1,2,1,0,0,0,0,2,0,0,0,0,84.3,1537.9,0,1,0.0547793878744557,0.0
2996,0,0,0,0,56,1,0,2,1,1,1,1,1,1,2,1,0,19.55,1080.55,0,3,0.0180759095742221,0.0
3487,0,0,0,0,4,1,2,1,0,2,0,0,0,2,0,1,2,88.95,355.2,1,0,0.2497192588433464,1067.4
6762,0,0,0,0,4,1,0,2,1,1,1,1,1,1,0,0,1,20.45,82.85,0,0,0.2438878950506857,0.0
4744,0,0,0,1,35,1,0,0,2,2,0,0,0,0,1,0,1,55.6,2016.45,0,2,0.0275595429874346,0.0
512,0,0,1,1,64,1,2,1,2,0,0,2,0,0,0,1,0,86.8,5327.25,0,3,0.0162905269084596,0.0
4563,0,0,0,0,31,1,0,2,1,1,1,1,1,1,1,0,3,20.95,683.25,0,2,0.0306174643770551,0.0
799,0,1,1,0,67,1,0,2,1,1,1,1,1,1,2,1,0,20.05,1263.05,0,3,0.0158617143309204,0.0
1431,0,0,0,0,4,1,0,0,0,2,0,0,0,0,0,0,1,50.7,151.3,1,0,0.3328956007879186,608.4000000000001
3363,0,1,1,0,70,1,2,1,2,2,2,2,2,2,2,1,2,113.65,7714.65,0,3,0.0147298024145729,0.0
3462,1,0,0,0,3,1,0,0,0,0,0,0,2,0,0,0,1,53.4,188.7,1,0,0.2814971006852926,640.8
5013,1,1,1,0,53,1,2,1,0,2,0,0,2,2,0,1,2,101.9,5549.4,1,3,0.018359037186509,1222.8000000000002
3418,1,0,1,1,2,1,0,0,2,2,0,2,0,0,2,0,3,59.5,130.5,0,0,0.4524714828897338,0.0
3747,0,0,1,1,29,1,0,1,0,0,0,0,2,2,0,1,1,87.8,2621.75,0,2,0.0334763130302163,0.0
3406,0,0,0,0,47,0,1,0,2,0,2,2,0,0,2,0,3,41.9,1875.25,0,2,0.0223317788141239,0.0
1112,0,0,1,1,68,1,2,1,0,0,0,0,2,0,1,1,2,83.0,5685.8,1,3,0.0145952029260744,0.0
405,1,0,0,1,12,1,0,0,2,0,0,0,2,2,0,1,3,69.85,837.5,0,0,0.0833035181872391,0.0
2283,0,0,1,1,8,1,0,0,0,2,0,2,0,0,0,0,0,56.3,401.5,0,0,0.1398757763975155,0.0
2916,1,0,1,0,54,1,2,1,2,2,2,0,2,2,0,0,2,109.55,6118.95,0,3,0.0179004730430804,0.0
721,1,0,1,1,69,1,0,1,0,2,0,2,2,0,2,1,3,92.15,6480.9,0,3,0.0142165105910304,0.0
6107,0,0,0,0,26,1,2,0,2,2,0,0,2,0,0,1,0,69.5,1800.05,0,2,0.0385886010938063,0.0
4763,0,0,1,0,72,1,2,1,2,2,2,2,0,0,2,1,0,97.0,7104.2,0,3,0.0136519732027247,0.0
1238,0,0,0,0,70,0,1,0,2,0,2,2,2,2,2,1,0,58.35,4214.25,0,3,0.0138425953383547,0.0
2040,1,0,0,1,1,1,0,0,2,0,0,0,0,0,0,0,3,50.6,50.6,1,0,0.9806201550387597,607.2
2877,1,0,0,0,10,1,0,1,0,0,0,0,2,2,0,1,2,89.5,863.1,1,0,0.1035759750028931,1074.0
241,0,0,1,1,28,1,0,1,0,0,0,0,0,0,1,1,0,70.4,1992.2,0,2,0.0353200883002207,0.0
3133,1,0,0,0,1,1,0,1,0,0,0,0,0,0,0,1,2,69.8,69.8,1,0,0.9858757062146892,837.5999999999999
6977,0,0,1,0,21,1,2,1,0,0,0,0,2,2,0,1,2,94.3,1948.35,0,1,0.048375099392105,0.0
6172,1,1,1,0,51,1,2,1,2,0,2,0,2,0,0,1,0,93.8,4750.95,1,3,0.0197392649333431,1125.6
5578,0,0,1,1,53,1,0,2,1,1,1,1,1,1,1,0,0,19.55,1007.9,0,3,0.019377539894935,0.0
6597,1,0,0,1,53,1,0,1,2,2,2,0,0,2,1,0,2,95.95,5036.9,0,3,0.0190456340935707,0.0
1667,1,0,1,0,24,1,2,1,0,0,2,0,2,2,0,1,2,101.05,2391.8,1,1,0.0422308592443998,1212.6
5796,0,0,1,0,70,1,2,0,2,2,2,2,2,2,2,1,1,94.8,6859.05,0,3,0.0138191412599033,0.0
1153,1,0,0,0,61,1,2,1,2,2,2,0,2,2,1,1,2,107.75,6521.9,0,3,0.0165187263333793,0.0
1269,0,0,0,0,11,1,0,0,2,0,0,2,0,0,1,1,3,54.6,617.85,0,0,0.088228165145027,0.0
3094,1,0,0,0,2,1,0,1,0,0,0,0,0,0,0,1,1,71.3,157.75,0,0,0.4491338582677165,0.0
290,1,0,0,0,25,1,0,2,1,1,1,1,1,1,1,1,0,19.5,516.3,0,2,0.037695727817514,0.0
1889,0,0,0,0,41,1,2,0,0,2,0,0,0,0,1,1,1,56.3,2364.0,0,2,0.0238054968287526,0.0
4210,1,0,1,0,18,1,2,1,0,0,0,0,2,2,0,1,2,94.7,1687.95,1,1,0.0560703395600817,1136.4
625,1,1,1,0,72,1,2,1,0,2,2,0,2,2,2,1,0,104.15,7689.95,1,3,0.0135418901436103,0.0
2443,0,0,1,1,71,1,2,0,2,2,2,2,2,2,2,1,1,90.55,6239.05,0,3,0.0145111016738647,0.0
2860,0,0,1,1,34,1,0,0,2,2,2,0,0,0,1,1,3,60.8,2042.05,0,2,0.0297594283057193,0.0
316,1,0,0,0,29,1,0,1,0,0,2,2,2,2,0,1,1,98.8,2807.1,0,2,0.0351839321961468,0.0
4248,1,1,1,0,40,1,0,1,2,2,2,2,2,0,1,1,1,98.15,4116.8,0,2,0.0238355432512506,0.0
2623,1,0,1,0,36,0,1,0,2,0,2,0,0,0,1,0,3,35.35,1317.95,0,2,0.0268016225027484,0.0
5003,0,0,1,0,46,1,2,1,0,2,0,2,2,2,1,1,2,103.15,4594.65,0,2,0.0224451383373407,0.0
1342,0,0,0,0,58,1,2,1,2,2,2,0,2,2,1,1,2,107.75,6332.75,0,3,0.0170120386816656,0.0
6859,1,0,0,0,39,1,2,1,0,2,0,0,0,0,1,0,1,81.4,3213.75,0,2,0.0253207869974337,0.0
4203,1,0,1,1,4,1,0,0,0,0,0,2,0,2,0,0,1,61.45,229.55,1,0,0.2665365430492301,0.0
3882,0,0,1,1,52,1,2,1,0,2,2,0,2,0,1,1,1,95.7,4976.15,0,3,0.0192278713721708,0.0
58,1,1,1,0,70,1,2,1,0,2,2,0,2,2,1,1,2,104.8,7308.95,0,3,0.0143366233695168,0.0
3836,1,1,1,0,65,1,0,1,0,0,0,0,0,0,1,1,0,70.95,4555.2,0,3,0.0155721873491067,0.0
6312,1,0,0,0,1,1,0,0,0,0,0,0,0,0,0,1,3,44.95,44.95,0,0,0.9782372143634384,0.0
211,0,0,1,0,70,1,2,1,0,0,2,0,2,2,1,1,2,97.65,6982.5,0,3,0.0139829598338941,0.0
4807,0,1,1,1,29,0,1,0,0,2,2,0,0,0,0,1,3,35.65,1025.15,0,2,0.0347415095258977,0.0
5163,1,0,0,0,1,1,0,1,0,0,0,0,2,2,0,1,2,90.55,90.55,1,0,0.9890770070999454,1086.6
296,0,0,0,0,67,1,2,0,2,0,2,2,2,2,2,1,3,85.25,5714.2,0,3,0.0149163633818589,0.0
6037,0,0,0,0,1,1,0,2,1,1,1,1,1,1,0,1,3,19.5,19.5,0,0,0.951219512195122,0.0
198,0,0,0,0,26,1,0,1,0,0,0,0,2,2,0,1,0,88.8,2274.35,1,2,0.0390269628848309,1065.6
4674,0,0,1,1,30,1,2,2,1,1,1,1,1,1,2,1,3,25.1,789.55,0,2,0.0317500474353298,0.0
1828,0,0,1,0,48,1,0,1,0,0,2,2,2,2,0,1,1,100.05,4834.0,0,2,0.0206928645294725,0.0
5947,0,0,1,1,55,1,0,0,2,2,0,0,0,0,0,0,2,55.7,3131.8,0,3,0.0177796220633299,0.0
2690,1,0,0,0,7,1,2,1,0,0,0,0,0,2,0,1,3,85.2,602.55,1,0,0.1411647750807721,1022.4000000000001
6735,1,0,0,0,37,1,2,1,2,0,0,0,2,0,0,1,2,91.15,3369.25,0,2,0.0270454714041985,0.0
278,0,0,1,0,31,1,0,1,0,2,0,0,0,2,0,1,0,83.85,2674.15,0,2,0.0313440367829841,0.0
1950,1,0,0,0,4,1,0,0,0,0,0,0,0,0,0,1,2,45.9,199.75,0,0,0.2286425902864259,0.0
6623,1,0,1,1,72,1,2,2,1,1,1,1,1,1,2,1,1,25.1,1790.8,0,3,0.0140082598504297,0.0
5961,1,1,0,0,5,1,0,1,0,0,0,0,2,2,0,1,2,91.4,449.75,1,0,0.2027731558513588,1096.8000000000002
148,1,0,1,1,1,1,0,2,1,1,1,1,1,1,0,0,3,19.7,19.7,0,0,0.9516908212560388,0.0
6606,0,1,0,0,15,1,0,1,0,0,0,0,2,2,0,1,2,91.5,1400.3,0,1,0.0652965103832155,0.0
4590,1,0,1,1,8,1,0,0,2,0,0,0,0,0,0,1,1,51.3,411.6,0,0,0.1243334949103247,0.0
887,0,0,0,0,35,1,0,2,1,1,1,1,1,1,1,0,3,21.1,741.0,0,2,0.0284366576819407,0.0
3408,0,1,0,0,56,1,2,1,0,2,2,0,2,2,0,0,2,104.75,5841.35,0,3,0.0179294290824753,0.0
5376,1,0,1,0,42,1,2,1,0,0,2,2,2,2,0,1,0,106.15,4512.7,1,2,0.0235172918005184,1273.8000000000002
2793,1,1,1,1,65,1,2,1,2,2,0,0,0,0,0,1,2,85.75,5688.45,0,3,0.015071755617854,0.0
6064,0,0,1,1,2,1,0,2,1,1,1,1,1,1,1,0,3,20.3,31.9,0,0,0.6170212765957447,0.0
2638,1,1,1,0,65,1,2,1,2,0,0,0,2,2,1,1,2,100.75,6674.65,0,3,0.0150921633099398,0.0
5530,0,0,0,0,18,1,2,1,0,0,0,0,0,0,0,1,2,74.15,1345.75,0,1,0.0550584741043252,0.0
5444,0,0,0,0,23,1,2,0,2,0,2,0,2,2,1,1,2,78.55,1843.05,0,1,0.0425964588812667,0.0
5845,0,0,0,0,4,1,0,0,0,0,0,0,0,0,0,1,3,45.3,196.95,1,0,0.2288456680980045,543.5999999999999
4290,1,0,1,0,70,1,0,2,1,1,1,1,1,1,2,0,1,19.85,1433.8,0,3,0.0138346807917479,0.0
5206,0,0,0,0,4,1,2,0,0,0,0,0,0,0,0,0,2,50.7,214.55,0,0,0.2352122477383437,0.0
1947,1,0,0,0,19,1,0,0,0,0,0,0,0,0,0,1,0,45.0,865.85,0,1,0.0519120955182557,0.0
3106,0,0,0,0,18,1,0,1,0,2,2,0,0,0,0,0,2,77.8,1358.6,0,1,0.0572227125625183,0.0
2021,0,1,1,0,38,1,0,1,2,0,0,0,0,2,0,1,2,83.45,3147.15,0,2,0.0265076314660991,0.0
4403,1,0,0,0,2,1,2,1,0,0,0,0,0,0,0,1,1,73.25,131.05,1,0,0.5547141234380916,879.0
1749,1,0,0,0,47,1,2,1,2,2,0,0,2,0,1,0,0,94.8,4535.85,0,2,0.0208955552861566,0.0
6514,0,0,1,1,52,1,0,2,1,1,1,1,1,1,2,0,0,20.1,1078.75,0,3,0.0186154202361657,0.0
1,1,0,0,0,9,1,2,0,0,0,0,0,0,2,0,0,3,59.9,542.4,0,0,0.1102318733897681,0.0
667,0,0,1,0,26,1,2,0,2,2,2,2,2,2,1,1,1,90.1,2312.55,0,2,0.0389444792634695,0.0
5489,1,0,1,1,8,1,0,0,0,0,2,0,0,0,0,1,2,51.05,415.05,1,0,0.122701598365581,612.5999999999999
3267,1,0,1,0,44,1,0,0,0,2,2,2,2,0,1,1,2,70.95,3250.45,0,2,0.0218210336926602,0.0
668,0,0,0,0,3,0,1,0,0,2,0,0,0,0,0,0,3,29.2,98.5,0,0,0.293467336683417,0.0
4220,1,0,0,0,2,1,0,0,0,0,0,0,0,0,0,1,0,46.6,87.9,0,0,0.5241844769403824,0.0
3948,0,0,1,1,9,1,2,1,0,0,0,0,2,0,0,1,0,85.35,754.65,1,0,0.1129491166545358,1024.1999999999998
3509,1,1,0,0,1,1,2,1,0,0,0,0,0,0,0,1,2,75.35,75.35,1,0,0.9869024230517356,904.1999999999999
3684,1,0,0,0,25,1,0,1,2,0,0,0,0,0,0,0,0,74.3,1952.25,0,2,0.0380391654934084,0.0
6891,0,1,1,0,2,1,0,1,0,0,0,0,0,0,0,1,2,69.3,153.8,0,0,0.4476744186046511,0.0
5482,1,0,0,0,43,1,0,1,2,0,0,0,0,0,0,1,2,75.2,3198.6,1,2,0.0235029378672334,902.4000000000001
289,0,0,0,0,1,1,0,2,1,1,1,1,1,1,0,0,3,20.9,20.9,1,0,0.954337899543379,250.79999999999998
3860,0,0,1,0,58,1,2,1,0,2,2,0,0,2,1,1,2,94.3,5610.15,0,3,0.0168058241180506,0.0
5887,0,0,1,1,59,1,2,0,2,0,2,2,2,0,2,1,3,76.45,4519.5,0,3,0.0169118460347306,0.0
4786,1,0,0,0,44,0,1,0,2,0,2,0,2,2,1,1,2,54.0,2440.25,0,2,0.0221198156682027,0.0
6907,1,0,0,0,66,1,2,1,0,2,0,2,2,2,1,1,2,104.25,6860.6,0,3,0.0151932493878978,0.0
2568,1,0,1,1,68,1,0,2,1,1,1,1,1,1,2,0,0,19.95,1377.7,0,3,0.0144701530427214,0.0
919,1,0,0,0,9,0,1,0,0,0,0,0,0,0,0,1,2,24.95,190.25,0,0,0.1304575163398692,0.0
2018,1,0,0,0,19,1,2,1,2,0,2,0,0,0,0,1,2,84.75,1651.95,0,1,0.0512719682991016,0.0
3169,1,0,0,0,4,1,0,2,1,1,1,1,1,1,0,0,3,19.75,78.3,0,0,0.2490542244640605,0.0
1625,0,0,0,0,70,1,2,1,2,2,2,2,2,2,2,1,0,113.65,7939.25,0,3,0.0143131513491388,0.0
6137,1,0,0,0,1,1,0,0,0,0,0,0,0,0,0,1,3,44.9,44.9,0,0,0.9782135076252724,0.0
2236,0,0,0,0,8,1,2,1,0,0,0,0,0,0,0,1,2,75.25,576.7,0,0,0.1302579193352951,0.0
2657,1,0,0,0,53,1,2,2,1,1,1,1,1,1,2,0,3,24.6,1279.0,0,3,0.01921875,0.0
4825,1,1,0,0,51,1,2,2,1,1,1,1,1,1,1,0,0,25.0,1260.7,0,3,0.0198145359435682,0.0
2842,1,0,1,1,11,1,0,2,1,1,1,1,1,1,0,0,0,20.95,267.35,0,0,0.0780696851127259,0.0
4960,1,0,1,1,60,1,2,1,2,0,2,2,2,2,2,1,2,110.6,6586.85,0,3,0.0167884818263925,0.0
3690,1,0,0,0,17,1,0,0,2,2,0,0,0,0,0,1,1,55.5,934.15,0,1,0.059348767577394,0.0
5364,1,0,0,0,3,1,0,0,0,0,0,0,0,0,0,1,2,43.3,123.65,1,0,0.3473726434015242,519.5999999999999
514,1,0,1,0,70,1,0,1,2,2,2,2,2,2,1,1,0,109.5,7534.65,1,3,0.014530929647741,0.0
5942,1,0,0,0,1,1,0,2,1,1,1,1,1,1,0,0,3,19.45,19.45,0,0,0.9511002444987776,0.0
3532,1,1,0,0,43,1,2,1,0,0,0,0,2,0,0,1,2,84.85,3645.6,0,2,0.0232682498765973,0.0
4278,0,0,1,0,16,1,0,2,1,1,1,1,1,1,0,0,3,19.6,314.45,0,1,0.0621334601363132,0.0
1747,0,0,1,1,57,1,0,0,2,2,0,0,0,0,1,0,2,53.45,3053.0,0,3,0.0175016371971185,0.0
662,1,0,1,1,37,1,0,2,1,1,1,1,1,1,1,0,1,19.8,677.05,0,2,0.0292013863284418,0.0
250,0,0,1,0,72,1,2,1,2,2,2,2,2,2,2,0,1,112.1,7965.95,0,3,0.0140706292872429,0.0
3290,0,1,0,0,11,1,2,1,0,0,0,0,0,2,0,1,1,84.8,906.85,1,0,0.0934075012391914,1017.5999999999999
4155,0,1,1,0,50,1,2,1,0,2,2,0,2,0,0,1,2,95.05,4888.7,1,3,0.0194388203775282,1140.6
6358,1,1,0,0,5,1,0,0,0,0,2,0,0,0,0,0,2,50.35,237.25,1,0,0.2113326337880378,0.0
2628,1,0,1,0,1,1,2,1,0,0,0,0,0,0,0,1,0,74.6,74.6,1,0,0.9867724867724867,895.1999999999999
1601,1,0,0,0,16,1,0,2,1,1,1,1,1,1,0,1,3,19.7,342.4,1,1,0.0573675014560279,236.39999999999998
1991,1,1,1,0,2,1,0,1,0,0,2,0,0,0,0,1,2,74.2,140.1,0,0,0.52586817859674,0.0
1158,0,0,0,0,17,1,2,0,0,0,2,2,2,0,0,1,3,69.0,1108.0,0,1,0.0622182146077547,0.0
3005,0,0,0,0,16,1,0,2,1,1,1,1,1,1,1,0,1,19.35,295.55,0,1,0.0652503793626707,0.0
6648,0,0,0,0,15,1,0,0,0,0,2,0,0,2,0,1,2,59.45,892.65,1,1,0.0665249258658311,713.4000000000001
3011,0,0,0,0,10,1,0,2,1,1,1,1,1,1,1,1,3,19.8,198.25,0,0,0.0993726474278544,0.0
1465,0,0,0,1,46,1,0,1,2,2,0,2,2,2,1,1,0,105.2,4822.85,1,2,0.021808306643034,0.0
2518,1,0,1,1,64,1,2,1,0,2,2,2,2,2,2,1,1,109.2,6741.15,0,3,0.0161966138397988,0.0
1544,0,0,0,0,1,1,2,1,0,2,0,0,0,0,0,1,3,79.15,79.15,0,0,0.9875233936369308,949.8000000000001
3564,1,0,1,1,25,1,0,0,0,2,2,0,0,0,1,0,3,53.65,1355.45,0,2,0.0395517711673854,0.0
6361,1,0,1,1,71,1,0,1,2,2,2,2,2,0,2,0,1,100.2,7209.0,0,3,0.0138973647711511,0.0
1509,1,0,0,0,8,1,0,0,0,0,0,0,0,0,0,1,3,45.15,438.4,1,0,0.102753755120619,541.8
716,0,0,1,1,72,1,0,1,2,2,2,2,2,2,2,1,0,108.65,7726.35,0,3,0.0140604476308178,0.0
1047,0,0,1,0,49,0,1,0,2,0,0,0,2,0,0,0,0,40.65,2070.75,0,3,0.0196210932786291,0.0
891,1,0,1,1,29,0,1,0,2,2,2,2,0,2,1,1,1,55.35,1636.95,0,2,0.0337922403003754,0.0
581,1,0,1,0,72,1,2,1,2,2,2,2,0,2,2,0,0,105.6,7581.5,0,3,0.0139268051434223,0.0
6290,1,0,1,0,31,1,2,1,0,2,2,0,2,0,0,0,2,93.8,3019.5,1,2,0.0310544611819235,1125.6
4397,0,0,0,0,50,1,2,1,0,0,0,0,2,2,0,1,2,95.7,4729.75,0,3,0.0202293505258151,0.0
5815,1,0,1,0,71,1,2,0,2,0,2,2,2,2,2,0,2,83.2,6126.1,0,3,0.0135790178061399,0.0
1075,1,1,1,0,70,1,2,0,2,2,2,2,2,2,2,0,1,90.05,6333.4,0,3,0.0142160267744379,0.0
456,1,0,0,0,71,1,2,1,2,0,0,2,0,2,1,0,1,97.65,6687.85,0,3,0.0145989220867563,0.0
4885,1,0,1,1,61,1,0,0,2,2,2,2,0,0,2,1,0,68.05,4158.25,0,3,0.0163611227985814,0.0
659,1,0,0,0,32,1,0,1,0,0,0,2,2,2,0,1,2,96.2,3183.4,1,2,0.0302097726416279,1154.4
5369,0,0,0,1,1,1,0,1,0,0,0,0,0,2,0,1,2,79.6,79.6,1,0,0.9875930521091812,955.1999999999999
4967,1,0,0,0,68,1,2,1,2,2,2,0,0,2,2,1,0,102.1,7149.35,0,3,0.0142790213066493,0.0
4341,1,0,0,0,62,1,2,2,1,1,1,1,1,1,2,0,0,23.4,1429.65,0,3,0.0163562017264879,0.0
730,0,0,0,1,7,1,0,1,0,0,0,0,0,0,0,1,2,71.05,472.65,0,0,0.1500052781589781,852.5999999999999
4475,1,0,0,0,20,1,2,1,0,0,0,0,2,0,0,1,2,85.25,1734.5,1,1,0.0491212906943244,1023.0
610,1,0,1,1,6,1,0,2,1,1,1,1,1,1,1,0,3,19.45,113.5,0,0,0.1698689956331877,0.0
1382,0,1,0,0,33,0,1,0,2,2,2,0,2,2,0,1,0,59.45,1884.65,0,2,0.0315275899557181,0.0
5964,1,0,1,1,28,1,2,1,0,0,0,0,2,2,1,0,0,92.2,2568.15,0,2,0.0358873557402253,0.0
3650,1,0,0,0,27,1,0,2,1,1,1,1,1,1,2,0,1,19.85,470.0,0,2,0.0421443736730361,0.0
3098,1,0,0,0,7,1,0,0,0,0,0,0,0,0,0,0,3,43.9,278.4,0,0,0.1571224051539012,0.0
4251,1,0,0,0,26,1,2,1,0,0,0,2,0,0,0,1,2,80.5,2088.8,1,2,0.0385204325772801,966.0
1110,1,1,0,0,5,1,2,1,0,2,0,0,0,2,0,1,2,89.8,502.6,1,0,0.1783161239078633,1077.6
4787,1,1,0,0,30,1,2,1,2,0,0,0,0,2,0,1,1,90.5,2595.85,0,2,0.0348499143192714,0.0
5543,1,0,0,0,63,1,2,1,0,2,0,0,0,2,1,0,1,90.45,5825.5,0,3,0.0155238994250407,0.0
3010,1,0,0,0,1,1,0,0,0,2,0,0,0,0,0,1,2,50.75,50.75,1,0,0.9806763285024156,609.0
6804,0,0,0,1,53,1,2,0,0,2,2,2,2,2,1,1,2,84.6,4449.75,0,3,0.0190080323540976,0.0
1136,0,0,1,1,14,1,0,1,0,2,0,2,0,2,0,1,1,89.65,1208.35,1,1,0.0741307313846281,1075.8000000000002
1515,0,0,0,0,21,1,0,1,0,2,0,2,2,2,0,1,0,99.15,1956.4,0,1,0.0506539286809032,0.0
6933,1,0,0,0,17,1,0,2,1,1,1,1,1,1,1,0,3,19.95,310.6,0,1,0.0640243902439024,0.0
4748,1,0,1,1,16,1,0,2,1,1,1,1,1,1,2,0,3,20.5,290.55,0,1,0.0703138398216429,0.0
6330,0,0,0,0,35,1,0,0,0,0,2,0,0,2,0,1,2,62.1,2096.1,0,2,0.029612321777693,0.0
1176,0,1,0,0,32,1,0,1,0,0,0,0,0,2,0,1,2,79.5,2665.0,0,2,0.0298199549887471,0.0
4604,0,0,1,1,28,1,0,2,1,1,1,1,1,1,0,1,0,19.55,543.8,0,2,0.0358847283406754,0.0
3228,0,0,0,0,1,1,0,2,1,1,1,1,1,1,0,1,3,20.35,20.35,0,0,0.9531615925058547,0.0
6676,1,0,0,0,59,0,1,0,0,0,0,2,2,2,0,1,2,51.7,3005.8,0,3,0.017194359451909,0.0
1751,0,0,1,1,72,1,2,2,1,1,1,1,1,1,1,1,0,23.3,1623.15,0,3,0.0143459655819967,0.0
5328,1,0,0,0,36,1,0,0,0,2,0,2,0,2,1,1,3,65.4,2498.4,1,2,0.0261662799071777,784.8000000000001
3353,0,0,0,0,40,1,0,0,2,2,0,0,2,0,0,0,3,65.1,2586.0,0,2,0.0251642829532276,0.0
4302,1,0,1,1,40,1,2,1,0,0,2,0,0,0,0,1,2,81.2,3292.3,0,2,0.0246561200012145,0.0
160,0,0,0,1,9,1,0,0,0,0,2,2,2,2,0,1,3,72.9,651.4,1,0,0.1117412630288166,874.8000000000001
5573,1,0,1,1,63,1,0,0,2,2,2,2,2,0,2,0,1,74.5,4674.55,0,3,0.0159339542941472,0.0
4500,0,0,0,0,3,1,0,1,0,0,0,0,2,0,0,1,2,80.5,232.35,0,0,0.3449753589029355,0.0
1572,1,0,1,1,40,0,1,0,0,2,2,2,2,2,1,0,3,60.3,2448.5,0,2,0.0246172688303735,0.0
6715,1,0,1,0,8,1,0,1,2,0,0,0,0,0,0,1,3,75.0,658.1,0,0,0.1137915339098771,900.0
4171,1,1,1,0,34,1,0,1,2,0,0,2,2,0,1,0,3,90.15,3128.8,0,2,0.0288037574285896,0.0
6146,1,0,0,0,5,0,1,0,2,0,2,2,0,0,0,0,3,40.0,223.45,1,0,0.1782134105591445,480.0
4394,1,1,0,0,9,1,2,1,0,2,0,0,2,2,0,1,1,99.45,919.4,1,0,0.1080508474576271,1193.4
6784,1,0,1,0,9,1,2,0,0,2,2,0,0,2,0,1,1,69.05,653.95,0,0,0.10542789525918,0.0
6154,1,0,1,1,31,1,2,0,0,0,0,0,0,2,0,0,0,59.7,1825.5,0,2,0.0326854640021899,0.0
6634,0,0,1,0,50,1,0,2,1,1,1,1,1,1,1,1,0,19.85,943.1,0,3,0.0210253151149242,0.0
82,0,0,0,0,2,1,0,1,2,2,0,2,0,0,0,1,2,86.25,181.65,1,0,0.4722146181220914,1035.0
4335,0,0,0,0,1,1,0,0,0,0,0,0,0,0,0,1,2,45.65,45.65,1,0,0.9785637727759914,547.8
6705,1,0,0,0,8,1,0,1,0,0,0,0,0,0,0,1,3,70.1,551.35,1,0,0.1269122838779759,841.1999999999999
6357,0,0,0,0,9,0,1,0,0,2,0,0,0,2,0,0,2,40.75,359.4,0,0,0.1130688124306326,0.0
1548,0,1,0,0,2,1,0,1,0,0,0,0,0,0,0,1,0,70.2,115.95,1,0,0.6002565198802907,842.4000000000001
2551,0,0,0,0,3,1,0,0,2,2,0,0,0,0,0,0,2,55.35,165.2,1,0,0.3330324909747292,664.2
4976,1,0,1,0,25,1,0,1,0,0,0,2,2,2,0,1,1,95.7,2338.35,0,2,0.0409087994528394,0.0
4379,1,1,0,0,1,1,0,0,0,0,0,0,0,0,0,0,2,46.3,46.3,0,0,0.9788583509513742,0.0
5613,0,0,1,1,45,1,2,0,2,2,2,2,2,0,0,0,3,81.3,3541.1,0,2,0.0229524858135004,0.0
6072,1,1,1,1,51,1,2,1,0,2,2,0,0,0,0,1,2,84.2,4146.05,1,3,0.0203035892984169,1010.4000000000001
1063,0,0,1,1,55,1,0,2,1,1,1,1,1,1,0,0,1,20.0,1087.25,0,3,0.0183781300252699,0.0
2111,0,0,0,0,38,1,2,0,2,2,2,0,0,0,0,1,0,66.15,2522.4,0,2,0.0262146310533407,0.0
1037,1,0,0,0,2,1,0,0,0,0,0,0,0,0,0,0,3,45.85,81.0,1,0,0.5591463414634147,550.2
6544,1,0,1,1,38,1,0,2,1,1,1,1,1,1,0,0,2,19.6,717.3,0,2,0.0272866490324377,0.0
5774,1,0,0,0,34,1,0,0,0,2,0,0,0,0,0,1,2,49.8,1734.2,0,2,0.0286998616874135,0.0
1794,0,0,1,0,70,1,2,1,0,0,2,0,2,2,1,1,2,101.75,7069.3,0,3,0.0143911856639746,0.0
7027,0,0,0,0,13,1,0,0,2,0,0,2,0,0,1,0,3,55.15,742.9,0,1,0.0741363086436349,0.0
2240,1,0,0,0,39,1,2,1,0,0,0,0,0,0,0,0,2,75.25,3017.65,1,2,0.024928362016133,0.0
3121,0,0,0,0,61,1,2,1,0,2,2,0,2,2,1,1,2,103.95,6423.0,0,3,0.016181506849315,0.0
1787,0,0,0,0,12,1,2,1,0,0,2,0,2,2,0,1,0,100.15,1164.3,1,0,0.0859435338539432,1201.8000000000002
4028,1,0,0,0,41,1,0,1,0,2,0,2,2,2,2,1,1,99.65,4220.35,0,2,0.0236061923318369,0.0
334,1,0,0,0,21,1,2,1,0,0,0,0,0,0,0,1,2,73.7,1558.7,0,1,0.0472526767968199,0.0
1291,1,1,0,0,55,0,1,0,0,0,2,0,2,2,1,1,0,50.05,2743.45,0,3,0.0182368051886534,0.0
5694,1,0,1,0,69,0,1,0,2,0,2,2,2,2,2,0,0,60.25,4055.5,0,3,0.0148527055343276,0.0
4890,1,1,1,1,26,1,2,1,0,2,2,0,2,2,0,0,2,105.75,2710.25,1,2,0.0390041493775933,1269.0
6134,0,1,1,0,69,1,0,1,2,2,0,0,0,2,1,0,1,87.3,6055.55,0,3,0.0144141466676573,0.0
2331,0,1,1,0,18,0,1,0,0,0,2,0,2,2,0,1,2,48.35,810.7,1,1,0.0595663422446716,580.2
2241,1,0,1,1,47,1,2,0,0,2,0,0,0,0,0,0,2,54.25,2538.2,0,2,0.0213649968494013,0.0
4585,0,0,1,1,72,1,0,0,2,2,2,2,2,2,2,0,0,85.3,6129.2,0,3,0.0139147173012299,0.0
6585,1,1,1,0,33,0,1,0,0,2,2,2,2,0,0,1,2,50.0,1750.85,0,2,0.0285412563861061,0.0
2036,0,0,1,1,2,0,1,0,0,0,0,0,0,0,0,1,3,24.4,36.55,1,0,0.6498002663115846,292.79999999999995
2488,0,0,1,1,72,1,2,0,2,2,2,2,2,2,2,0,1,90.95,6652.45,0,3,0.0136695999819642,0.0
6905,1,1,1,0,37,1,0,1,0,0,0,0,0,0,0,1,0,72.25,2575.45,0,2,0.028042461526519,0.0
6708,0,1,1,1,62,1,2,1,0,2,2,0,0,2,0,1,1,96.1,6019.35,0,3,0.0159625270956007,0.0
1093,0,0,1,0,71,1,0,2,1,1,1,1,1,1,2,0,1,19.85,1379.6,0,3,0.0143778067506881,0.0
266,1,0,0,1,23,1,0,0,0,2,0,2,0,0,0,1,0,55.3,1284.2,0,1,0.0430283224400871,0.0
2261,0,0,0,0,16,1,0,2,1,1,1,1,1,1,1,0,3,20.1,296.15,0,1,0.0676426047450782,0.0
3668,1,0,0,0,9,1,0,0,2,0,2,2,2,0,0,1,3,69.5,653.25,0,0,0.1062285059228123,0.0
5320,1,0,1,1,17,1,2,2,1,1,1,1,1,1,2,1,3,25.15,412.6,0,1,0.0608075435203094,0.0
7026,0,0,0,0,4,1,0,2,1,1,1,1,1,1,0,0,0,20.95,85.5,1,0,0.2421965317919075,251.39999999999998
1874,0,1,1,0,1,1,0,0,2,0,0,0,0,0,0,1,2,49.55,49.55,1,0,0.980217606330366,594.5999999999999
1494,0,0,1,0,24,1,2,1,0,0,2,0,0,0,0,1,3,79.65,1928.7,0,1,0.0412758459864227,0.0
2720,0,1,0,0,1,1,0,1,0,0,0,0,0,0,0,1,2,71.25,71.25,0,0,0.986159169550173,0.0
2274,1,1,0,0,72,1,2,1,2,2,2,2,2,2,2,0,0,113.8,7845.8,0,3,0.0145027272263852,0.0
3751,0,0,1,0,72,1,2,2,1,1,1,1,1,1,2,0,2,24.55,1750.7,0,3,0.0140149568990123,0.0
4468,0,0,0,1,11,1,0,2,1,1,1,1,1,1,0,0,1,19.7,216.2,0,0,0.0906998158379373,0.0
2859,1,0,0,0,9,1,0,2,1,1,1,1,1,1,0,0,3,20.25,178.5,1,0,0.1128133704735376,243.0
5359,0,1,1,0,2,1,0,0,0,2,0,0,0,0,0,0,1,50.15,115.1,1,0,0.4319552110249784,0.0
345,0,1,1,0,60,1,2,1,0,0,2,0,2,2,1,1,1,100.5,6029.0,0,3,0.0166666666666666,0.0
1204,1,1,1,0,29,1,2,1,0,2,2,0,0,2,0,1,2,95.9,2745.2,1,2,0.0349209817201951,1150.8000000000002
329,0,0,0,0,49,1,0,0,0,0,2,2,2,2,2,1,0,74.45,3721.9,0,3,0.019997851137554,0.0
1428,0,1,0,0,30,1,2,1,0,2,2,0,2,2,0,1,2,104.1,3121.1,0,2,0.0333429422504083,0.0
6638,0,0,1,0,53,1,0,2,1,1,1,1,1,1,1,0,1,19.05,990.45,0,3,0.019214282112058,0.0
5833,1,0,0,1,39,1,2,2,1,1,1,1,1,1,2,0,3,25.0,1004.35,0,2,0.0248669617546128,0.0
1338,0,0,0,0,9,1,0,2,1,1,1,1,1,1,0,0,3,19.05,157.65,0,0,0.1200756381972896,0.0
6843,1,0,0,0,39,1,0,1,0,0,2,2,0,0,1,0,2,81.9,3219.75,0,2,0.0254288597376387,0.0
687,1,1,0,0,8,1,0,1,0,0,0,0,0,0,0,1,2,69.7,572.85,0,0,0.1214603119282042,0.0
6618,0,0,1,1,51,1,2,1,0,0,2,0,0,2,1,1,2,90.15,4554.85,0,3,0.0197877454262102,0.0
98,1,0,1,1,71,1,2,2,1,1,1,1,1,1,2,0,1,25.35,1847.55,0,3,0.0137134510832814,0.0
4035,1,1,0,0,71,1,2,2,1,1,1,1,1,1,2,1,3,24.65,1766.75,0,3,0.0139442794512798,0.0
2008,0,1,1,0,70,1,0,2,1,1,1,1,1,1,2,1,1,19.55,1462.05,0,3,0.013362496155292,0.0
412,0,1,0,0,1,0,1,0,0,0,0,0,0,0,0,0,2,25.25,25.25,1,0,0.961904761904762,303.0
5752,1,0,1,0,38,0,1,0,2,2,0,2,2,2,2,1,0,60.0,2193.2,0,2,0.0273448181569592,0.0
6175,0,0,1,0,28,1,0,1,0,2,2,0,0,2,0,0,1,89.9,2433.5,0,2,0.0369275005134524,0.0
4874,0,0,1,0,32,1,0,2,1,1,1,1,1,1,0,0,0,19.4,641.15,0,2,0.0302110098886553,0.0
2832,1,1,1,0,49,1,0,0,0,2,0,0,0,0,2,0,3,49.8,2398.4,0,3,0.0207551887971992,0.0
5980,0,0,1,1,37,1,2,2,1,1,1,1,1,1,2,1,0,24.1,861.85,0,2,0.0279306947905197,0.0
2514,0,0,0,0,10,1,0,0,0,0,2,2,0,0,0,0,2,54.25,583.0,0,0,0.0928938356164383,0.0
540,1,0,1,0,67,1,2,1,2,2,2,0,2,2,1,0,1,109.9,7332.4,0,3,0.0149862273979327,0.0
1547,1,0,0,0,7,0,1,0,0,0,2,2,0,0,1,1,1,35.5,249.55,0,0,0.1416882857713031,0.0
785,0,0,0,0,51,1,0,1,0,0,0,0,2,2,1,0,1,87.55,4475.9,0,3,0.0195559427282271,0.0
4538,0,0,0,0,9,1,0,0,0,0,0,0,0,0,0,0,2,45.15,416.45,1,0,0.1081566654689184,541.8
3227,0,0,0,0,9,1,0,1,0,0,0,0,2,2,0,1,3,88.4,788.6,0,0,0.1119554204660587,0.0
4428,1,0,0,0,4,1,0,0,0,0,0,2,0,0,0,1,3,50.8,202.3,0,0,0.2498770290211509,0.0
1057,1,0,1,0,71,1,2,1,2,2,2,0,2,0,2,1,2,99.0,6994.6,0,3,0.0141517525301618,0.0
2229,0,0,1,1,50,1,2,1,0,0,0,0,2,0,0,1,0,84.4,4116.15,1,3,0.0204996174538212,1012.8000000000001
5549,0,1,1,1,24,1,0,1,0,0,2,0,2,2,2,1,2,96.55,2263.45,0,1,0.0426372849919406,0.0
933,1,0,1,0,22,1,0,0,2,0,0,0,2,0,1,1,0,59.75,1374.35,0,1,0.0434434871123714,0.0
1768,1,0,0,0,44,1,2,1,2,2,2,0,2,2,0,1,2,111.5,4915.15,0,2,0.0226803494604517,0.0
3856,0,0,1,1,33,1,2,2,1,1,1,1,1,1,0,0,0,24.25,838.5,0,2,0.0288862418106015,0.0
6223,0,0,0,0,1,1,2,1,0,0,0,0,0,0,0,1,2,75.1,75.1,1,0,0.9868593955321944,901.1999999999999
6588,0,0,1,0,54,1,2,0,0,0,0,0,2,2,1,1,1,70.15,3715.65,1,3,0.0188745241010049,841.8000000000001
1167,1,0,0,0,42,1,2,1,0,2,0,0,2,2,0,1,2,101.75,4273.45,1,2,0.023804232123431,1221.0
5548,0,0,0,0,1,1,0,0,0,0,0,0,0,0,0,0,2,45.8,45.8,1,0,0.9786324786324786,549.5999999999999
6854,0,0,0,0,1,1,0,2,1,1,1,1,1,1,0,0,3,20.5,20.5,0,0,0.9534883720930232,0.0
1624,1,0,0,0,30,1,0,0,2,2,0,2,2,0,1,0,2,70.4,2044.75,0,2,0.0344128070389832,0.0
4719,0,0,0,0,1,0,1,0,0,0,0,2,0,0,0,0,3,30.55,30.55,0,0,0.9683042789223456,0.0
4577,1,0,1,1,16,1,2,0,2,2,0,2,2,2,0,0,2,84.9,1398.25,0,1,0.0606753618009648,0.0
855,1,0,0,0,1,1,0,2,1,1,1,1,1,1,0,1,3,20.1,20.1,1,0,0.95260663507109,241.20000000000002
568,1,0,1,0,9,0,1,0,0,0,0,2,2,0,0,0,3,40.65,328.95,1,0,0.1232004849219578,487.79999999999995
3086,1,1,1,0,46,1,2,1,0,0,2,0,2,2,0,1,2,101.0,4680.05,1,2,0.0215763557321541,1212.0
2595,1,0,0,0,1,1,0,1,0,0,0,0,0,0,0,1,2,69.1,69.1,1,0,0.985734664764622,829.1999999999999
5451,1,0,1,0,71,1,0,0,2,0,0,2,0,0,2,0,0,54.5,3778.2,0,3,0.0144210414902624,0.0
1959,1,0,0,0,43,1,2,1,0,0,0,0,0,0,0,1,1,75.35,3161.4,0,2,0.0238268403743991,0.0
5139,1,0,1,0,50,0,1,0,2,0,0,2,2,0,1,1,0,44.45,2188.45,0,3,0.0203019023042316,0.0
4163,0,0,0,0,13,1,2,1,0,0,0,0,0,0,0,1,3,75.0,999.45,1,1,0.0749662651806686,900.0
4849,1,0,1,1,19,1,0,1,0,2,0,2,2,2,1,0,0,100.0,1888.65,1,1,0.0529198528828089,0.0
3767,0,0,0,0,41,1,2,1,0,0,2,0,2,2,0,0,0,98.05,3990.6,0,2,0.0245640845776129,0.0
6659,0,1,0,0,1,1,0,1,0,0,0,0,0,0,0,1,2,71.15,71.15,1,0,0.986139986139986,853.8000000000001
4279,0,0,0,0,24,0,1,0,0,2,2,0,2,2,0,1,1,54.15,1240.25,1,1,0.0436253776435045,649.8
1456,0,0,1,0,40,1,2,0,0,2,0,0,2,0,1,0,0,63.9,2635.0,0,2,0.0242412746585735,0.0
5085,0,0,1,1,3,1,2,0,0,2,2,0,2,0,0,1,0,69.15,235.0,0,0,0.2930084745762712,0.0
4996,0,0,0,0,37,1,2,0,2,0,0,0,2,0,1,0,0,64.65,2347.85,0,2,0.0275241075419886,0.0
789,0,0,1,1,67,1,2,1,2,0,2,2,2,2,2,1,1,108.75,7156.2,1,3,0.0151944894651539,1305.0
4308,0,0,1,1,32,1,2,1,0,2,0,0,2,2,0,1,2,98.85,3089.6,0,2,0.0319840807610172,0.0
2189,0,0,1,0,6,1,0,0,0,0,0,2,0,0,0,1,2,49.15,270.8,1,0,0.180831493745401,589.8
3382,0,0,1,1,32,1,2,1,2,0,0,0,2,0,0,0,2,89.6,2901.8,0,2,0.0308667493454595,0.0
5210,0,0,0,0,59,1,2,1,0,2,2,0,0,0,0,1,2,83.25,4949.1,0,3,0.0168178420637966,0.0
782,0,0,1,0,30,1,0,0,0,2,2,2,0,2,1,0,0,70.25,2198.9,0,2,0.031933269694077,0.0
3975,1,0,0,1,20,1,0,2,1,1,1,1,1,1,0,1,2,19.4,374.5,1,1,0.051664447403462,232.79999999999998
2683,0,0,1,1,27,1,2,2,1,1,1,1,1,1,2,0,2,24.5,761.95,0,2,0.0321121960810013,0.0
3380,0,1,0,0,20,1,2,1,2,0,0,0,0,0,0,1,2,79.15,1520.9,1,1,0.0520073592220251,949.8000000000001
6656,1,0,0,1,9,1,0,2,1,1,1,1,1,1,1,0,3,20.1,190.25,0,0,0.1050980392156862,0.0
2952,0,0,1,1,68,1,2,0,2,2,2,0,2,0,1,1,1,73.0,5163.0,0,3,0.0141363284275755,0.0
6487,0,0,1,1,69,1,2,0,2,0,0,2,0,0,2,0,1,61.4,4059.85,0,3,0.0151199871947991,0.0
3513,1,0,0,0,26,1,2,1,0,0,2,2,0,0,0,1,3,84.3,2281.6,0,2,0.036931569263121,0.0
6703,1,0,1,1,69,1,0,2,1,1,1,1,1,1,2,0,0,19.9,1356.7,0,3,0.0146571407527436,0.0
4749,1,0,0,0,11,1,0,2,1,1,1,1,1,1,2,0,3,20.4,231.45,0,0,0.0877608087760808,0.0
1426,1,0,0,0,1,1,2,0,0,0,0,0,0,0,0,0,3,50.75,50.75,0,0,0.9806763285024156,0.0
2609,1,0,1,1,10,1,0,2,1,1,1,1,1,1,1,0,3,20.45,242.4,0,0,0.0840180772391125,0.0
3430,0,0,1,1,55,1,2,0,2,2,0,2,0,2,1,1,0,75.75,4264.25,0,3,0.0177598030596096,0.0
6484,1,0,0,0,44,1,0,0,2,0,0,2,2,0,1,0,2,65.4,2774.55,0,2,0.0235628974437498,0.0
4933,1,1,1,0,46,1,0,1,0,0,0,0,0,2,0,1,2,80.4,3605.2,1,2,0.022294936498253,964.8000000000001
5183,1,0,1,1,69,1,0,0,2,2,2,0,0,0,2,1,0,59.75,4069.9,0,3,0.0146773440762484,0.0
3744,1,1,0,0,11,1,0,1,0,0,0,0,0,2,0,1,2,78.5,874.2,0,0,0.0896937842778793,0.0
4737,0,0,1,0,11,1,2,1,0,2,0,0,2,2,0,1,2,102.0,1145.35,1,0,0.0889780608016748,1224.0
446,1,0,0,0,29,1,0,0,0,0,2,0,0,0,0,0,0,48.95,1323.7,0,2,0.0369517626632445,0.0
5991,0,0,1,0,57,1,2,1,2,0,0,0,2,2,0,1,2,99.65,5497.05,0,3,0.0181246078154982,0.0
4832,1,0,0,0,28,1,0,2,1,1,1,1,1,1,1,0,1,18.25,534.7,0,2,0.0340675751353369,0.0
753,0,0,0,0,42,1,0,0,2,0,2,0,0,0,0,0,1,54.55,2455.05,0,2,0.0222104598847743,0.0
1957,0,0,0,0,2,1,0,2,1,1,1,1,1,1,0,0,3,20.65,38.7,1,0,0.5201511335012594,247.79999999999998
5904,1,0,0,1,23,0,1,0,2,2,0,2,0,0,1,0,0,40.65,947.4,0,1,0.0428616617460986,0.0
4975,0,0,1,1,18,1,0,2,1,1,1,1,1,1,0,0,3,20.45,357.0,0,1,0.0571229050279329,0.0
3683,1,0,1,1,62,1,2,2,1,1,1,1,1,1,1,0,0,24.8,1476.25,0,3,0.0167879505838551,0.0
661,0,0,0,0,1,1,0,1,0,0,0,0,0,0,0,1,3,70.8,70.8,1,0,0.9860724233983288,849.5999999999999
1322,1,0,0,0,16,1,2,1,0,0,0,2,0,2,0,1,1,89.05,1448.6,1,1,0.0614307395143487,1068.6
6382,0,0,0,0,3,1,2,1,0,0,0,0,2,2,0,1,2,96.6,291.9,1,0,0.3298053943325367,1159.1999999999998
4496,1,0,0,0,67,1,2,0,2,2,2,2,2,2,1,1,0,88.8,5903.15,0,3,0.0150402682858667,0.0
2532,1,0,0,0,62,1,0,2,1,1,1,1,1,1,2,1,1,20.05,1201.65,0,3,0.0166715170664781,0.0
4804,0,0,1,0,57,1,2,1,0,2,2,0,2,2,0,1,1,104.5,5921.35,1,3,0.0176450226683664,1254.0
2005,1,0,0,0,2,1,0,1,0,0,0,0,0,0,0,1,2,69.8,146.65,0,0,0.4727395868608194,0.0
2145,0,0,1,1,23,1,2,0,2,0,2,2,2,0,2,1,0,77.15,1759.4,0,1,0.0438252669847761,0.0
107,0,0,0,1,25,0,1,0,2,0,0,2,0,0,2,0,0,35.05,844.45,0,2,0.0414572121355491,0.0
5066,0,1,0,0,72,1,2,1,0,2,2,2,2,2,2,1,0,108.1,7774.05,0,3,0.0139034475662535,0.0
2431,0,0,1,0,2,1,2,1,0,0,0,0,2,0,0,1,2,84.05,134.05,0,0,0.6223620881155127,0.0
2025,0,0,0,0,8,1,0,2,1,1,1,1,1,1,1,1,0,20.2,140.95,0,0,0.1423036280380415,0.0
6057,0,0,0,0,5,1,2,0,0,0,0,0,0,0,0,1,3,50.6,249.95,1,0,0.2016337915919506,607.2
3485,1,0,0,0,35,0,1,0,0,0,2,0,2,2,0,0,2,49.2,1701.65,0,2,0.0288961324993392,0.0
4085,1,0,0,0,24,1,2,2,1,1,1,1,1,1,1,0,2,24.6,592.65,0,1,0.0414385580729386,0.0
342,0,0,1,1,2,1,0,1,0,0,0,0,0,0,0,1,2,71.65,135.75,0,0,0.5239488117001828,0.0
2073,1,0,1,1,72,1,2,1,2,2,2,2,0,2,2,1,1,104.9,7732.65,0,3,0.0135640997459155,0.0
6911,0,0,0,0,41,1,2,1,2,2,2,2,2,0,0,1,2,106.5,4282.4,0,2,0.024863426250175,0.0
1646,1,0,0,1,4,1,0,0,2,0,0,0,0,0,0,0,2,49.35,219.65,1,0,0.2236573759347382,592.2
6369,1,0,0,0,26,1,0,1,0,2,0,0,0,0,1,0,0,75.5,2018.1,0,2,0.0373928978257639,0.0
1811,1,0,0,0,7,1,0,1,0,2,0,0,2,2,0,1,2,94.25,669.0,1,0,0.1406716417910447,1131.0
3364,0,0,1,0,1,1,0,1,0,0,0,0,0,0,0,1,2,68.95,68.95,1,0,0.9857040743388136,827.4000000000001
1058,0,0,1,1,4,1,2,0,0,2,0,2,0,0,0,1,3,58.5,224.85,0,0,0.2590214744299314,0.0
4481,1,0,0,0,48,1,0,0,0,2,2,2,2,2,2,0,1,78.9,3771.5,0,2,0.0209145129224652,0.0
3079,1,1,0,0,2,1,2,1,0,0,0,0,2,2,0,1,2,93.85,196.75,1,0,0.4745891276864727,1126.1999999999998
3073,0,1,1,0,12,1,0,0,2,0,2,2,2,2,1,1,2,79.2,943.85,0,0,0.0838228290204794,0.0
1731,1,0,1,0,60,1,2,1,2,0,2,2,2,2,0,1,0,109.45,6572.85,0,3,0.0166492998775451,0.0
280,1,0,0,0,55,1,0,0,2,0,2,2,0,0,2,1,2,59.2,3175.85,0,3,0.0186348112123644,0.0
1226,1,0,0,0,1,0,1,0,0,0,0,2,0,0,0,0,3,29.15,29.15,0,0,0.966832504145937,0.0
5035,1,0,0,0,1,1,0,2,1,1,1,1,1,1,0,0,3,20.05,20.05,0,0,0.9524940617577196,0.0
5976,1,0,0,0,4,1,2,1,0,0,0,0,0,0,0,1,2,76.05,318.9,1,0,0.2377305407939981,912.5999999999999
6443,1,0,0,0,1,0,1,0,0,0,0,0,0,0,0,1,3,24.45,24.45,1,0,0.9607072691552064,293.4
3209,0,0,0,0,42,1,0,0,0,0,2,2,0,2,2,0,1,66.5,2762.75,0,2,0.0240615106286748,0.0
6272,0,0,0,0,1,1,0,0,2,0,0,0,0,0,0,0,0,49.55,49.55,0,0,0.980217606330366,0.0
5285,1,0,0,0,7,1,2,1,0,0,2,0,2,0,0,1,1,89.35,631.85,1,0,0.1411866951094256,1072.1999999999998
6067,1,0,0,0,3,1,0,1,0,0,2,0,0,0,0,1,1,73.6,232.5,0,0,0.315203426124197,883.1999999999999
6591,0,0,1,0,72,1,2,0,2,2,2,0,2,2,2,1,1,82.65,5919.35,0,3,0.0139603232916972,0.0
292,1,0,0,0,15,1,2,0,0,0,0,0,0,0,0,1,2,49.0,749.25,0,1,0.0653115628123958,0.0
2052,1,0,1,0,4,1,0,1,0,0,0,0,2,0,0,1,2,80.35,307.4,1,0,0.260538261997406,964.1999999999999
4727,0,0,0,0,11,1,2,2,1,1,1,1,1,1,1,0,2,25.2,245.15,0,0,0.1023765996343692,0.0
1224,0,0,0,0,5,1,2,2,1,1,1,1,1,1,0,0,3,25.45,134.75,0,0,0.1874769797421731,0.0
2942,0,1,0,0,1,1,0,0,2,0,2,0,0,0,0,1,2,55.8,55.8,1,0,0.9823943661971832,669.5999999999999
6565,1,0,1,0,72,1,2,1,2,0,2,2,2,2,2,1,1,110.9,8240.85,0,3,0.0134557168596856,0.0
2465,0,0,1,0,55,1,2,1,0,2,0,0,0,0,0,1,1,77.75,4266.4,0,3,0.0182195247691803,0.0
1442,0,0,1,1,40,1,2,2,1,1,1,1,1,1,0,1,2,26.2,1077.5,0,2,0.0242929995363931,0.0
4106,0,0,1,0,57,1,0,2,1,1,1,1,1,1,2,0,0,19.9,1115.6,0,3,0.0178219595199713,0.0
4215,1,0,0,0,1,1,0,1,0,0,0,0,2,0,0,1,2,79.05,79.05,1,0,0.9875078076202374,948.5999999999999
468,1,0,1,0,1,1,0,1,2,0,0,0,2,2,0,1,2,95.0,95.0,1,0,0.9895833333333334,1140.0
5863,0,0,0,0,1,0,1,0,0,0,0,0,0,0,0,0,3,25.2,25.2,1,0,0.9618320610687024,302.4
902,1,1,1,1,52,1,2,0,0,2,2,0,2,2,1,1,2,80.85,4079.55,0,3,0.0198135055323424,0.0
1262,1,1,0,0,41,1,2,1,0,0,2,0,2,2,0,1,2,98.4,4187.75,1,2,0.0234914950760966,1180.8000000000002
4940,1,0,1,0,43,1,0,0,0,0,0,0,2,0,1,1,3,56.35,2391.15,0,2,0.0235562151202892,0.0
3321,0,0,1,1,47,1,0,2,1,1,1,1,1,1,2,0,0,19.3,890.5,0,2,0.0216489063376332,0.0
6775,1,0,0,0,3,1,2,0,0,0,0,0,0,0,0,0,0,50.4,137.25,0,0,0.3645569620253164,0.0
6083,1,1,1,1,66,1,2,0,2,2,2,2,2,0,2,0,1,79.4,5154.6,1,3,0.0154007293040577,952.8000000000001
918,1,0,1,1,55,1,0,0,0,0,2,2,0,0,2,1,1,55.25,3119.9,0,3,0.0177032266333429,0.0
6259,1,0,0,0,29,1,0,2,1,1,1,1,1,1,1,0,3,19.1,529.5,0,2,0.0360037700282752,0.0
6211,0,0,0,1,12,1,2,1,0,0,0,0,2,0,0,1,2,84.05,966.55,0,0,0.0868688956643067,0.0
1016,0,0,1,0,66,1,2,1,0,2,2,0,2,2,0,1,2,105.2,6936.85,0,3,0.0151631989737454,0.0
3494,1,1,0,0,35,1,2,1,0,0,2,0,2,2,0,1,2,101.4,3496.3,1,2,0.0289937952134503,1216.8000000000002
5912,1,1,1,0,10,1,2,1,0,0,2,0,0,2,0,1,2,89.8,914.3,1,0,0.0981099093193488,1077.6
39,1,0,1,1,27,1,2,1,0,0,0,0,0,0,0,1,0,75.75,1929.0,0,2,0.0392487046632124,0.0
1642,0,0,0,0,58,1,0,1,0,0,0,2,2,2,0,1,2,95.3,5817.7,0,3,0.0163782288139962,0.0
1170,1,0,1,0,54,1,0,1,2,2,2,2,2,2,2,0,0,109.75,6110.2,1,3,0.0179588296897499,1317.0
196,1,0,0,0,9,1,0,2,1,1,1,1,1,1,0,0,3,19.85,178.8,0,0,0.1104004449388209,0.0
4666,1,0,0,0,2,1,0,2,1,1,1,1,1,1,1,0,1,19.3,28.3,1,0,0.658703071672355,231.60000000000002
2408,1,0,0,0,6,1,0,1,0,0,0,0,0,0,0,1,2,69.1,435.0,0,0,0.15848623853211,0.0
4759,0,1,0,0,26,1,0,1,0,0,0,0,2,2,0,1,2,91.25,2351.8,1,2,0.0387835770146208,1095.0
4442,0,0,0,0,9,1,0,2,1,1,1,1,1,1,0,0,3,20.25,186.15,0,0,0.1082019770237777,0.0
2979,1,0,1,0,8,1,0,0,0,2,2,0,0,0,0,1,3,54.75,445.85,0,0,0.1225243370258476,0.0
1040,1,0,0,0,12,1,0,1,0,0,0,0,2,0,0,1,2,81.45,912.0,0,0,0.0892113910186199,0.0
6066,0,0,0,0,15,1,2,0,0,0,0,0,0,0,0,1,2,49.1,679.55,1,1,0.0721475277349203,589.2
5575,1,0,1,0,43,1,2,0,2,0,2,0,2,2,1,1,2,80.2,3581.6,0,2,0.0223859766649919,0.0
1922,1,0,0,0,42,1,2,1,0,0,0,2,2,2,0,1,2,100.3,4222.95,0,2,0.0237455462304241,0.0
2031,0,0,0,0,31,1,2,0,2,0,2,2,0,0,0,0,1,65.25,1994.3,1,2,0.032701849345963,783.0
5645,0,0,0,1,66,1,2,1,2,0,2,2,0,0,2,1,1,90.95,5930.05,0,3,0.015334552903786,0.0
4172,0,1,0,0,18,1,2,1,0,2,0,2,0,0,0,1,2,85.45,1505.85,1,1,0.0567077014964993,1025.4
5461,1,0,0,0,1,1,0,2,1,1,1,1,1,1,0,0,3,20.0,20.0,0,0,0.9523809523809524,0.0
1738,1,0,1,0,61,1,2,1,0,2,0,2,2,0,2,1,2,94.1,5638.3,1,3,0.0166864681786746,1129.1999999999998
6868,1,0,0,0,10,1,2,1,0,2,0,0,0,0,0,0,2,79.85,797.25,0,0,0.1000313185092389,0.0
6092,1,1,0,0,1,1,0,1,0,0,0,0,0,0,0,1,2,71.65,71.65,1,0,0.9862353750860288,859.8000000000001
442,0,1,0,0,18,1,0,1,0,2,0,0,0,0,0,1,2,73.55,1359.45,0,1,0.0540629938623249,0.0
6075,1,0,1,0,24,1,2,1,0,2,2,0,2,2,0,1,2,104.65,2542.45,1,1,0.0411449016100178,1255.8000000000002
5518,0,0,1,1,3,1,0,2,1,1,1,1,1,1,0,0,3,19.3,54.7,0,0,0.3464991023339318,0.0
6752,1,0,0,0,50,1,0,2,1,1,1,1,1,1,1,0,1,20.15,989.05,0,3,0.0203525074491187,0.0
2009,1,0,1,1,1,1,0,0,0,0,0,0,0,0,0,0,2,44.55,44.55,0,0,0.9780461031833152,0.0
2522,1,0,0,0,2,1,0,0,2,0,0,2,0,0,0,1,3,54.45,87.3,0,0,0.6166477916194791,0.0
6041,1,0,0,0,17,1,0,2,1,1,1,1,1,1,1,1,0,19.65,351.55,0,1,0.0557367749255424,0.0
4839,1,0,1,1,69,1,2,1,0,2,2,0,2,2,2,1,2,105.0,7297.75,0,3,0.0143860250042815,0.0
4751,1,0,1,0,72,1,2,0,2,2,2,2,2,2,2,1,1,88.7,6301.7,0,3,0.0140733336506576,0.0
6541,0,0,0,0,3,1,2,1,0,0,0,0,0,0,0,1,2,74.25,210.3,1,0,0.3513961192617131,891.0
3001,1,1,1,1,50,1,2,0,2,2,2,0,0,2,2,1,0,75.15,3822.45,0,3,0.0196550236043364,0.0
6679,0,0,0,0,53,1,0,2,1,1,1,1,1,1,2,0,3,20.25,1048.45,0,3,0.019295821620849,0.0
6228,0,0,1,0,58,1,2,1,2,2,0,2,2,2,2,1,1,109.1,6393.65,0,3,0.0170611370442479,0.0
4370,1,0,0,0,46,0,1,0,2,0,0,0,0,0,1,1,0,30.75,1489.3,0,2,0.0206334295108367,0.0
6653,1,1,1,0,72,1,2,1,2,2,2,2,2,2,0,1,1,112.9,8061.5,0,3,0.0140031007751937,0.0
1235,0,1,0,0,1,1,2,1,0,0,0,0,0,0,0,1,2,74.2,74.2,1,0,0.9867021276595744,890.4000000000001
4344,0,0,1,1,6,1,2,1,0,2,2,0,2,0,0,1,3,94.05,518.75,0,0,0.1809523809523809,0.0
6389,1,0,1,0,72,1,2,0,2,2,2,2,0,2,2,0,0,78.85,5763.15,0,3,0.0136793803075908,0.0
4531,1,0,0,0,4,1,0,0,0,0,0,0,0,2,0,1,3,55.3,238.5,0,0,0.2308977035490605,0.0
2521,0,0,1,1,52,1,0,2,1,1,1,1,1,1,2,0,3,19.35,1031.7,0,3,0.0187372905974629,0.0
4866,0,0,0,0,2,1,0,2,1,1,1,1,1,1,1,0,3,20.45,34.8,0,0,0.5712290502793297,0.0
6169,0,0,1,0,65,1,0,2,1,1,1,1,1,1,2,0,0,19.35,1319.95,0,3,0.0146485483932018,0.0
5927,1,1,1,0,43,1,2,1,0,2,0,0,2,2,0,1,2,101.0,4388.4,1,2,0.0230099785847724,1212.0
1817,1,0,1,0,4,1,2,1,0,2,0,0,2,2,0,1,2,100.2,420.2,1,0,0.2378917378917379,1202.4
4923,1,1,1,0,25,1,2,1,2,0,0,0,0,2,1,1,2,89.05,2177.45,1,2,0.0408776882645918,1068.6
3219,0,0,1,0,51,1,2,0,0,2,0,2,2,2,1,1,1,78.65,3950.85,0,3,0.0199020711818515,0.0
6463,1,0,0,0,12,1,2,0,0,0,2,0,2,2,0,0,0,74.75,827.05,0,0,0.090272326550329,0.0
1599,0,0,1,1,57,1,0,0,2,0,0,0,2,2,1,1,0,70.1,3913.3,1,3,0.0179086937638913,841.1999999999999
5810,0,0,1,1,24,1,0,2,1,1,1,1,1,1,1,0,3,19.9,533.5,0,1,0.0372310570626754,0.0
4868,0,0,1,0,64,1,2,0,0,0,2,2,0,0,1,0,0,58.35,3756.45,0,3,0.0155291487578011,0.0
2755,0,0,0,0,4,1,0,1,0,2,2,2,2,2,1,1,2,105.65,443.9,1,0,0.2374690941784671,1267.8000000000002
5469,0,0,0,0,26,1,2,1,0,0,2,0,2,2,0,1,0,100.5,2599.95,0,2,0.0386397277917683,0.0
5937,0,0,1,1,15,1,0,2,1,1,1,1,1,1,0,0,3,20.05,284.3,0,1,0.0702769015071854,0.0
732,1,1,1,0,64,1,2,2,1,1,1,1,1,1,2,0,1,25.65,1740.8,0,3,0.0147261453668618,0.0
2831,1,1,1,0,36,1,2,1,0,2,0,0,2,2,0,1,2,96.5,3436.1,1,2,0.0280759942975182,0.0
816,0,0,1,0,27,1,2,1,0,0,0,0,2,2,0,0,1,95.0,2462.55,0,2,0.038562237421607,0.0
550,1,1,1,0,1,1,0,1,0,0,0,0,0,0,0,0,3,70.85,70.85,1,0,0.9860821155184412,850.1999999999999
2511,0,0,0,0,35,1,2,0,2,0,2,2,2,2,1,1,1,85.95,3110.1,1,2,0.0276268843817299,1031.4
2,1,0,0,0,4,1,0,1,0,0,2,0,0,0,0,1,2,73.9,280.85,1,0,0.2621962036544261,886.8000000000001
1200,0,0,1,1,8,1,0,0,0,0,0,0,0,0,0,1,2,45.45,411.75,0,0,0.110115081768625,0.0
5973,1,0,0,0,10,1,0,2,1,1,1,1,1,1,0,1,1,20.0,198.6,0,0,0.1002004008016032,0.0
6214,0,0,0,0,2,1,0,0,0,2,0,0,0,0,0,0,3,49.2,103.7,0,0,0.4699140401146132,0.0
3581,0,0,1,0,58,1,2,1,2,2,2,0,2,2,2,1,0,109.45,6144.55,1,3,0.0178096346136635,1313.4
4543,1,0,1,0,51,1,0,0,2,2,2,2,2,2,2,1,1,83.25,4089.45,0,3,0.0203522839785353,0.0
117,0,0,1,1,46,1,0,2,1,1,1,1,1,1,2,1,3,19.25,864.2,0,2,0.0222491909385113,0.0
5172,1,0,0,0,1,1,0,2,1,1,1,1,1,1,0,1,0,19.65,19.65,0,0,0.9515738498789348,0.0
5057,1,0,0,0,46,1,2,1,0,0,0,0,0,0,0,0,0,72.8,3249.4,0,2,0.0223972434161949,0.0
144,0,0,1,0,50,1,2,1,2,2,0,2,2,2,0,1,0,109.65,5405.8,0,3,0.0202800177554191,0.0
5453,1,0,1,1,53,1,0,0,0,2,0,2,2,0,0,0,1,65.0,3363.8,0,3,0.0193176414645744,0.0
4756,1,0,1,0,61,1,2,1,0,2,2,2,2,2,0,1,2,114.1,7132.15,0,3,0.0159957382082249,0.0
2564,1,0,0,0,5,1,0,2,1,1,1,1,1,1,0,0,0,20.65,93.55,0,0,0.2184029613960867,0.0
571,1,0,0,0,47,1,0,0,2,2,2,2,2,2,1,1,0,86.95,4138.9,0,2,0.0210029227759124,0.0
1178,0,0,0,0,54,1,2,1,0,2,2,0,2,0,1,1,0,94.75,5121.75,0,3,0.0184959250402615,0.0
6941,1,0,0,1,19,0,1,0,0,0,0,0,0,0,0,1,1,25.35,566.1,0,1,0.0447011109151825,0.0
320,0,0,0,1,26,1,0,1,0,2,2,2,2,2,2,1,2,105.45,2715.3,0,2,0.038821190590141,0.0
4131,1,0,1,1,70,1,2,2,1,1,1,1,1,1,2,0,3,25.4,1782.05,0,3,0.0142452539188469,0.0
237,1,0,1,0,17,1,2,1,0,2,2,0,2,2,0,1,2,102.55,1742.5,0,1,0.0588184685976484,0.0
3378,0,0,0,0,30,1,2,1,0,2,0,0,2,2,0,1,2,100.2,2983.8,1,2,0.0335700884481372,1202.4
4037,0,0,0,1,1,1,2,2,1,1,1,1,1,1,0,0,3,24.0,24.0,0,0,0.96,0.0
2178,0,0,1,1,19,1,2,2,1,1,1,1,1,1,2,0,3,25.6,485.9,0,1,0.0525775313205997,0.0
3465,0,0,1,0,26,1,0,0,0,2,2,0,2,2,2,1,1,73.5,1905.7,0,2,0.0385482771280222,0.0
962,0,0,1,1,21,1,0,1,0,2,0,0,0,0,0,1,0,74.05,1565.7,1,1,0.0472649518095359,0.0
938,1,0,1,0,50,1,2,1,0,2,0,0,2,2,1,1,2,98.25,4858.7,0,3,0.0202172973640348,0.0
756,0,0,1,0,68,0,1,0,2,0,2,0,2,2,1,1,2,54.4,3723.65,0,3,0.0146053991650222,0.0
3755,1,0,0,0,3,1,2,1,0,0,2,0,2,2,0,1,0,101.55,298.35,1,0,0.3392350091865708,1218.6
1355,1,0,1,1,9,1,0,1,0,0,2,2,2,2,0,0,2,103.1,970.45,0,0,0.1061300118379741,0.0
5207,0,0,1,1,51,0,1,0,2,0,0,2,0,0,2,0,0,34.2,1782.0,0,3,0.0191811553561413,0.0
3181,0,0,0,0,9,1,0,0,0,0,0,0,0,0,0,1,2,43.75,405.7,0,0,0.1075731497418244,0.0
1653,1,1,1,1,41,1,2,1,0,2,2,2,2,2,1,1,2,111.95,4534.9,1,2,0.0246808792080954,0.0
5232,1,0,0,0,22,1,2,1,0,2,0,0,2,2,0,1,2,100.65,2415.95,0,1,0.0416433935331719,1207.8000000000002
2006,0,0,1,1,21,0,1,0,2,0,2,0,2,2,1,1,2,55.95,1157.05,1,1,0.0483139760804801,0.0
1511,1,0,1,1,71,1,2,1,2,2,2,2,2,2,2,1,0,116.05,8297.5,0,3,0.0139844550219919,0.0
5218,1,0,0,0,1,1,0,0,0,0,0,0,0,0,0,0,2,45.75,45.75,1,0,0.9786096256684492,549.0
6644,1,0,1,1,26,1,2,0,0,0,2,2,2,2,1,1,1,82.0,2083.1,0,2,0.0393455208483278,0.0
1471,1,0,1,0,71,1,2,0,2,2,0,2,0,0,2,0,0,65.15,4681.75,0,3,0.0139127649351342,0.0
6562,1,0,0,0,4,1,0,0,0,0,0,0,0,0,0,1,1,44.8,176.2,0,0,0.2528216704288939,0.0
5751,0,0,0,0,12,1,2,1,2,0,0,0,0,0,0,1,2,79.8,1001.2,0,0,0.0796248253841548,0.0
3140,0,0,1,0,18,1,2,1,0,0,0,2,2,0,0,1,2,88.85,1594.75,0,1,0.0556791477361742,0.0
2864,0,0,0,0,3,1,2,1,0,0,0,0,0,0,0,1,2,74.95,212.4,0,0,0.3512183692596063,899.4000000000001
2659,0,1,1,0,72,1,2,1,2,2,0,0,2,2,1,1,0,106.85,7677.4,0,3,0.0139156595123984,0.0
3129,1,0,0,0,11,1,0,1,0,2,0,0,0,0,0,0,2,74.95,815.5,1,0,0.0917942437232088,899.4000000000001
4305,0,0,0,0,1,1,0,1,0,0,0,0,0,2,0,0,1,80.15,80.15,1,0,0.9876771410967344,961.8000000000001
1771,1,0,0,0,13,1,0,2,1,1,1,1,1,1,1,0,1,19.3,259.65,0,1,0.0740456550930366,0.0
2724,0,0,1,0,72,1,2,1,0,2,2,2,2,2,1,1,2,109.25,8109.8,1,3,0.0134696947280169,1311.0
5661,1,0,1,0,42,1,2,0,2,0,0,0,0,0,1,0,1,56.1,2386.85,0,2,0.023493938061436,0.0
2688,0,0,0,0,17,1,0,2,1,1,1,1,1,1,0,0,1,19.7,340.35,0,1,0.0577120257799912,0.0
4104,0,1,0,0,7,1,0,0,0,2,0,0,0,0,0,1,3,51.3,419.35,0,0,0.1220411561793743,0.0
4237,0,0,1,0,68,1,2,1,2,2,2,2,2,2,2,0,3,118.6,7990.05,0,3,0.0148416040445248,0.0
3502,1,0,1,1,56,1,2,2,1,1,1,1,1,1,2,0,0,24.15,1402.25,0,3,0.0172100481026189,0.0
6048,0,0,1,1,38,1,0,2,1,1,1,1,1,1,1,0,3,20.3,749.35,0,2,0.0270540414473245,0.0
5676,0,0,1,1,72,1,2,1,2,2,2,2,2,2,2,1,2,115.5,8425.15,0,3,0.0137073277831512,0.0
1602,0,0,0,0,48,1,2,2,1,1,1,1,1,1,1,0,1,25.05,1171.5,0,2,0.02136460554371,0.0
6523,0,1,1,0,52,1,2,1,2,2,2,0,2,2,0,1,2,109.1,5647.95,0,3,0.0193133237150266,0.0
5673,0,0,1,1,35,1,0,2,1,1,1,1,1,1,1,0,3,19.65,708.8,0,2,0.0276838546069315,0.0
1902,1,0,1,0,67,1,2,1,0,2,2,2,2,2,2,1,0,111.3,7567.2,0,3,0.0147062709759255,0.0
4252,0,0,0,0,1,0,1,0,2,0,0,0,0,0,0,0,3,29.9,29.9,0,0,0.9676375404530744,0.0
3691,1,0,0,0,53,1,0,1,0,2,0,2,0,0,0,1,3,80.6,4348.1,0,3,0.0185325699570025,0.0
3361,1,0,1,1,34,1,0,2,1,1,1,1,1,1,0,0,3,20.8,635.9,0,2,0.0326581880986026,0.0
4067,0,0,0,0,3,0,1,0,0,0,0,0,2,0,0,0,1,35.2,108.95,1,0,0.3201455206912233,422.40000000000003
4513,0,0,1,0,1,1,0,1,0,0,0,0,2,0,0,0,2,78.8,78.8,1,0,0.987468671679198,945.5999999999999
1448,1,0,0,0,19,1,0,1,0,0,2,2,2,0,0,0,3,89.95,1682.4,0,1,0.053433527385054,0.0
5864,0,1,1,0,60,1,2,1,2,2,2,2,2,2,2,1,0,116.05,6925.9,0,3,0.0167535261083601,0.0
748,1,0,0,0,11,1,0,2,1,1,1,1,1,1,2,0,1,19.55,223.15,0,0,0.0872183805487396,0.0
6303,0,0,0,0,47,1,2,1,0,2,2,0,2,2,0,1,2,106.4,5127.95,1,2,0.0207449867906686,1276.8000000000002
676,1,0,0,0,18,1,0,0,2,0,0,0,0,0,0,0,2,49.4,874.8,1,1,0.0564055720484128,592.8
2721,0,0,1,1,60,1,2,1,2,2,2,2,2,2,2,0,1,115.25,6758.45,0,3,0.0170502037887697,0.0
6173,1,0,1,0,72,1,2,2,1,1,1,1,1,1,2,0,1,24.8,1874.3,0,3,0.0132245507385485,0.0
1190,1,0,0,0,39,1,0,2,1,1,1,1,1,1,1,0,3,19.9,791.15,0,2,0.0251215047655115,0.0
2172,0,0,1,0,59,1,0,1,2,0,2,0,0,0,1,1,1,81.25,4639.45,0,3,0.0175090777834046,0.0
3966,1,0,1,1,2,1,0,1,0,0,0,0,0,0,0,0,3,69.95,143.9,0,0,0.4827467218771566,0.0
2715,1,1,0,0,1,1,0,1,0,0,0,0,0,0,0,0,2,69.1,69.1,1,0,0.985734664764622,829.1999999999999
4467,1,0,1,1,20,1,0,1,0,0,0,0,2,2,0,1,2,90.2,1776.55,1,1,0.0507440015752018,1082.4
6355,0,0,0,0,6,1,2,1,0,0,0,0,2,2,0,1,0,93.55,536.4,1,0,0.1740788983997022,1122.6
4482,1,0,0,0,71,1,2,1,0,0,2,2,0,0,2,1,1,86.4,6172.0,0,3,0.0139964360926615,0.0
5637,0,0,1,0,24,1,2,0,2,2,2,0,0,0,0,0,3,66.3,1559.45,0,1,0.042487743920023,0.0
4368,1,1,1,0,67,1,2,1,0,0,0,0,2,2,0,1,1,94.65,6079.0,0,3,0.0155674342105263,0.0
3736,1,0,0,0,1,1,0,1,0,0,0,0,0,2,0,1,3,80.85,80.85,1,0,0.9877825290164935,970.1999999999999
5470,0,0,1,1,48,1,2,1,0,0,0,0,0,2,1,1,3,82.05,4029.95,1,2,0.020355003163026,984.5999999999999
6994,0,0,1,0,37,1,2,0,0,2,0,2,0,2,1,0,3,72.1,2658.4,0,2,0.02711137850643,0.0
5627,1,0,0,0,11,0,1,0,0,2,2,0,0,0,0,0,3,34.7,383.55,0,0,0.0902353400078013,0.0
3058,1,0,1,0,3,1,0,2,1,1,1,1,1,1,0,1,1,20.55,51.15,1,0,0.3940556088207095,246.60000000000002
3239,0,0,1,0,18,1,0,1,0,0,2,0,2,2,0,1,1,95.95,1745.5,0,1,0.0549384483252218,0.0
6820,1,0,1,1,50,1,0,0,0,0,0,0,0,0,1,1,0,44.8,2230.85,0,3,0.0200730335820059,0.0
6243,0,0,1,1,67,1,2,1,2,0,2,2,2,2,1,1,2,109.4,7281.6,0,3,0.0150221074890835,0.0
6244,0,0,1,0,25,1,0,0,2,2,0,2,0,2,0,1,3,71.05,1837.7,0,2,0.0386414314461304,0.0
896,0,1,0,0,2,1,2,1,0,0,2,0,0,0,0,1,2,78.55,149.55,1,0,0.5217535702424443,942.5999999999999
3834,1,0,0,0,9,1,0,2,1,1,1,1,1,1,0,0,1,19.7,180.7,0,0,0.1084204733076499,0.0
1174,0,0,0,1,10,0,1,0,2,2,0,2,0,0,1,0,3,40.25,411.45,0,0,0.0975875863741059,0.0
5879,0,0,1,0,70,1,0,2,1,1,1,1,1,1,2,0,1,19.85,1328.35,0,3,0.014932109677662,0.0
481,1,0,0,0,9,1,0,0,2,0,2,2,0,2,0,1,0,68.25,576.95,0,0,0.1180898001557228,0.0
4047,0,0,0,0,4,1,0,2,1,1,1,1,1,1,0,1,1,20.15,68.45,0,0,0.2901367890568754,0.0
4695,0,0,0,0,2,1,0,0,2,0,0,0,0,0,0,0,3,50.95,123.05,0,0,0.4107214832728739,0.0
6307,0,0,0,1,1,1,0,1,0,0,0,0,0,2,0,0,2,78.65,78.65,1,0,0.9874450721908348,943.8000000000001
1068,1,0,0,0,19,0,1,0,0,0,0,0,0,0,0,1,0,25.15,468.35,0,1,0.0535847448599126,0.0
3355,1,0,1,1,7,1,0,2,1,1,1,1,1,1,0,1,0,20.25,174.7,0,0,0.1152532726237905,0.0
4930,1,0,0,0,1,1,0,0,0,0,0,0,0,0,0,1,2,42.9,42.9,1,0,0.9772209567198178,0.0
6145,1,1,0,0,1,1,0,0,0,0,0,0,0,0,0,0,2,44.0,44.0,0,0,0.9777777777777776,0.0
3154,0,0,1,1,9,1,0,2,1,1,1,1,1,1,1,0,3,20.25,172.35,0,0,0.1168156907989616,0.0
2686,0,0,0,0,3,0,1,0,2,0,0,2,0,0,0,0,3,34.25,139.35,1,0,0.244032775204845,411.0
3637,0,0,0,0,9,0,1,0,2,0,2,2,2,2,0,0,3,58.5,539.85,1,0,0.1081630766386243,702.0
3017,0,0,0,0,5,1,0,0,2,0,2,0,0,0,0,0,1,55.8,300.4,0,0,0.1851360318513603,0.0
3034,0,0,1,1,56,1,0,1,0,0,0,0,2,2,1,0,0,88.9,4968.0,0,3,0.017890923727108,0.0
3124,0,0,0,1,18,1,2,0,2,0,0,0,0,0,0,0,3,57.65,992.7,0,1,0.0580154976351011,0.0
4005,1,1,0,0,49,1,2,1,0,0,0,0,2,2,0,1,2,96.2,4718.25,1,3,0.0203845950098002,1154.4
4175,1,0,1,0,70,1,2,0,2,2,2,2,2,0,2,0,3,79.15,5536.5,0,3,0.0142934537246049,0.0
6940,0,0,0,0,72,1,2,1,0,2,2,2,2,2,2,1,1,108.05,7806.6,0,3,0.013839079870895,0.0
3131,0,1,0,0,6,1,0,1,0,0,2,0,0,0,0,0,2,74.4,434.1,1,0,0.1709951735233279,892.8000000000001
5121,1,1,1,0,17,1,2,1,0,0,0,0,2,2,0,1,2,94.8,1563.9,0,1,0.0605789507316761,0.0
4753,1,0,1,0,29,0,1,0,0,0,0,0,2,2,0,1,2,45.9,1332.4,0,2,0.0344232788360581,0.0
3193,0,0,1,0,6,1,2,1,0,2,2,0,2,2,0,1,2,105.3,545.2,1,0,0.1927865250823874,1263.6
1357,1,0,1,0,63,1,2,1,0,0,2,0,2,2,2,0,2,102.6,6296.75,0,3,0.0162915326902465,0.0
3242,1,0,1,0,16,1,2,1,0,0,0,0,0,0,0,1,0,73.85,1284.2,1,1,0.0574618736383442,886.1999999999999
6207,1,0,0,0,59,1,0,0,0,0,2,0,0,2,1,1,0,61.35,3645.5,0,3,0.0168243521184697,0.0
5246,0,0,0,0,3,1,0,0,0,0,2,0,2,0,0,0,2,57.55,161.45,0,0,0.3542628501077254,0.0
5255,0,0,0,0,8,0,1,0,0,2,0,0,0,0,0,1,3,29.25,226.95,0,0,0.128317613511735,0.0
6325,0,1,1,0,7,1,2,1,0,0,0,0,0,2,0,1,2,84.55,646.85,1,0,0.1305086053870494,1014.5999999999999
2284,0,0,0,0,68,1,0,2,1,1,1,1,1,1,2,0,1,19.6,1441.65,0,3,0.0135861088968218,0.0
1798,0,0,1,1,68,1,2,1,2,0,2,2,2,2,2,0,1,111.75,7511.3,0,3,0.0148756040094245,0.0
2576,0,1,1,0,52,1,2,1,0,2,2,0,2,2,1,1,2,106.5,5621.85,0,3,0.0189405728411748,0.0
6291,1,0,1,1,72,1,2,1,2,2,0,2,2,2,2,1,1,107.7,7919.8,0,3,0.0135971114028885,0.0
4173,0,0,1,0,32,1,0,2,1,1,1,1,1,1,1,0,3,19.3,593.2,0,2,0.0324806462470548,0.0
5276,0,0,1,0,72,1,0,2,1,1,1,1,1,1,2,0,0,20.05,1423.65,0,3,0.0140736321201698,0.0
2020,1,0,1,1,1,1,0,1,0,0,0,0,0,0,0,1,1,69.95,69.95,0,0,0.9859055673009162,839.4000000000001
1742,1,0,1,1,42,1,0,0,2,0,0,2,0,2,1,0,1,63.7,2763.35,0,2,0.0230433917557472,0.0
6013,0,0,0,0,25,1,2,2,1,1,1,1,1,1,2,0,1,24.75,692.1,1,2,0.0357091328812581,297.0
3822,1,0,0,0,45,1,0,0,2,0,0,0,0,0,0,1,0,50.9,2298.55,0,2,0.0221347654975973,0.0
2398,0,0,1,1,43,0,1,0,2,0,2,2,2,2,1,1,1,60.4,2640.55,0,2,0.022865363139066,0.0
6747,1,0,1,0,37,1,2,0,2,0,2,0,2,2,1,0,3,79.25,2911.8,0,2,0.0272074979401263,0.0
1973,0,1,0,0,20,1,2,1,0,0,0,0,0,2,0,1,1,85.8,1727.5,1,1,0.0496384148105293,0.0
3728,0,0,0,0,4,0,1,0,0,0,0,0,0,0,0,1,2,24.45,86.6,1,0,0.2791095890410959,293.4
3341,1,0,1,0,63,1,0,1,2,2,2,2,2,2,2,1,1,110.1,6705.7,0,3,0.016416419401494,0.0
294,1,0,0,0,3,1,0,1,0,0,0,0,2,2,0,0,3,90.7,237.65,0,0,0.3800544730777289,0.0
4971,1,0,1,1,66,1,2,2,1,1,1,1,1,1,2,1,1,25.3,1672.35,0,3,0.0151193713210027,0.0
6254,1,0,0,0,28,1,2,1,0,2,2,0,2,2,0,1,2,105.7,2979.5,1,2,0.0354638483475926,1268.4
821,0,1,0,0,8,1,2,1,0,0,0,0,0,2,0,0,2,85.2,695.75,0,0,0.1222820236813778,0.0
6577,1,0,0,1,71,1,2,2,1,1,1,1,1,1,2,0,3,24.35,1654.6,0,3,0.0147076588547958,0.0
915,1,0,0,0,1,0,1,0,0,0,0,0,0,0,0,1,2,24.25,24.25,1,0,0.9603960396039604,291.0
4151,0,0,1,1,72,1,2,2,1,1,1,1,1,1,2,0,0,25.1,1857.85,0,3,0.0135029722677999,0.0
5061,1,1,1,0,16,1,0,0,2,2,0,0,0,0,0,1,0,54.55,825.1,0,1,0.0660331678973489,0.0
4416,1,0,1,0,66,1,2,1,2,2,2,2,0,0,2,0,3,96.6,6424.25,0,3,0.0150344344578031,0.0
5404,0,0,0,0,11,1,2,1,0,0,0,0,0,0,0,1,2,76.5,837.95,1,0,0.0911854103343465,918.0
4381,1,0,0,0,51,1,2,0,2,2,2,2,2,0,1,1,1,81.15,4126.2,0,3,0.0196622407443303,0.0
5412,0,0,0,1,8,0,1,0,2,0,0,0,0,2,0,1,2,38.5,330.8,0,0,0.1160337552742616,0.0
4954,1,0,0,0,14,1,0,1,0,0,0,0,2,2,0,1,2,92.9,1337.45,0,1,0.0694086443273936,0.0
1177,0,0,0,0,4,1,2,1,0,2,0,2,0,2,0,1,2,93.5,362.2,1,0,0.2574339207048458,1122.0
2076,0,0,0,0,70,1,2,0,2,2,2,0,2,2,2,0,3,84.7,5991.05,0,3,0.0141353960664547,0.0
6865,0,0,0,1,70,1,2,0,2,2,0,2,0,0,2,0,2,66.0,4891.5,0,3,0.0134900357690342,0.0
275,0,1,1,0,54,1,2,1,0,2,0,0,2,2,1,1,1,101.5,5373.1,1,3,0.0188868833851249,1218.0
417,1,0,0,1,28,1,0,1,2,0,0,0,0,0,0,1,0,74.9,2068.55,1,2,0.0361914425841366,898.8000000000001
961,1,0,0,0,24,1,0,2,1,1,1,1,1,1,2,0,3,20.75,487.05,0,1,0.0425161356418399,0.0
4266,0,0,1,0,69,1,0,0,0,2,0,0,0,2,2,1,1,61.45,4131.2,0,3,0.0148710130196989,0.0
4793,1,0,1,1,42,1,0,0,2,2,0,0,0,0,0,0,3,54.5,2301.15,0,2,0.0236735225767217,0.0
3737,0,1,0,0,2,1,0,1,0,0,0,0,0,0,0,1,2,69.6,131.65,1,0,0.5246890312853373,835.1999999999999
284,0,1,0,0,39,1,2,1,0,0,2,0,2,2,0,1,2,99.75,4036.0,0,2,0.0247089422838741,0.0
5267,1,0,1,1,45,1,2,1,0,2,2,2,2,2,2,1,0,109.75,4900.65,0,2,0.0223904195525996,0.0
6912,1,0,1,1,72,1,2,0,2,2,2,2,2,0,2,1,0,80.85,5727.45,0,3,0.0141137655037575,0.0
395,0,0,0,0,38,1,0,2,1,1,1,1,1,1,2,0,3,20.3,743.05,0,2,0.0272831126940393,0.0
4094,1,0,1,0,72,1,2,0,2,2,2,2,0,0,2,1,0,67.8,4804.65,0,3,0.0141083932454506,0.0
1753,1,0,0,0,1,1,2,2,1,1,1,1,1,1,0,1,3,24.05,24.05,1,0,0.9600798403193612,288.6
1782,1,0,1,1,72,1,0,2,1,1,1,1,1,1,2,1,1,19.8,1414.65,0,3,0.0139865079645392,0.0
726,1,0,1,0,55,1,2,2,1,1,1,1,1,1,2,0,0,25.7,1443.65,0,3,0.0177897760703284,0.0
510,0,0,1,1,51,0,1,0,0,0,2,2,2,2,1,1,2,56.15,2898.95,0,3,0.0193624028000482,0.0
2810,1,0,0,0,63,1,0,0,2,2,2,2,2,2,2,1,0,86.7,5309.5,0,3,0.0163261463139064,0.0
2612,0,0,0,0,1,1,0,2,1,1,1,1,1,1,0,0,3,20.4,20.4,0,0,0.9532710280373832,244.79999999999998
5771,0,0,1,1,23,1,0,2,1,1,1,1,1,1,2,1,3,19.65,451.55,0,1,0.0434206165064633,0.0
4738,0,0,0,0,1,1,0,0,0,2,0,0,0,0,0,0,2,50.55,50.55,1,0,0.9806013579049466,606.5999999999999
6799,0,0,0,0,2,1,2,0,0,0,0,2,0,0,0,1,3,54.35,117.05,0,0,0.4603981363828886,0.0
2552,0,1,0,0,52,1,2,1,2,2,2,0,2,2,0,0,1,108.1,5839.3,0,3,0.0185093231512079,0.0
6038,0,0,0,0,36,1,2,0,2,0,0,0,0,0,1,0,3,54.45,1893.5,0,2,0.0287410926365795,0.0
5496,0,0,0,0,1,1,0,0,0,0,0,0,0,0,0,0,3,45.35,45.35,0,0,0.9784250269687162,0.0
6647,0,0,0,0,28,1,2,0,2,0,2,0,0,0,1,0,3,59.0,1654.45,0,2,0.0356398562324443,0.0
2060,0,0,1,1,7,1,0,0,2,2,2,0,2,0,1,0,2,69.45,477.05,0,0,0.1452776906181361,0.0
4679,1,0,0,0,14,1,2,1,0,2,0,0,2,2,0,1,2,100.55,1415.55,1,1,0.0709823161907451,1206.6
3023,1,1,1,0,72,0,1,0,2,2,2,2,2,2,2,1,1,64.95,4546.0,0,3,0.0142841433912469,0.0
2970,0,0,1,1,1,1,0,2,1,1,1,1,1,1,0,1,3,20.5,20.5,1,0,0.9534883720930232,246.0
4138,0,0,0,0,10,1,0,2,1,1,1,1,1,1,0,0,3,18.85,163.2,0,0,0.1147990255785627,0.0
1145,1,0,0,0,42,1,0,2,1,1,1,1,1,1,1,0,0,19.8,849.9,0,2,0.0232694793747796,0.0
913,0,0,0,0,7,0,1,0,0,0,0,0,0,0,0,0,0,25.05,189.95,0,0,0.1311861743912019,0.0
2071,1,0,0,0,4,1,0,1,0,0,2,0,0,0,0,1,0,74.8,321.9,1,0,0.2316506658408176,897.5999999999999
166,1,0,1,1,72,1,2,1,2,2,2,2,2,2,2,1,1,114.3,8058.55,0,3,0.0141819332344857,0.0
3960,0,0,1,0,20,0,1,0,0,0,0,0,0,0,0,1,2,24.45,482.8,1,1,0.0505374121537825,293.4
3952,1,0,0,0,63,1,0,1,2,2,2,2,2,2,2,0,1,109.2,7049.75,0,3,0.0154877140729709,0.0
14,0,0,0,0,56,0,1,0,2,2,2,2,0,0,2,0,0,45.05,2560.1,0,3,0.0175900980047635,0.0
2971,0,0,0,1,5,1,0,0,0,0,0,2,0,0,0,1,3,51.0,286.8,0,0,0.1772063933287004,0.0
5890,0,0,1,0,72,1,2,1,0,2,2,2,2,2,2,1,0,110.45,7982.5,0,3,0.0138347842425001,0.0
2869,1,1,1,1,68,1,2,1,0,2,2,0,0,0,0,1,2,84.65,5683.6,0,3,0.0148911093128804,0.0
3676,1,0,1,1,67,1,0,0,2,2,0,2,0,0,1,0,3,60.05,3994.05,0,3,0.0150311009874719,0.0
3203,1,0,1,1,8,1,0,0,0,0,0,0,0,0,0,0,0,44.65,369.15,0,0,0.1206267729298933,0.0
1027,1,0,1,1,52,1,2,1,0,2,0,2,0,2,0,1,0,93.25,4631.7,0,3,0.0201286506788697,0.0
2835,0,0,1,1,18,1,0,2,1,1,1,1,1,1,0,1,3,20.25,401.95,0,1,0.0502543739918104,0.0
406,0,0,1,1,59,1,2,2,1,1,1,1,1,1,2,0,3,25.45,1534.05,0,3,0.016579264519071,0.0
1734,0,0,0,0,60,1,0,2,1,1,1,1,1,1,2,0,3,20.6,1093.0,0,3,0.0188299817184643,0.0
5785,1,0,0,0,7,1,2,1,0,0,0,0,2,2,0,1,2,94.1,701.3,0,0,0.1339883240780293,0.0
6739,1,0,1,1,59,0,1,0,2,0,2,0,0,0,1,0,3,34.8,1980.3,0,3,0.0175642255085045,0.0
4137,1,0,0,0,46,0,1,0,2,0,2,2,2,2,2,1,0,60.75,2893.4,0,2,0.0209888059701492,0.0
3839,1,0,0,0,5,1,0,0,0,2,0,0,0,0,0,1,2,51.35,262.3,0,0,0.1950246866691986,0.0
2303,1,1,1,0,59,0,1,0,2,0,2,2,2,2,2,1,1,64.05,3886.85,0,3,0.0164744010185578,0.0
1441,0,0,1,0,70,1,2,0,0,2,2,2,2,2,2,1,0,84.8,5917.55,0,3,0.0143278336754779,0.0
2567,0,0,0,0,14,1,0,1,0,0,0,0,0,0,0,1,1,71.0,914.0,1,1,0.0775956284153005,852.0
300,0,0,0,0,44,1,2,0,0,0,0,0,0,0,0,1,3,50.15,2139.1,0,2,0.023433484416616,0.0
1670,0,0,1,0,64,1,2,1,2,0,2,0,2,0,2,1,1,94.6,5948.7,0,3,0.0158999613425887,0.0
4797,0,0,1,1,58,0,1,0,2,0,2,2,2,2,2,0,3,59.75,3624.35,0,3,0.0164811673355676,0.0
4388,0,1,1,0,46,1,2,1,0,0,0,2,2,2,1,0,2,100.25,4753.85,0,2,0.0210837355542235,0.0
1838,1,1,1,0,58,1,2,1,0,2,0,0,2,2,0,1,2,98.9,5780.7,0,3,0.0171056955566701,0.0
5781,0,0,1,0,72,1,2,1,0,2,0,0,2,2,2,1,1,97.7,6869.7,0,3,0.0142198029312879,0.0
6798,0,1,0,0,30,0,1,0,0,0,2,0,2,0,0,1,2,40.3,1172.95,1,2,0.0343285489160526,0.0
5269,1,1,0,0,11,1,2,0,2,2,0,0,0,0,0,0,0,60.25,662.95,0,0,0.0907447849988703,0.0
6693,0,1,0,0,34,0,1,0,0,2,2,0,2,2,0,1,2,56.25,1765.95,0,2,0.0318345171057471,0.0
3264,1,0,0,0,54,0,1,0,2,2,0,0,0,2,2,0,0,46.2,2431.95,0,3,0.0189892928338025,0.0
2322,0,0,0,0,3,0,1,0,0,2,0,0,2,2,0,1,2,50.6,155.35,1,0,0.3236328749600256,607.2
5652,0,0,1,1,72,1,2,2,1,1,1,1,1,1,2,0,3,24.9,1859.2,0,3,0.0133856574561875,0.0
1984,0,0,1,1,40,1,2,1,0,0,2,2,0,0,0,1,2,84.85,3303.05,1,2,0.0256806041070807,1018.1999999999999
2381,0,0,1,1,2,1,0,0,0,0,0,0,2,2,0,0,3,65.7,134.35,1,0,0.4854082009604729,0.0
521,1,0,1,1,54,1,2,0,0,0,2,0,0,2,2,0,1,63.35,3409.1,0,3,0.0185771678249904,0.0
1116,0,0,0,0,14,1,0,0,2,0,0,0,0,0,0,0,0,50.1,709.5,0,1,0.0705137227304715,0.0
1285,0,0,0,0,1,1,0,1,0,0,0,0,0,0,0,0,2,70.5,70.5,1,0,0.986013986013986,846.0
2115,0,0,0,0,10,1,2,1,0,2,2,0,0,2,0,1,2,94.85,953.45,1,0,0.0993766043270993,1138.1999999999998
243,0,0,0,0,1,1,0,0,2,0,0,0,0,0,0,0,2,50.15,50.15,0,0,0.9804496578690128,0.0
5131,1,0,0,0,1,1,0,2,1,1,1,1,1,1,0,0,3,19.75,19.75,1,0,0.9518072289156626,237.0
3427,1,0,0,0,56,1,2,0,2,2,0,2,0,0,1,1,0,64.65,3665.55,0,3,0.0176323792120658,0.0
6449,0,0,1,0,68,1,0,0,2,2,0,2,2,2,2,1,0,79.6,5515.8,0,3,0.0144286542923433,0.0
2389,0,0,1,1,14,1,0,2,1,1,1,1,1,1,1,1,3,19.5,272.0,0,1,0.0714285714285714,0.0
6993,1,0,1,1,68,1,0,1,2,0,0,2,2,2,2,1,2,99.55,6668.0,0,3,0.0149272754535912,0.0
362,1,1,1,0,55,1,2,1,0,0,0,0,0,0,0,1,2,74.0,4052.4,0,3,0.0182562786796269,0.0
4623,0,0,0,0,16,0,1,0,2,0,0,0,2,0,0,1,2,38.9,664.4,0,1,0.0584610760444845,0.0
1850,1,1,0,0,9,1,0,1,0,0,0,0,0,2,0,1,2,79.55,718.55,0,0,0.1105552081161837,0.0
5449,1,0,1,1,14,1,0,0,2,2,0,0,2,0,0,1,2,65.45,937.6,1,1,0.0697315150223737,785.4000000000001
646,1,1,1,0,58,1,2,1,0,0,2,0,2,2,0,1,2,98.7,5812.6,1,3,0.0169774322278794,1184.4
2199,1,0,0,0,53,0,1,0,2,2,0,0,0,2,0,1,0,46.3,2546.85,0,3,0.0181721843907608,0.0
911,1,0,1,0,70,1,2,1,2,2,2,0,2,0,2,1,1,99.35,6944.5,0,3,0.0143042257576848,0.0
624,0,1,1,1,14,1,2,1,0,0,0,0,2,2,0,1,2,95.8,1346.3,0,1,0.0711051733095821,0.0
431,1,0,1,1,22,1,0,0,2,0,2,2,2,0,1,1,0,67.5,1544.05,1,1,0.0436879065402414,810.0
3971,0,0,1,0,10,1,2,1,2,0,0,0,0,0,0,1,1,78.15,765.15,0,0,0.1020035241140768,0.0
4387,0,0,1,1,29,1,2,2,1,1,1,1,1,1,2,0,3,26.1,692.55,0,2,0.0376324706221613,0.0
5436,0,0,0,0,1,1,0,1,0,0,0,0,0,0,0,1,2,69.6,69.6,1,0,0.9858356940509916,835.1999999999999
67,1,0,1,0,49,1,2,0,2,0,2,2,2,2,1,0,2,84.35,4059.35,1,3,0.0207740712007585,1012.1999999999999
209,0,1,1,0,68,1,2,1,0,2,0,0,2,2,0,1,2,100.2,6851.65,1,3,0.0146220805090001,1202.4
1904,0,0,0,0,1,1,0,1,0,0,0,0,2,0,0,0,2,78.05,78.05,1,0,0.9873497786211258,936.5999999999999
3988,0,0,0,0,30,0,1,0,0,0,0,2,0,2,1,1,1,40.35,1187.05,0,2,0.03396321703632,0.0
1526,0,0,1,0,72,1,2,0,2,2,2,2,2,0,2,0,1,79.2,5401.9,0,3,0.0146587943511817,0.0
2699,0,0,0,0,10,1,0,2,1,1,1,1,1,1,0,1,3,20.9,247.0,0,0,0.0842741935483871,0.0
819,1,0,0,0,7,1,2,1,0,0,0,0,0,0,0,0,2,73.6,520.0,1,0,0.1412667946257197,883.1999999999999
2982,0,0,0,0,9,1,2,1,0,0,0,0,0,0,0,1,2,74.75,706.6,1,0,0.1056387789711701,897.0
1005,0,0,0,1,1,1,0,0,2,0,0,0,0,0,0,0,3,49.9,49.9,0,0,0.9803536345776032,0.0
5867,0,0,0,0,20,1,2,0,0,2,0,2,0,2,0,1,1,68.9,1370.35,0,1,0.0502424618077077,0.0
457,0,0,0,0,1,1,0,2,1,1,1,1,1,1,0,1,3,20.25,20.25,0,0,0.9529411764705882,0.0
1698,0,0,0,0,29,1,2,1,0,0,0,0,0,0,0,1,1,76.0,2215.25,0,2,0.034292160180485,0.0
6122,1,0,0,0,1,1,0,1,0,0,0,2,0,0,0,0,2,74.0,74.0,0,0,0.9866666666666668,0.0
439,1,0,0,0,3,1,0,1,2,0,0,2,0,0,0,1,3,82.3,214.4,0,0,0.3820798514391829,0.0
564,0,0,0,0,20,1,0,1,2,0,2,0,2,0,0,1,0,89.4,1871.15,0,1,0.0477525839275699,0.0
7020,1,0,0,1,64,1,0,1,0,2,0,2,2,2,0,1,1,99.15,6171.2,0,3,0.0160639642266938,0.0
3800,1,0,0,0,1,1,0,2,1,1,1,1,1,1,0,1,3,20.2,20.2,1,0,0.9528301886792452,242.39999999999998
4689,0,0,0,0,6,0,1,0,2,0,0,0,0,0,0,0,0,29.45,161.45,0,0,0.1812865497076023,0.0
410,1,0,1,0,50,1,0,2,1,1,1,1,1,1,2,0,2,19.8,1013.2,0,3,0.0195227765726681,0.0
6876,1,0,0,0,6,1,0,0,2,0,0,0,0,2,0,1,0,59.15,336.7,0,0,0.175155463429079,0.0
1288,1,0,1,1,7,1,0,0,0,0,0,0,0,0,0,0,2,44.75,333.65,0,0,0.1337217988943672,0.0
3697,1,0,1,1,72,1,2,1,0,0,2,0,0,2,2,1,1,90.8,6511.8,0,3,0.0139417761945706,0.0
2330,1,0,1,0,8,1,0,0,0,2,0,0,0,0,0,1,0,49.55,393.45,0,0,0.1256179490429712,0.0
3557,0,0,1,1,67,1,2,1,2,0,0,2,2,2,2,0,1,106.7,7009.5,0,3,0.0152200271022038,0.0
6475,0,1,1,0,24,1,2,1,0,0,0,0,2,2,0,1,2,93.55,2264.05,1,1,0.041301516522814,1122.6
1483,0,0,1,0,72,1,2,1,2,2,0,0,0,2,2,1,1,94.45,6921.7,0,3,0.0136435205916766,0.0
1813,1,0,1,1,33,1,0,2,1,1,1,1,1,1,1,1,0,19.45,600.25,0,2,0.0323492723492723,0.0
513,1,0,0,0,2,0,1,0,0,0,0,0,0,0,0,1,2,25.05,56.35,1,0,0.4367916303400174,300.6
3693,1,0,1,0,70,1,0,0,2,2,0,2,0,2,2,0,3,67.95,4664.15,0,3,0.0145654480563325,0.0
5102,0,0,0,0,22,1,0,0,0,2,2,0,2,0,1,0,0,65.25,1441.8,0,1,0.0452245633490435,0.0
4693,0,0,0,0,59,1,2,1,2,2,2,0,0,2,0,1,0,99.45,5623.7,0,3,0.0176809429836257,0.0
2794,1,0,0,0,36,1,0,2,1,1,1,1,1,1,1,1,1,20.35,695.85,0,2,0.0292028413575374,0.0
1080,0,0,1,1,51,1,0,2,1,1,1,1,1,1,2,0,3,19.95,1028.75,0,3,0.019373634377276,0.0
5143,1,0,1,0,53,1,2,0,2,0,2,2,2,0,1,0,0,77.4,4155.95,0,3,0.0186194204885793,0.0
1690,0,0,1,1,20,1,0,2,1,1,1,1,1,1,1,0,0,19.7,395.6,0,1,0.0496722138174483,0.0
4396,1,0,1,0,63,1,0,1,2,0,2,0,2,2,2,0,1,99.7,6330.4,0,3,0.0157469122153078,0.0
3392,0,0,0,0,40,1,0,1,0,2,0,0,0,0,0,0,1,74.8,2971.7,0,2,0.0251623103575873,0.0
4262,1,0,0,0,35,1,0,2,1,1,1,1,1,1,1,1,3,19.15,638.0,0,2,0.0299687010954616,0.0
6446,1,0,1,1,26,1,0,1,0,0,0,0,0,2,1,0,0,78.95,2034.25,0,2,0.0387913032796953,0.0
389,1,1,1,0,27,1,2,1,0,2,2,0,0,2,0,1,2,95.55,2510.2,1,2,0.0380495380694488,1146.6
3226,1,0,0,1,53,1,0,0,2,2,0,2,0,0,1,0,1,62.85,3419.5,0,3,0.0183745066510744,0.0
6289,1,1,1,0,34,1,0,1,0,0,0,0,0,0,0,0,1,71.55,2427.35,0,2,0.0294644511705479,0.0
2406,0,1,1,0,19,1,2,1,0,0,0,0,2,2,0,1,2,94.95,1760.25,0,1,0.0539105748757984,0.0
1867,1,0,1,0,43,1,0,1,2,2,2,0,0,0,0,1,1,86.1,3551.65,0,2,0.0242354298903635,0.0
2610,1,0,1,1,6,1,0,2,1,1,1,1,1,1,0,0,3,19.55,122.9,0,0,0.1577885391444713,0.0
6077,1,0,0,1,56,1,2,2,1,1,1,1,1,1,2,1,3,24.8,1424.2,0,3,0.01740106651698,0.0
3221,1,0,0,0,57,0,1,0,0,2,0,0,2,0,0,1,2,39.3,2111.45,1,3,0.018603990626997,471.59999999999997
2227,1,0,1,1,34,1,0,1,0,0,2,0,2,0,0,1,3,84.05,2909.95,0,2,0.0288737353784846,0.0
3088,0,0,0,0,10,0,1,0,0,2,0,2,0,0,0,0,2,36.25,374.0,0,0,0.0966666666666666,0.0
1987,0,0,0,0,1,1,0,2,1,1,1,1,1,1,0,1,3,20.25,20.25,1,0,0.9529411764705882,243.0
4837,0,0,0,0,13,0,1,0,0,0,0,0,0,0,0,1,2,23.9,300.8,1,1,0.0791915175612988,286.79999999999995
1504,1,0,0,0,56,1,2,1,0,2,0,0,2,2,0,0,2,98.6,5581.05,0,3,0.0176637615213048,0.0
2092,0,0,1,0,55,1,2,1,0,2,2,0,2,2,0,1,1,103.65,5676.65,0,3,0.0182557924493408,0.0
6111,0,0,1,1,36,1,2,0,2,2,2,2,2,2,2,1,1,92.9,3379.25,0,2,0.0274831743214259,0.0
2142,1,0,1,0,47,1,0,2,1,1,1,1,1,1,1,0,0,19.9,942.95,0,2,0.0210816250860744,0.0
5511,0,0,1,1,12,1,0,2,1,1,1,1,1,1,0,1,1,20.1,232.4,0,0,0.0861182519280205,0.0
3963,0,0,0,0,1,1,0,1,0,0,2,0,2,0,0,1,2,85.45,85.45,1,0,0.9884326200115674,1025.4
5166,1,1,0,0,24,1,2,1,0,2,0,0,0,0,0,1,2,80.5,2088.45,0,1,0.0385268850654478,0.0
1890,0,0,0,0,63,1,2,1,0,2,0,0,2,2,1,0,0,99.9,6137.0,1,3,0.0162756598240469,1198.8000000000002
5981,0,1,0,0,35,0,1,0,0,0,2,0,2,0,0,1,2,39.85,1434.6,0,2,0.0277584285316244,0.0
2059,0,0,0,0,67,1,0,0,2,2,0,2,0,0,1,0,1,60.5,3870.0,0,3,0.0156290364246964,0.0
3387,1,0,0,0,25,1,2,1,0,0,0,0,0,2,0,1,2,84.8,2043.45,1,2,0.041478148157206,1017.5999999999999
5100,1,0,0,0,21,1,2,1,2,0,2,0,2,2,0,0,3,103.85,2215.0,0,1,0.0468637184115523,0.0
5995,0,0,0,0,13,1,0,0,2,2,0,2,0,2,0,0,0,67.8,842.25,0,1,0.0804032018974206,0.0
6908,1,0,1,0,35,1,2,1,0,0,0,0,0,0,0,1,2,75.2,2576.2,1,2,0.0291789539034611,902.4000000000001
2691,1,1,1,0,71,1,2,2,1,1,1,1,1,1,2,0,0,24.85,1901.0,0,3,0.0130651945320715,0.0
6451,0,0,0,0,29,1,0,2,1,1,1,1,1,1,0,0,1,19.35,601.6,0,2,0.0321108529704613,0.0
4638,1,0,1,0,71,0,1,0,0,2,0,0,2,2,2,0,2,49.35,3515.25,1,3,0.0140348382509776,592.2
104,1,1,1,0,7,1,0,1,0,0,0,0,2,2,0,1,2,89.0,605.45,0,0,0.146755709456674,0.0
5483,0,1,0,0,57,0,1,0,0,2,2,0,2,2,0,1,2,55.0,3094.05,0,3,0.0177703106573399,0.0
1812,1,0,1,0,65,1,2,0,2,0,2,2,0,2,2,0,0,76.15,4929.55,0,3,0.0154445244445345,0.0
3696,1,0,0,0,27,1,0,2,1,1,1,1,1,1,1,0,3,20.3,595.05,0,2,0.0340575455079271,0.0
2954,1,0,0,0,6,1,2,1,0,0,0,0,0,0,0,1,2,74.9,469.8,1,0,0.1590909090909091,898.8000000000001
4893,0,1,0,0,72,1,2,1,2,2,2,2,2,2,2,1,1,117.35,8436.25,0,3,0.0139085602536371,0.0
1689,1,0,0,0,1,1,0,2,1,1,1,1,1,1,0,1,3,19.75,19.75,0,0,0.9518072289156626,0.0
1144,1,0,0,0,11,1,0,0,0,0,0,0,0,0,0,0,1,45.2,492.0,0,0,0.091683569979716,0.0
6260,1,0,1,1,39,1,2,2,1,1,1,1,1,1,2,0,3,25.2,987.95,0,2,0.0254815713635674,0.0
4905,0,1,0,0,59,1,2,1,2,2,2,0,0,0,0,1,2,89.75,5496.9,0,3,0.016324414776551,0.0
3554,1,0,0,0,26,1,0,0,2,0,0,2,2,2,1,0,0,75.0,1908.35,0,2,0.0392803833765417,0.0
2950,1,1,0,0,2,1,0,0,0,0,2,0,0,0,0,0,3,49.95,107.1,0,0,0.4620721554116559,0.0
523,0,0,1,1,72,0,1,0,2,2,2,2,2,2,2,0,0,65.7,4575.35,0,3,0.0143564194172211,0.0
6511,1,0,1,0,65,1,2,0,2,2,2,0,0,0,1,0,1,67.05,4309.55,0,3,0.0155548595886835,0.0
4994,1,0,1,1,72,1,2,1,0,2,2,2,2,2,2,0,1,110.9,7922.75,0,3,0.0139958984066887,0.0
6845,1,0,0,0,6,1,2,1,0,0,0,2,0,2,0,1,0,87.95,522.35,0,0,0.1680519728671061,0.0
4179,1,1,0,0,32,1,0,2,1,1,1,1,1,1,1,0,1,19.8,587.7,0,2,0.0336334295906234,0.0
3599,0,0,1,0,50,1,2,0,0,0,2,0,2,2,1,0,0,75.7,3876.2,0,3,0.0195243990508614,0.0
815,1,0,1,0,61,0,1,0,2,0,2,2,2,2,2,1,3,62.15,3778.85,0,3,0.0164424514200298,0.0
2556,0,0,0,0,15,1,0,1,0,2,2,0,2,2,0,1,2,101.25,1457.25,1,1,0.0694325390022287,1215.0
618,1,0,1,0,72,1,2,1,2,2,2,2,2,2,2,0,0,115.15,8349.45,0,3,0.0137896760054847,0.0
6356,1,0,0,0,9,1,0,2,1,1,1,1,1,1,0,1,3,18.95,185.6,1,0,0.1015541264737406,227.39999999999998
1281,0,0,0,0,1,1,0,2,1,1,1,1,1,1,0,0,3,19.5,19.5,0,0,0.951219512195122,0.0
5571,0,0,0,0,12,1,2,1,0,0,0,0,0,2,0,1,2,86.55,1066.9,0,0,0.0810469145051034,0.0
2294,0,0,0,0,37,0,1,0,0,0,0,2,0,0,0,0,1,28.6,973.55,1,2,0.0293468780462777,343.20000000000005
4421,1,0,1,1,61,1,0,2,1,1,1,1,1,1,1,0,3,20.4,1226.45,0,3,0.0166198215813271,0.0
3270,1,0,1,1,18,1,0,2,1,1,1,1,1,1,1,0,0,19.8,342.3,0,1,0.0576755024759685,0.0
2418,1,0,0,1,21,1,0,0,0,0,0,0,0,0,0,0,3,45.65,985.05,0,1,0.0462958267836316,0.0
828,1,0,1,1,68,0,1,0,2,2,2,2,0,2,2,1,3,56.4,3948.45,0,3,0.0142804694324526,0.0
5837,1,1,0,0,12,1,2,1,0,0,0,0,0,0,0,1,1,73.3,828.05,0,0,0.0884144502744104,0.0
3890,0,1,0,0,2,0,1,0,0,0,0,0,0,0,0,0,2,24.35,41.85,1,0,0.5682613768961494,292.20000000000005
3167,0,0,1,0,62,1,2,1,0,0,2,0,2,2,0,1,2,101.35,6164.7,0,3,0.0164377118575344,0.0
3448,0,1,0,0,29,1,2,1,0,0,0,2,2,2,0,0,2,98.65,2862.75,1,2,0.0344478393714535,1183.8000000000002
4904,1,0,0,1,1,0,1,0,0,2,0,2,0,0,0,0,3,33.6,33.6,0,0,0.9710982658959536,0.0
336,1,1,1,0,5,1,2,1,0,0,2,0,0,0,0,1,0,79.9,343.95,1,0,0.23162777214089,958.8000000000001
6069,0,0,0,0,1,1,0,2,1,1,1,1,1,1,0,0,2,20.7,20.7,0,0,0.9539170506912442,0.0
5353,1,0,0,1,62,1,2,1,0,0,2,2,2,2,2,1,2,104.05,6590.5,0,3,0.0157854813016764,0.0
1810,0,0,1,1,36,1,0,2,1,1,1,1,1,1,2,0,0,20.25,717.95,0,2,0.0281660755268099,0.0
1615,0,1,0,0,28,1,2,1,0,0,2,2,2,2,0,1,2,103.3,2890.65,1,2,0.0357235488388982,1239.6
5041,0,0,1,1,69,1,2,0,2,2,0,2,2,0,1,0,1,73.7,4885.85,0,3,0.0150812895832693,0.0
2621,0,0,1,0,11,1,2,1,2,0,0,2,2,0,0,1,1,96.2,1222.05,1,0,0.0786558194677241,1154.4
1366,0,0,1,0,63,1,2,1,0,2,2,2,2,2,0,1,2,108.75,6871.7,0,3,0.0158234754899821,0.0
5070,1,0,0,0,23,1,0,2,1,1,1,1,1,1,1,0,0,20.15,405.6,0,1,0.0495573044761436,0.0
1664,1,0,0,0,10,1,0,2,1,1,1,1,1,1,0,0,1,19.75,208.25,0,0,0.094384707287933,0.0
2054,0,0,1,0,71,1,2,2,1,1,1,1,1,1,2,1,1,25.95,1801.9,0,3,0.0143934771756614,0.0
1201,0,1,0,0,45,1,2,0,2,0,0,2,0,2,0,1,2,70.05,3062.45,0,2,0.0228663761445429,0.0
4935,0,0,1,1,70,1,2,2,1,1,1,1,1,1,2,0,3,24.05,1764.75,0,3,0.0136202746708197,0.0
4191,0,0,0,1,22,1,2,1,0,0,0,0,0,2,0,1,2,84.75,1816.75,0,1,0.0466235730986109,0.0
825,0,0,1,1,52,1,2,2,1,1,1,1,1,1,2,0,3,23.05,1255.1,0,3,0.0183504498049518,0.0
2863,1,0,1,0,55,1,2,1,0,0,2,2,2,2,1,1,2,104.15,5743.05,1,3,0.0181318059557281,1249.8000000000002
5897,0,0,0,0,65,0,1,0,2,0,2,2,2,2,2,0,1,59.95,3921.1,0,3,0.0152851788582647,0.0
798,0,0,1,1,72,1,0,2,1,1,1,1,1,1,2,0,0,19.55,1463.45,0,3,0.0133497217385366,0.0
2191,1,0,1,0,10,1,0,2,1,1,1,1,1,1,1,0,0,19.6,189.45,0,0,0.1029141506957206,0.0
2992,0,0,0,1,7,1,0,2,1,1,1,1,1,1,1,0,3,20.05,96.8,0,0,0.2050102249488752,0.0
3064,1,1,0,0,5,1,0,1,0,2,0,0,0,2,0,1,2,85.55,408.5,0,0,0.2089133089133089,0.0
4550,0,0,1,1,24,1,2,0,2,0,2,0,2,2,2,0,1,78.6,1846.65,0,1,0.0425405244499769,0.0
11,0,0,1,1,72,1,2,1,2,2,2,2,2,2,2,1,1,116.8,8456.75,0,3,0.0138098193964115,0.0
6132,1,0,0,0,21,0,1,0,2,0,0,2,2,0,0,1,3,43.55,1011.5,0,1,0.0430123456790123,0.0
7005,1,0,1,0,69,0,1,0,0,2,2,2,2,2,1,1,1,60.8,4263.4,0,3,0.0142575743363661,0.0
3056,1,0,1,1,44,1,0,0,0,2,0,2,0,0,0,1,0,54.9,2549.1,0,2,0.0215285675071565,0.0
3864,0,1,1,1,61,1,2,0,0,0,2,0,2,0,1,1,2,65.2,3965.05,0,3,0.0164395305152481,0.0
1368,1,1,0,0,24,1,2,1,0,2,2,0,2,2,0,1,1,102.95,2496.7,1,1,0.0412179204868479,1235.4
4091,0,0,0,0,1,1,0,1,0,0,0,0,2,2,0,0,2,90.6,90.6,1,0,0.9890829694323144,1087.1999999999998
2572,0,0,0,0,6,1,0,0,0,0,0,2,0,0,0,1,0,50.8,288.05,1,0,0.175748140460128,609.5999999999999
2953,1,0,0,0,4,1,2,1,0,2,0,0,0,2,0,1,2,90.05,368.1,1,0,0.2439718233541045,1080.6
6364,1,0,1,0,72,1,2,1,0,2,2,2,2,2,2,1,2,108.2,7840.6,0,3,0.0137982044480718,0.0
2081,1,0,0,0,72,1,2,0,2,2,2,2,2,2,2,0,0,92.0,6632.75,0,3,0.0138684755982664,0.0
5753,1,1,1,0,14,1,2,1,0,0,0,0,0,0,0,1,2,75.1,1013.35,0,1,0.0740375609996549,901.1999999999999
6360,1,0,0,0,7,1,2,2,1,1,1,1,1,1,0,1,0,25.05,152.95,0,0,0.1627151672620981,0.0
3659,0,0,0,0,48,1,0,1,0,2,0,0,0,0,1,0,2,75.15,3772.65,0,2,0.0199144064764882,0.0
3236,1,0,1,1,55,1,0,2,1,1,1,1,1,1,1,0,3,19.5,1026.35,0,3,0.0189808731201635,0.0
5614,1,0,0,0,1,1,0,2,1,1,1,1,1,1,0,0,1,19.3,19.3,0,0,0.9507389162561576,0.0
4586,1,0,0,0,45,1,0,1,2,2,2,2,2,2,1,0,1,112.2,5031.85,0,2,0.0222935314980577,0.0
2828,1,0,0,0,3,1,0,1,0,0,0,0,0,0,0,1,3,70.3,220.4,0,0,0.3175248419150858,0.0
5381,0,0,1,0,71,1,0,2,1,1,1,1,1,1,2,0,3,19.6,1416.5,0,3,0.0138271604938271,0.0
3791,1,0,1,0,8,1,0,2,1,1,1,1,1,1,0,0,3,20.25,158.35,0,0,0.1270787574521493,0.0
2450,0,0,1,0,3,1,2,1,0,0,0,0,0,0,0,1,2,75.85,256.6,1,0,0.2944487577639751,910.1999999999999
3874,1,0,1,1,69,1,0,0,2,2,0,2,2,2,2,0,0,80.65,5542.55,0,3,0.0145484391770616,0.0
4541,1,0,1,1,1,1,0,1,0,0,0,0,0,0,0,1,2,68.5,68.5,1,0,0.9856115107913668,822.0
3870,0,1,1,0,72,1,2,1,2,2,2,2,2,2,2,1,1,115.75,8443.7,0,3,0.0137068220303859,0.0
3590,1,0,0,0,11,1,0,1,2,0,0,0,0,0,0,1,2,73.5,791.75,1,0,0.0927152317880794,882.0
5665,1,0,0,0,71,1,2,0,2,2,2,2,0,2,2,0,0,80.6,5708.2,0,3,0.0141175646325229,0.0
2130,0,0,0,0,1,1,0,1,0,0,0,0,0,0,0,1,3,69.95,69.95,1,0,0.9859055673009162,839.4000000000001
3254,0,0,1,0,33,0,1,0,2,0,2,2,2,2,2,0,0,59.55,2016.3,0,2,0.029519654984385,0.0
191,0,0,0,0,16,1,0,2,1,1,1,1,1,1,1,0,3,19.05,326.65,0,1,0.0581413093239737,0.0
5406,0,1,1,0,56,1,2,1,2,2,2,2,0,0,1,0,2,95.65,5471.75,0,3,0.0174775021698414,0.0
1743,0,0,0,0,1,1,0,2,1,1,1,1,1,1,0,0,1,19.95,19.95,0,0,0.9522673031026252,0.0
4761,1,0,0,0,5,1,0,0,0,0,2,0,2,2,0,1,2,70.05,346.4,1,0,0.2016407599309153,840.5999999999999
3528,1,0,1,1,57,1,0,2,1,1,1,1,1,1,1,0,3,19.4,1061.6,0,3,0.0182571052136269,0.0
4588,1,0,1,1,56,0,1,0,0,2,2,0,0,0,1,1,1,36.1,1971.5,0,3,0.0183016476552598,0.0
1074,1,0,0,0,8,1,2,1,0,2,2,0,2,0,0,1,2,94.0,773.65,1,0,0.1213451236042083,1128.0
1455,0,0,1,1,22,1,0,0,2,2,2,0,0,0,0,0,3,61.15,1422.05,1,1,0.0429710832367098,0.0
4331,0,0,0,0,1,1,0,2,1,1,1,1,1,1,0,0,3,19.75,19.75,0,0,0.9518072289156626,0.0
6575,0,0,0,1,40,1,0,0,2,0,0,2,2,0,0,1,1,64.1,2460.35,0,2,0.0260426188880086,0.0
7021,1,0,1,1,46,1,0,2,1,1,1,1,1,1,2,0,1,19.75,856.5,0,2,0.0230320699708454,0.0
6770,1,0,1,1,63,1,0,2,1,1,1,1,1,1,2,0,3,19.7,1275.85,0,3,0.0154285938050671,0.0
3635,1,0,1,1,68,1,2,1,2,2,2,0,2,2,2,1,2,110.2,7467.5,0,3,0.0147553056169244,0.0
3643,1,0,1,1,69,1,0,1,2,2,0,2,2,2,2,1,1,106.35,7261.75,0,3,0.014643213658738,0.0
689,0,0,1,0,56,1,2,1,0,2,2,2,0,0,0,0,2,90.55,5116.6,0,3,0.0176938408629044,0.0
5608,0,0,1,1,10,1,0,0,0,2,2,0,0,2,1,1,3,65.9,660.05,0,0,0.0996898873005067,0.0
382,1,0,0,0,63,1,2,1,2,2,2,2,2,0,1,0,1,104.5,6590.8,0,3,0.0158530295215267,0.0
4864,0,0,1,1,24,0,1,0,2,2,2,2,0,2,2,1,3,52.5,1208.15,0,1,0.043418930653765,0.0
4196,0,0,0,0,19,1,2,0,0,0,2,0,0,0,0,1,3,56.1,1033.9,0,1,0.0542081360517924,0.0
6379,1,0,1,1,22,1,2,1,0,0,2,0,2,0,0,1,2,88.75,1885.15,0,1,0.047053521724147,1065.0
1846,1,0,1,0,29,1,2,1,2,2,0,0,0,0,0,1,2,84.45,2467.1,1,2,0.0342166038653215,1013.4000000000001
1460,1,0,1,0,13,1,2,0,0,0,2,0,2,2,1,1,3,75.3,989.45,1,1,0.0760260487657125,0.0
5824,0,0,1,0,70,1,2,2,1,1,1,1,1,1,2,1,0,26.0,2006.95,0,3,0.0129485295948604,0.0
6838,0,0,1,0,49,1,0,1,0,2,2,0,2,2,0,0,2,99.4,5025.0,0,3,0.0197771587743732,0.0
6572,0,1,1,0,43,1,2,1,2,0,2,2,2,2,1,1,3,109.55,4830.25,1,2,0.0226752910737386,1314.6
738,0,0,0,0,3,1,0,2,1,1,1,1,1,1,0,1,3,19.6,59.75,1,0,0.3226337448559671,0.0
3731,1,0,1,1,42,1,0,0,0,0,2,2,2,2,1,0,2,73.15,3088.25,0,2,0.0236788864611151,0.0
4382,1,0,0,0,57,1,0,0,0,2,0,2,0,0,1,1,3,54.65,3134.7,0,3,0.0174283254137832,0.0
3893,1,1,0,0,2,1,0,0,2,0,2,0,2,0,0,0,0,66.4,94.55,1,0,0.6949241234955521,796.8000000000001
1436,0,0,1,0,72,1,2,1,2,2,2,2,2,2,2,1,1,115.55,8312.4,0,3,0.0138992469988211,0.0
6224,0,1,0,0,46,1,2,1,0,2,2,0,2,2,0,1,2,104.45,4863.85,0,2,0.0214703433816047,0.0
1800,1,1,1,0,66,1,2,1,0,0,0,2,2,2,0,1,1,100.05,6871.9,1,3,0.0145571738276418,1200.6
3862,1,0,0,0,62,1,2,1,2,2,0,2,0,2,1,0,2,102.0,6529.25,1,3,0.0156196164005972,1224.0
846,0,0,1,0,72,1,2,0,2,2,2,2,2,2,2,1,0,91.15,6637.9,0,3,0.0137296841344198,0.0
3681,1,0,1,1,35,1,0,1,0,2,0,2,2,0,1,1,2,89.7,3165.6,0,2,0.0283269121455188,0.0
6465,1,0,1,0,17,1,2,1,2,2,2,0,0,0,0,0,1,90.2,1454.15,1,1,0.061986736762533,1082.4
1466,0,0,1,0,72,1,2,0,2,2,2,2,2,2,2,1,2,92.4,6786.1,0,3,0.0136140619705028,0.0
1940,0,0,1,1,28,1,0,2,1,1,1,1,1,1,1,0,3,19.9,543.0,0,2,0.0365808823529411,0.0
708,1,0,1,0,56,1,2,2,1,1,1,1,1,1,2,1,1,25.15,1327.15,1,3,0.0189361141437337,301.79999999999995
2685,0,0,0,0,31,1,2,1,0,0,0,2,0,0,0,1,1,79.85,2404.15,1,2,0.0331995925410057,0.0
2494,1,0,0,0,45,1,0,2,1,1,1,1,1,1,1,0,0,18.85,867.3,0,2,0.0217090867211793,0.0
1855,0,0,0,0,1,1,2,2,1,1,1,1,1,1,0,1,3,25.75,25.75,0,0,0.9626168224299064,0.0
845,0,0,0,0,2,1,0,0,0,2,0,0,0,0,0,1,3,49.6,114.7,1,0,0.428694900605013,595.2
4209,0,0,0,0,6,1,0,2,1,1,1,1,1,1,0,1,3,20.95,109.5,0,0,0.1895927601809954,0.0
4831,0,0,1,0,48,1,0,1,0,2,2,0,2,2,1,1,2,97.05,4692.95,0,2,0.0206755504425909,0.0
6222,1,0,1,1,25,1,2,2,1,1,1,1,1,1,0,1,0,25.4,546.85,0,2,0.0463630555809071,0.0
6441,1,0,1,1,64,1,0,2,1,1,1,1,1,1,2,1,0,19.7,1274.05,0,3,0.0154503744951178,0.0
6045,1,0,0,0,50,0,1,0,2,2,0,0,0,0,0,1,3,35.0,1782.4,0,3,0.0196254345631939,0.0
4099,0,0,1,1,52,1,2,1,0,0,2,0,2,2,1,0,0,101.25,5301.1,0,3,0.0190962071631994,0.0
5002,1,1,1,0,4,1,0,1,0,0,0,0,0,0,0,1,2,70.2,280.35,0,0,0.2495112848764883,0.0
5807,0,1,0,0,32,1,0,1,0,0,0,0,2,2,0,0,2,90.95,2897.95,0,2,0.0313734283102502,0.0
1039,1,0,1,1,45,1,2,0,2,2,0,2,2,0,2,0,1,73.85,3371.0,0,2,0.0219009489916963,0.0
2887,1,0,1,0,9,1,2,1,2,0,0,0,0,2,0,1,2,88.05,801.3,0,0,0.1097469774398604,0.0
4549,0,1,1,0,66,1,2,1,0,0,2,2,2,2,1,1,1,105.95,6975.25,1,3,0.0151872424296721,1271.4
3858,1,0,0,1,3,1,2,1,0,0,2,0,0,2,0,0,2,91.85,257.05,1,0,0.3559387715559,1102.1999999999998
1516,0,0,0,0,54,1,0,2,1,1,1,1,1,1,2,0,3,20.1,1079.45,0,3,0.0186033597112314,0.0
5484,0,0,1,1,1,0,1,0,0,0,0,2,2,0,0,0,2,40.1,40.1,1,0,0.975669099756691,481.20000000000005
1910,0,0,1,1,64,1,2,1,2,2,0,2,2,2,2,0,0,110.3,6997.3,0,3,0.0157609705214123,0.0
1421,0,1,0,0,31,1,2,1,0,0,0,0,0,0,0,1,2,73.9,2217.15,1,2,0.0333160516646755,886.8000000000001
1433,0,0,0,0,14,1,0,1,0,0,0,0,2,2,0,1,3,89.8,1129.1,1,1,0.0794619945137598,1077.6
5373,0,0,0,0,12,1,0,1,2,0,0,0,2,0,1,1,1,85.15,979.05,0,0,0.0868833222794755,0.0
2624,1,1,1,0,67,1,0,0,2,2,0,2,0,0,1,1,0,60.95,4119.4,0,3,0.0147922531793029,0.0
3123,0,0,1,1,35,1,2,0,2,0,2,2,2,0,0,0,2,72.25,2568.55,1,2,0.0281177638107839,867.0
1485,0,0,0,0,45,1,2,0,2,0,0,2,0,2,2,0,3,73.55,3349.1,0,2,0.0219545685203426,0.0
4000,1,0,0,0,10,1,0,0,0,0,0,0,0,0,0,0,3,46.0,492.1,0,0,0.0932873656459136,0.0
1476,0,1,0,0,29,1,2,0,2,2,0,0,0,0,0,1,0,58.55,1718.95,0,2,0.0340416872583505,0.0
774,0,0,0,0,24,1,2,2,1,1,1,1,1,1,1,0,0,24.6,605.25,0,1,0.0405773195876288,0.0
5480,1,0,1,1,66,1,0,2,1,1,1,1,1,1,2,1,3,19.75,1344.5,0,3,0.014678558156819,0.0
6440,1,0,0,0,51,1,0,1,2,0,0,0,2,0,1,0,3,86.35,4267.15,0,3,0.0202312477302812,0.0
2293,0,0,1,0,45,1,2,2,1,1,1,1,1,1,2,0,3,25.5,1121.05,0,2,0.0227262599705895,0.0
6840,0,0,1,0,49,1,0,2,1,1,1,1,1,1,1,0,1,19.0,918.7,0,3,0.0206589105142981,0.0
375,0,0,1,0,29,1,0,2,1,1,1,1,1,1,2,1,3,19.55,521.8,0,2,0.0373947972456006,0.0
2033,1,0,1,1,40,1,2,1,2,2,0,2,2,2,0,1,1,110.1,4469.1,0,2,0.0246303214693183,0.0
4889,0,1,0,0,37,1,2,1,0,0,0,0,2,2,0,1,2,96.55,3580.3,1,2,0.0269594839862619,1158.6
5303,1,0,0,0,25,1,0,1,0,0,0,0,0,0,0,0,2,69.75,1729.35,0,2,0.0403097639205941,0.0
1765,0,0,0,0,22,0,1,0,0,0,2,0,2,2,0,1,2,50.6,1073.3,0,1,0.0471004374941822,0.0
6285,1,0,0,0,72,0,1,0,2,2,2,2,2,2,2,1,0,65.6,4566.5,0,3,0.0143623426382047,0.0
1477,0,0,0,0,7,0,1,0,0,2,0,0,0,2,0,1,1,40.1,293.3,1,0,0.1362555215766225,481.20000000000005
986,1,0,1,1,33,1,0,0,0,2,2,2,2,2,2,0,1,82.1,2603.1,0,2,0.0315272070965016,0.0
4451,0,0,0,0,23,1,0,1,0,2,0,2,0,0,0,1,3,79.1,1783.75,0,1,0.0443199327636923,0.0
3198,1,1,0,0,24,1,2,1,0,2,0,0,2,2,0,1,2,101.25,2440.15,1,1,0.0414763533580484,1215.0
6354,0,0,0,0,1,1,0,1,0,0,0,0,2,0,0,0,2,79.55,79.55,1,0,0.9875853507138423,954.5999999999999
5960,1,0,0,0,69,1,2,0,2,2,2,2,2,2,2,0,3,90.65,6322.1,0,3,0.0143363223735193,0.0
4098,0,0,0,1,3,1,0,2,1,1,1,1,1,1,1,1,1,20.55,57.4,0,0,0.3518835616438356,0.0
3046,1,0,0,0,56,1,0,0,0,2,0,2,2,2,1,1,0,75.75,4284.65,0,3,0.0176752651289769,0.0
4478,1,0,0,0,65,1,2,1,2,0,2,2,2,2,1,1,1,110.0,7138.65,0,3,0.01540691770605,0.0
3777,1,0,1,0,71,1,0,2,1,1,1,1,1,1,1,0,2,20.85,1539.75,0,3,0.0135323705987343,0.0
3965,0,1,0,0,14,1,2,1,0,0,2,0,0,0,0,1,0,80.35,1058.1,0,1,0.0758663015768105,964.1999999999999
5234,0,0,0,0,2,1,0,1,0,0,0,0,0,0,0,1,2,70.15,123.8,0,0,0.562099358974359,0.0
2589,0,0,0,0,32,1,2,1,0,0,0,0,2,0,1,0,2,84.05,2781.85,1,2,0.0302028495966365,1008.5999999999999
4869,1,0,0,0,40,1,0,0,2,0,2,0,0,2,0,0,2,67.45,2731.0,0,2,0.0246888726207906,0.0
1861,1,0,0,0,1,1,0,2,1,1,1,1,1,1,0,0,1,20.75,20.75,0,0,0.9540229885057472,0.0
1006,1,0,0,0,1,1,0,1,0,0,0,0,2,2,0,1,2,89.1,89.1,1,0,0.9889012208657048,1069.1999999999998
654,0,0,0,0,7,1,0,1,0,0,0,0,0,0,0,1,3,69.9,497.3,0,0,0.1402769416014449,0.0
759,0,0,1,0,15,1,2,0,0,0,0,0,0,0,0,1,2,51.1,711.15,0,1,0.0717545460928175,0.0
2066,0,0,1,1,17,1,2,1,2,0,2,0,2,0,0,0,2,94.4,1607.2,1,1,0.0586991667703022,1132.8000000000002
2818,1,0,0,0,19,1,0,1,0,2,2,0,0,0,0,1,2,78.25,1490.95,1,1,0.0524481383424377,0.0
4060,1,0,0,0,71,1,2,2,1,1,1,1,1,1,2,0,0,25.55,1898.1,0,3,0.0134537412458533,0.0
2935,0,0,1,1,54,1,2,0,2,0,0,2,0,0,2,0,0,60.0,3273.95,0,3,0.0183208903952732,0.0
3778,1,0,1,0,31,1,2,1,2,2,0,2,0,0,0,1,1,90.55,2929.75,0,2,0.0308965281924422,0.0
2783,0,0,0,0,11,1,0,1,2,0,0,0,0,0,0,0,2,76.4,838.7,0,0,0.0909848755507919,916.8000000000001
6483,0,1,0,0,18,1,0,1,0,0,2,0,0,2,0,1,2,84.95,1443.65,0,1,0.0588031703180701,0.0
2262,0,1,0,0,72,1,2,1,2,2,0,2,2,2,2,1,0,110.1,7746.7,0,3,0.0142106689727273,0.0
1837,0,1,0,0,71,1,2,1,0,2,0,0,2,2,0,1,1,99.65,6951.15,0,3,0.0143336953316599,0.0
6823,1,1,0,0,5,0,1,0,0,0,2,2,2,0,0,0,1,45.4,214.75,0,0,0.2104287369640788,0.0
4958,1,0,1,0,38,1,2,0,0,0,2,2,0,2,1,0,1,69.0,2669.45,0,2,0.0258383418524967,0.0
3108,1,0,0,1,5,1,0,0,0,0,0,2,0,0,0,1,0,48.65,235.2,0,0,0.205969517358171,0.0
2636,1,1,0,0,2,1,0,0,0,0,0,0,0,0,0,1,2,44.15,92.65,1,0,0.4714361986118526,529.8
4087,0,1,0,0,52,1,2,0,2,0,2,0,0,0,2,0,0,59.85,3103.25,0,3,0.0192800193283401,0.0
5062,0,1,0,0,8,1,2,1,0,0,0,0,0,0,0,1,2,75.75,606.25,1,0,0.1247426924660354,909.0
1491,0,0,0,0,68,1,2,0,0,2,2,0,2,2,2,1,2,80.65,5330.2,0,3,0.0151279261704681,0.0
2999,1,0,1,1,69,1,0,2,1,1,1,1,1,1,1,1,1,20.55,1403.1,0,3,0.0146357097072858,0.0
6566,0,0,1,0,42,1,2,0,2,2,0,2,0,0,0,1,1,66.4,2727.8,0,2,0.0243330401641747,0.0
3043,0,0,0,0,50,1,0,1,0,2,0,2,2,2,2,1,3,100.2,5038.45,0,3,0.0198831221661093,0.0
4328,0,0,0,0,1,1,0,2,1,1,1,1,1,1,0,1,3,19.1,19.1,1,0,0.9502487562189056,229.20000000000002
5601,1,1,1,0,1,1,2,1,2,0,0,0,0,0,0,1,2,80.3,80.3,1,0,0.98769987699877,963.5999999999999
1042,1,0,1,0,33,1,0,0,0,0,0,0,0,0,0,1,1,44.55,1462.6,0,2,0.0304386444383711,0.0
4726,0,0,0,0,7,1,0,2,1,1,1,1,1,1,0,0,3,20.35,150.6,0,0,0.1342348284960422,0.0
400,1,0,1,1,64,1,2,1,2,2,2,0,0,0,0,1,2,91.8,5960.5,0,3,0.0153988090245743,0.0
4965,0,0,0,0,1,1,0,1,0,0,2,0,0,0,0,1,2,74.9,74.9,1,0,0.9868247694334652,898.8000000000001
1313,1,0,0,0,59,1,0,2,1,1,1,1,1,1,2,1,0,20.2,1192.3,0,3,0.0169278471465683,0.0
55,0,0,1,0,6,1,2,0,0,0,0,0,0,0,0,0,2,50.35,314.55,0,0,0.1595626683568372,0.0
2676,0,0,0,0,3,1,0,2,1,1,1,1,1,1,0,0,3,18.8,56.0,0,0,0.3298245614035088,0.0
5666,0,0,1,0,15,1,0,2,1,1,1,1,1,1,0,0,1,20.45,330.8,0,1,0.0616335141651597,0.0
4426,1,0,1,1,13,1,0,0,0,0,0,0,2,2,1,1,2,64.75,877.35,0,1,0.0737177662662947,0.0
6438,0,0,0,0,23,1,2,1,0,2,0,0,2,2,0,1,1,98.7,2249.1,0,1,0.0438647171236833,0.0
1840,1,1,1,0,31,1,2,1,2,0,0,0,2,0,0,0,2,89.45,2807.65,0,2,0.0318480408737293,0.0
6119,1,0,0,0,29,1,0,0,2,2,0,2,0,0,1,1,2,58.75,1696.2,0,2,0.0346158378505774,0.0
5967,0,0,1,0,49,1,0,2,1,1,1,1,1,1,1,0,1,20.7,1032.05,0,3,0.0200377522869173,0.0
3529,0,0,1,0,56,1,2,1,0,0,0,0,2,0,0,1,0,85.6,4902.8,0,3,0.017455850564868,0.0
4788,0,0,0,0,63,1,2,0,2,2,2,2,0,2,2,1,1,80.3,4995.35,0,3,0.0160717323646261,0.0
3318,1,0,1,0,63,1,2,0,0,0,2,2,2,2,2,0,1,79.8,5034.05,0,3,0.0158488992164923,0.0
368,1,1,1,1,24,1,2,1,2,0,0,0,0,0,0,1,2,79.85,1857.75,0,1,0.0429589778076664,0.0
2328,1,1,1,0,36,1,0,0,0,0,2,2,0,0,1,0,1,54.1,1992.85,0,2,0.0271334353135892,0.0
1159,0,1,0,0,9,1,0,1,0,0,0,0,2,0,0,1,2,80.85,751.65,1,0,0.1074204477512788,970.1999999999999
1772,1,0,0,0,3,0,1,0,0,0,0,0,0,0,0,0,2,24.75,66.95,1,0,0.3642384105960264,297.0
5814,0,0,1,0,21,1,0,0,2,0,2,2,2,2,1,0,3,80.9,1714.95,0,1,0.0471458958594364,0.0
2346,1,0,1,1,13,1,2,2,1,1,1,1,1,1,1,0,0,24.5,343.6,0,1,0.07109692396982,0.0
3343,1,0,1,1,1,1,0,2,1,1,1,1,1,1,0,1,0,20.15,20.15,0,0,0.9527186761229316,0.0
5409,0,0,1,1,25,1,0,2,1,1,1,1,1,1,1,0,3,20.05,520.1,0,2,0.0384763001343312,0.0
1870,1,0,1,1,71,1,0,2,1,1,1,1,1,1,2,1,0,19.6,1387.45,0,3,0.0141164608016133,0.0
6963,1,0,0,0,66,1,2,1,2,2,2,2,2,2,1,1,0,114.3,7383.7,0,3,0.0154779476485165,0.0
580,0,0,0,0,45,1,0,1,2,2,0,0,2,2,1,1,2,100.3,4483.95,0,2,0.0223636829842027,0.0
5826,0,0,1,0,22,1,0,1,0,0,0,0,2,0,0,1,1,80.0,1706.45,0,1,0.046853494977891,0.0
4947,0,0,1,0,67,1,0,2,1,1,1,1,1,1,1,1,0,20.85,1327.4,0,3,0.0156955736224028,0.0
5454,0,0,1,0,68,1,2,1,0,0,2,0,2,0,2,1,0,89.95,5974.3,0,3,0.015053637474269,0.0
5288,0,1,0,0,49,1,2,1,0,0,2,0,0,2,0,1,1,90.85,4515.85,1,3,0.0201135747257491,1090.1999999999998
1568,0,1,0,0,4,1,2,0,0,0,0,0,0,0,0,0,3,48.75,179.85,0,0,0.2695604091788775,0.0
740,1,0,1,0,63,1,2,0,2,2,2,2,0,2,1,0,1,80.0,5040.2,0,3,0.0158692374831389,0.0
6091,0,0,1,0,2,1,0,1,0,2,2,0,0,0,0,0,0,79.7,165.0,1,0,0.4801204819277108,956.4000000000001
1297,1,0,0,0,21,1,0,2,1,1,1,1,1,1,1,1,3,20.35,422.7,0,1,0.0480292659900873,0.0
2369,1,0,1,1,55,1,0,0,2,2,0,2,0,0,2,0,0,57.55,3046.4,1,3,0.0188849511058607,0.0
4140,1,0,0,1,1,1,0,2,1,1,1,1,1,1,0,1,3,20.25,20.25,0,0,0.9529411764705882,0.0
2459,0,0,0,0,17,1,0,2,1,1,1,1,1,1,2,0,3,19.4,358.05,0,1,0.0540314719398412,0.0
1026,1,0,0,0,30,1,2,1,2,0,0,0,2,2,0,1,0,100.4,2936.25,0,2,0.0341816324793599,0.0
249,1,0,1,1,22,1,0,0,2,2,0,2,0,0,0,1,3,57.95,1271.8,0,1,0.045529541169076,0.0
4079,0,0,0,0,9,1,0,0,0,0,0,2,2,0,0,1,0,59.5,530.05,0,0,0.1120421805856322,0.0
2349,1,0,1,1,1,1,0,2,1,1,1,1,1,1,0,0,3,19.2,19.2,0,0,0.9504950495049505,0.0
1391,0,0,1,0,21,1,2,1,0,0,0,0,0,2,0,1,2,86.5,1808.7,1,1,0.0477979775653423,1038.0
135,1,0,0,0,19,1,2,0,0,0,2,2,0,0,0,0,2,59.55,1144.6,0,1,0.0519814944134078,0.0
3902,0,0,1,1,69,1,2,1,0,2,2,0,2,2,0,1,2,103.95,7446.9,1,3,0.0139569543092683,1247.4
19,1,1,0,0,1,0,1,0,0,0,0,0,0,0,0,1,2,25.1,25.1,1,0,0.9616858237547892,301.20000000000005
5433,0,0,1,0,72,1,2,1,2,2,2,2,2,0,2,1,0,103.95,7556.9,0,3,0.013753820505696,0.0
3460,1,0,1,1,70,1,2,0,2,0,2,0,2,0,2,0,1,68.95,4858.7,0,3,0.0141881186081445,0.0
2148,0,0,0,0,66,1,2,1,2,2,2,2,0,2,0,1,0,103.1,6595.0,0,3,0.0156306852637962,0.0
3698,0,0,1,1,7,0,1,0,0,0,0,0,0,0,0,1,2,24.7,149.05,0,0,0.1646117960679773,0.0
5355,0,1,1,1,46,1,2,1,2,2,0,2,2,2,0,1,2,110.2,4972.1,0,2,0.0221592165852285,0.0
6367,1,0,0,0,39,0,1,0,2,2,0,2,2,0,0,1,1,48.95,1880.85,1,2,0.0260116374843903,587.4000000000001
156,0,0,1,1,32,1,2,0,0,2,2,0,0,0,0,0,0,62.45,2045.55,0,2,0.0305147687571767,0.0
899,1,0,0,0,24,1,0,1,0,2,2,0,0,2,0,1,2,89.55,2187.15,0,1,0.0409249822909763,0.0
5963,1,0,1,1,6,1,0,1,0,2,0,0,0,2,0,1,1,83.55,477.55,1,0,0.1745899070107616,1002.5999999999999
2594,0,0,0,0,37,1,2,0,2,2,2,2,2,0,0,1,1,78.9,2976.95,0,2,0.0264947363118924,0.0
1250,1,0,0,1,8,1,0,2,1,1,1,1,1,1,0,0,3,20.35,178.7,0,0,0.1132442960489705,0.0
1943,0,0,1,1,72,1,2,0,2,0,2,0,2,0,2,1,0,71.45,5025.85,0,3,0.0142136725782547,0.0
3706,1,1,1,0,71,0,1,0,2,2,2,2,0,0,2,0,1,46.35,3353.4,0,3,0.0138176723109945,0.0
578,0,0,1,0,16,1,0,1,0,2,0,0,2,2,0,1,0,94.65,1461.15,0,1,0.0647334404814827,1135.8000000000002
2524,0,0,1,0,57,0,1,0,2,0,2,2,0,2,0,1,0,49.9,2782.4,0,3,0.0179277143062441,0.0
5698,1,0,0,0,66,1,2,2,1,1,1,1,1,1,1,0,0,25.45,1699.15,0,3,0.0149692674175808,0.0
1214,0,1,0,0,17,1,0,1,0,2,2,0,2,0,0,1,2,89.15,1496.9,1,1,0.059516656652647,1069.8000000000002
3811,0,0,0,1,21,1,0,2,1,1,1,1,1,1,0,0,3,20.75,452.2,0,1,0.0457855251544572,0.0
285,1,0,1,0,66,1,2,0,2,2,2,0,0,0,2,1,1,66.1,4428.45,0,3,0.0149228459515289,0.0
4401,0,0,1,0,17,1,2,0,0,2,0,0,2,2,0,1,0,75.4,1322.55,0,1,0.0569680027199576,0.0
347,1,0,0,1,1,1,0,1,0,0,0,0,0,0,0,1,3,70.45,70.45,1,0,0.986004198740378,845.4000000000001
253,1,0,1,0,58,1,0,0,2,2,2,0,0,0,1,0,1,60.3,3563.8,1,3,0.01691539497307,0.0
709,0,0,1,1,8,1,0,2,1,1,1,1,1,1,0,0,1,21.05,139.75,0,0,0.1495559502664298,0.0
1055,1,0,0,0,27,1,0,0,2,0,2,2,2,0,1,0,1,69.35,1927.3,0,2,0.0359643209044235,0.0
3230,1,0,1,0,34,1,2,1,0,2,0,0,0,2,0,0,3,88.85,3000.25,0,2,0.0296043315285297,0.0
4870,1,0,0,0,30,1,0,1,0,2,0,0,2,2,1,1,0,97.0,3021.3,0,2,0.0320947622671475,0.0
4207,1,0,0,0,33,1,0,0,0,2,2,0,2,0,0,1,1,66.4,2245.4,0,2,0.0295584045584045,0.0
3312,1,0,0,1,1,0,1,0,0,0,0,0,0,0,0,0,2,24.75,24.75,1,0,0.9611650485436892,297.0
2126,1,0,1,1,14,1,2,0,2,2,0,0,0,2,0,0,3,69.2,944.65,0,1,0.0731771797176545,0.0
6101,0,0,0,1,16,1,2,1,0,0,0,2,0,0,1,1,1,79.5,1264.2,0,1,0.0628359152703129,0.0
3739,0,0,0,0,49,1,0,1,0,0,2,2,2,2,2,0,1,100.65,4917.75,0,3,0.0204625158831003,0.0
3868,1,0,1,1,19,1,2,1,0,0,2,2,2,2,0,0,2,103.3,2012.7,1,1,0.0512986045587724,1239.6
2426,0,0,1,1,70,1,2,0,2,2,2,2,2,0,2,0,0,79.7,5743.3,0,3,0.0138746235398569,0.0
3563,0,0,1,1,32,1,0,0,2,2,0,2,0,0,0,0,0,61.4,1864.65,0,2,0.0329107817650684,0.0
6081,0,0,0,0,18,1,0,1,0,0,0,0,0,0,0,1,2,69.8,1221.65,0,1,0.0570891097206886,0.0
2728,1,0,0,0,37,0,1,0,2,2,0,2,0,0,2,1,3,40.55,1390.85,0,2,0.0291338865538671,0.0
3324,0,0,0,0,4,1,2,1,0,0,0,0,0,0,0,1,2,75.65,302.35,0,0,0.2493819020932915,0.0
390,0,0,1,0,16,1,2,1,2,2,2,0,0,0,0,0,2,90.7,1374.9,0,1,0.0659204884075877,0.0
3871,1,0,1,0,17,1,2,1,0,2,0,0,0,0,0,1,0,80.5,1336.9,0,1,0.0601689214440541,0.0
2536,0,0,0,1,19,1,0,0,2,2,2,0,0,0,0,1,2,60.6,1297.8,0,1,0.0466584539574992,0.0
2596,1,0,1,0,60,1,2,1,0,0,2,0,2,2,2,0,1,101.15,6067.4,0,3,0.0166683145474919,0.0
1550,1,0,1,1,51,1,2,2,1,1,1,1,1,1,2,1,3,24.95,1222.25,0,3,0.0203964847741671,0.0
7003,1,0,1,1,28,1,0,2,1,1,1,1,1,1,2,1,1,20.3,487.95,0,2,0.0415175375805297,0.0
2364,1,0,0,0,43,1,0,0,0,2,0,0,0,2,2,1,2,60.0,2548.55,0,2,0.02353356474672,0.0
3389,1,0,1,0,42,1,0,2,1,1,1,1,1,1,2,0,2,20.25,835.5,0,2,0.0242080095636581,0.0
6922,1,0,0,0,3,1,0,1,0,0,0,0,2,0,0,1,2,78.5,242.05,1,0,0.3229788109442501,942.0
1832,0,0,0,0,1,1,0,0,0,0,0,0,0,0,0,0,3,44.75,44.75,0,0,0.9781420765027322,0.0
87,0,0,0,0,3,1,0,2,1,1,1,1,1,1,0,0,3,19.85,63.75,1,0,0.3065637065637066,238.20000000000002
2183,0,0,0,0,63,1,2,1,2,2,2,0,2,0,2,0,1,98.0,6218.45,0,3,0.0157570203153011,0.0
4357,1,1,0,0,3,1,0,1,0,0,0,0,2,0,0,1,2,79.9,260.9,1,0,0.3050782741504391,958.8000000000001
5544,1,0,1,0,68,1,2,1,2,2,0,2,2,2,0,1,2,107.7,7320.9,0,3,0.0147092967672325,0.0
4628,0,1,0,0,30,1,2,1,0,2,0,0,2,2,0,1,2,99.7,2967.35,1,2,0.0335876833931308,1196.4
1343,0,0,0,0,60,1,2,1,0,2,2,0,2,2,2,0,2,104.7,6333.8,0,3,0.016527751468081,0.0
3467,1,0,0,0,15,1,2,0,0,2,0,2,0,0,0,1,1,58.6,939.7,1,1,0.0622940363559051,0.0
1102,1,1,0,0,45,1,2,1,0,0,0,0,2,2,0,1,0,93.9,4200.25,0,2,0.0223504909253198,0.0
4746,0,0,1,0,70,1,0,0,2,2,2,2,2,2,2,0,1,86.45,5950.2,0,3,0.0145264820540395,0.0
1008,1,0,1,0,10,1,2,1,0,0,2,0,2,2,0,1,2,98.5,1037.75,1,0,0.0948255114320096,1182.0
5958,1,0,0,0,4,1,0,2,1,1,1,1,1,1,0,0,3,19.4,93.4,0,0,0.2055084745762711,0.0
5878,0,0,0,0,1,1,0,0,0,0,2,0,0,0,0,1,3,50.45,50.45,1,0,0.9805636540330418,605.4000000000001
1106,0,0,1,0,68,1,2,2,1,1,1,1,1,1,2,1,1,24.95,1614.9,0,3,0.0154403119004888,0.0
5392,1,0,1,1,22,1,0,1,2,0,0,0,0,0,0,0,0,75.0,1573.95,0,1,0.0476205593828375,0.0
1370,1,0,1,1,38,1,2,1,0,2,2,0,2,0,0,1,2,94.65,3624.3,1,2,0.0261081841502772,1135.8000000000002
2217,0,0,0,0,1,1,2,1,0,2,0,0,2,2,0,1,1,100.25,100.25,1,0,0.9901234567901236,1203.0
238,1,0,1,0,18,1,0,1,0,0,2,2,0,0,0,0,2,78.2,1468.75,0,1,0.0532063276067358,0.0
49,1,0,0,0,29,1,0,1,0,0,0,2,2,2,0,1,2,94.2,2607.6,0,2,0.036111324081883,0.0
4306,0,0,0,0,16,1,2,1,0,0,2,0,0,2,0,1,2,88.45,1422.1,1,1,0.0621530461668189,1061.4
3201,1,0,0,0,1,1,0,1,0,0,0,0,0,0,0,1,2,69.85,69.85,1,0,0.9858856739590685,838.1999999999999
2100,1,0,0,0,12,1,0,1,2,0,2,0,0,0,0,0,0,81.7,858.6,1,0,0.0950442066077245,980.4000000000001
2516,1,0,0,0,31,0,1,0,0,0,2,0,2,2,1,1,2,50.05,1523.4,0,2,0.0328325898714248,0.0
3365,1,0,0,0,4,1,0,1,0,0,0,0,0,2,0,1,2,79.9,324.3,1,0,0.2456194282201045,958.8000000000001
454,0,0,1,0,48,1,2,0,0,0,2,2,0,2,1,1,3,69.55,3435.6,0,2,0.0202380259558866,0.0
5029,0,0,0,0,15,1,2,2,1,1,1,1,1,1,0,1,1,25.4,399.6,1,1,0.0634048926610084,304.79999999999995
4882,1,0,0,0,50,1,0,1,2,2,2,2,0,0,1,1,1,90.1,4549.45,0,3,0.0198002395367491,0.0
5852,1,0,0,0,7,1,0,0,0,0,0,0,0,0,0,1,0,44.65,322.5,0,0,0.1380216383307573,0.0
1700,1,1,1,0,41,1,2,1,2,0,2,0,0,0,0,1,0,83.75,3273.55,1,2,0.0255760333480936,1005.0
6707,1,0,1,1,68,1,0,1,2,0,2,0,0,0,2,0,1,80.35,5375.15,0,3,0.0149456395375873,0.0
1825,0,1,1,0,26,1,2,1,0,0,2,0,2,2,0,1,0,98.1,2510.7,0,2,0.0390572122466855,0.0
783,1,0,0,0,57,0,1,0,0,0,2,2,2,2,2,0,1,53.35,3090.05,0,3,0.0172595072871677,0.0
3276,0,0,0,0,3,1,0,2,1,1,1,1,1,1,0,0,2,19.55,61.05,0,0,0.3150684931506849,0.0
5262,0,0,0,0,1,1,0,2,1,1,1,1,1,1,0,0,3,20.9,20.9,1,0,0.954337899543379,250.79999999999998
4919,1,0,1,1,19,1,0,0,2,0,0,0,0,0,1,1,0,48.95,955.6,0,1,0.0511708132970938,0.0
675,0,0,0,0,3,1,0,0,0,0,0,0,2,0,0,1,2,54.2,140.4,0,0,0.3833097595473833,0.0
3574,0,0,0,0,59,1,2,2,1,1,1,1,1,1,2,0,2,24.45,1493.1,0,3,0.0163643665082658,0.0
5604,0,0,1,0,1,1,0,1,0,0,0,0,0,0,0,1,3,69.4,69.4,1,0,0.9857954545454546,832.8000000000001
6093,1,0,1,0,42,0,1,0,2,0,0,0,2,0,0,1,0,40.15,1626.05,0,2,0.0246765618757874,0.0
4757,0,0,0,0,7,1,2,1,0,0,0,0,0,0,0,1,2,74.9,541.15,1,0,0.1381536475145255,898.8000000000001
2717,1,0,1,0,67,1,2,2,1,1,1,1,1,1,2,0,1,25.6,1784.9,0,3,0.014334509211042,0.0
5277,1,0,0,0,1,1,0,1,0,0,0,0,0,0,0,1,2,70.35,70.35,0,0,0.9859845830413456,0.0
5646,1,0,1,0,66,1,2,0,2,2,2,2,2,2,2,0,0,91.7,6075.9,0,3,0.0150899307212559,0.0
5148,0,0,0,0,61,1,2,1,0,0,2,0,0,2,0,0,3,89.2,5500.6,0,3,0.0162134651737676,0.0
2882,1,0,1,1,4,1,2,2,1,1,1,1,1,1,1,0,1,24.1,73.1,0,0,0.3252361673414305,0.0
2592,0,1,1,0,42,1,0,1,2,0,0,0,0,0,0,1,1,74.15,3229.4,1,2,0.0229538137691926,889.8000000000001
5861,0,0,1,1,64,1,2,0,0,2,0,0,0,0,1,1,0,53.85,3399.85,0,3,0.0158342767249364,0.0
303,0,1,1,0,54,1,2,1,2,2,2,2,2,2,1,1,0,115.6,6431.05,0,3,0.0179724971043446,0.0
5565,1,0,0,0,1,1,0,2,1,1,1,1,1,1,0,1,1,19.75,19.75,0,0,0.9518072289156626,0.0
2174,1,0,1,1,54,1,2,2,1,1,1,1,1,1,2,1,0,24.05,1230.9,0,3,0.0195226885299131,0.0
6061,0,0,0,1,18,1,2,2,1,1,1,1,1,1,2,0,1,25.3,454.65,0,1,0.0555250740700098,0.0
134,1,0,0,0,3,1,0,1,0,2,0,0,0,2,0,0,2,84.3,235.05,0,0,0.3571277271764456,0.0
3287,0,0,0,0,1,1,0,1,0,0,0,0,0,0,0,1,2,70.1,70.1,1,0,0.9859353023909986,841.1999999999999
6661,0,0,1,1,72,1,2,0,2,2,2,2,2,2,2,0,1,89.75,6595.9,0,3,0.0136048750170534,0.0
388,1,1,1,0,60,1,0,1,0,2,2,0,2,2,1,1,2,97.95,5867.0,0,3,0.0166922290388548,0.0
660,0,0,1,1,11,1,0,2,1,1,1,1,1,1,1,1,3,20.0,196.35,0,0,0.1013427919939194,0.0
4374,0,0,0,1,12,1,2,1,2,0,0,0,0,0,0,1,2,78.3,909.25,1,0,0.0860203240867893,939.5999999999999
1949,1,0,1,1,61,1,0,1,0,2,2,2,2,2,1,0,1,103.9,6449.15,0,3,0.0161081525235847,0.0
3520,0,0,0,0,39,1,0,2,1,1,1,1,1,1,2,0,1,20.7,762.45,0,2,0.0271137599056912,0.0
869,1,0,0,0,55,1,2,1,0,0,0,0,2,2,0,1,2,96.8,5283.95,1,3,0.0183161619315225,1161.6
6792,0,0,0,0,17,1,2,1,2,2,0,0,2,0,0,1,2,94.4,1617.5,1,1,0.058325610132839,1132.8000000000002
5903,1,0,0,0,37,1,0,2,1,1,1,1,1,1,1,0,1,20.15,785.75,0,2,0.0256116936765173,0.0
4903,0,0,1,0,72,1,2,2,1,1,1,1,1,1,2,1,3,26.0,1776.0,0,3,0.0146314012380416,0.0
3781,1,1,1,0,72,1,2,0,0,2,2,2,2,0,2,0,1,77.35,5396.25,0,3,0.0143313724581963,0.0
5525,0,0,0,0,8,1,0,0,2,0,0,2,0,2,0,0,0,66.05,574.5,0,0,0.1147697654213727,0.0
2462,0,0,1,1,22,1,0,2,1,1,1,1,1,1,0,0,3,19.9,400.3,0,1,0.0495888362820832,0.0
1352,0,0,0,0,1,1,0,1,0,2,0,0,2,0,0,0,2,84.3,84.3,1,0,0.9882766705744432,1011.5999999999999
4508,0,0,0,0,38,1,2,0,0,2,0,2,0,2,0,0,1,68.15,2656.3,0,2,0.0256463327437624,0.0
2530,1,0,0,1,17,1,0,0,0,2,2,2,2,2,1,0,2,80.85,1445.95,0,1,0.0558761532879505,0.0
484,0,1,0,0,70,1,2,0,0,2,2,2,2,0,2,1,0,75.5,5212.65,0,3,0.0144812175731013,0.0
6044,0,1,1,1,72,1,2,0,2,2,2,2,2,2,2,0,1,92.45,6440.25,1,3,0.0143528041917329,1109.4
2774,0,0,0,0,28,1,0,1,0,0,0,0,0,2,0,1,2,80.6,2244.95,0,2,0.0358868184955141,0.0
6521,0,0,0,0,15,1,0,1,0,2,0,0,2,0,0,1,0,83.2,1130.0,0,1,0.0735632183908046,0.0
2850,1,0,1,1,72,1,2,0,2,2,2,2,2,2,2,1,0,87.55,6463.15,0,3,0.0135439307565573,0.0
1351,0,1,1,0,11,1,2,1,0,0,2,0,2,2,0,1,2,99.55,1131.2,1,0,0.0879261614555732,1194.6
6218,1,1,0,0,8,1,2,1,0,0,2,0,0,0,0,1,2,81.25,585.95,1,0,0.1384274640088593,975.0
59,0,0,1,0,57,1,2,1,0,2,2,2,2,2,1,1,0,109.4,6252.7,0,3,0.0174936437628923,0.0
2439,1,0,1,1,1,1,0,2,1,1,1,1,1,1,0,0,0,19.95,19.95,1,0,0.9522673031026252,239.39999999999998
6112,0,0,1,0,46,0,1,0,2,2,0,0,2,0,0,0,2,45.55,2062.15,0,2,0.0220778906041732,0.0
5182,1,0,1,0,30,1,0,2,1,1,1,1,1,1,1,0,1,20.7,587.1,0,2,0.0351980955619792,0.0
6692,1,1,1,0,10,1,0,1,2,0,0,0,0,0,0,0,2,75.3,720.45,0,0,0.1043731374315614,903.5999999999999
2758,1,0,1,0,23,1,2,1,2,2,2,0,2,0,0,1,2,99.25,2186.4,1,1,0.0453735027886989,1191.0
4650,1,0,0,0,32,1,0,1,2,2,2,0,0,2,0,1,1,93.4,2979.3,0,2,0.0313391269335301,0.0
3421,1,0,0,0,13,1,0,1,2,0,0,0,0,0,0,1,1,73.75,956.65,0,1,0.0770114342400668,885.0
5438,0,0,0,0,39,1,0,1,0,0,2,2,0,0,2,1,2,80.45,3201.55,1,2,0.0251206070162838,965.4000000000001
6809,0,0,0,0,44,1,0,1,0,2,2,0,2,0,0,1,1,88.15,3973.2,0,2,0.0221805646419405,0.0
288,1,1,0,0,9,1,0,0,0,0,0,2,0,0,0,0,3,49.2,447.9,0,0,0.1096012474938739,0.0
1309,0,0,1,0,67,1,0,2,1,1,1,1,1,1,2,0,3,19.65,1335.2,0,3,0.0147058823529411,0.0
3455,1,0,1,1,9,1,2,1,0,0,2,0,0,0,0,1,0,79.35,661.25,1,0,0.1198187995469988,952.1999999999999
1458,0,0,0,0,15,1,2,1,0,2,0,0,0,0,0,1,2,79.75,1111.85,1,1,0.071662847643438,957.0
3802,0,0,1,0,71,1,2,1,0,2,2,0,2,2,2,1,0,105.15,7555.0,0,3,0.0139160931709899,0.0
1783,1,0,0,0,1,1,0,0,0,0,0,2,0,0,0,0,1,49.0,49.0,0,0,0.98,0.0
6788,0,0,1,1,30,1,2,1,0,0,2,0,2,2,0,1,2,100.05,3046.15,1,2,0.0328339596015949,1200.6
2394,1,0,0,0,1,1,0,1,0,0,0,0,0,0,0,1,2,69.35,69.35,1,0,0.9857853589196872,832.1999999999999
758,1,0,1,0,17,0,1,0,0,2,0,0,2,2,0,1,3,49.8,836.35,0,1,0.0594733385083895,0.0
252,0,0,0,0,3,1,0,1,0,0,0,2,0,2,0,0,2,85.8,272.2,1,0,0.3140556368960469,1029.6
3035,1,0,1,1,67,1,2,0,2,0,2,0,2,2,2,1,2,79.7,5293.4,1,3,0.0150536415835599,956.4000000000001
4774,1,0,0,0,1,1,0,2,1,1,1,1,1,1,0,0,0,20.95,20.95,0,0,0.9544419134396356,0.0
6383,0,1,0,0,1,1,2,0,0,0,0,0,0,0,0,0,3,50.55,50.55,1,0,0.9806013579049466,606.5999999999999
6362,0,1,1,0,32,1,2,1,0,0,2,0,0,0,0,0,3,79.3,2570.0,0,2,0.0308440295604823,0.0
5117,1,0,1,1,41,1,0,2,1,1,1,1,1,1,1,0,0,19.5,798.2,0,2,0.0243993993993993,0.0
201,1,0,1,0,1,1,0,1,0,0,0,0,2,0,0,1,2,80.55,80.55,1,0,0.987737584304108,966.5999999999999
4350,0,0,0,0,1,1,0,0,0,0,0,0,0,0,0,0,0,44.15,44.15,0,0,0.9778516057585824,0.0
3914,0,0,1,1,12,1,2,1,0,2,2,0,0,0,0,1,2,84.5,916.9,1,0,0.0920579583832661,1014.0
3789,1,0,1,1,62,1,2,1,2,2,0,0,2,2,0,1,2,105.5,6487.2,0,3,0.0162602879072778,0.0
3951,0,0,0,0,22,1,0,1,0,2,0,0,0,2,0,1,3,84.3,1855.65,1,1,0.0454043573102092,1011.5999999999999
1402,0,0,0,1,17,1,2,1,0,2,2,2,0,0,0,1,1,92.7,1556.85,0,1,0.0595050871393266,1112.4
3217,0,0,1,1,72,1,2,2,1,1,1,1,1,1,2,1,0,26.25,1988.05,0,3,0.013197254970966,0.0
4108,1,0,1,1,56,1,2,1,0,2,0,2,2,0,0,1,1,96.95,5432.2,0,3,0.0178439961716851,0.0
953,0,0,0,0,9,1,0,2,1,1,1,1,1,1,0,1,1,20.45,147.55,0,0,0.1376640861662739,0.0
4174,1,0,1,0,72,1,2,1,2,2,2,2,2,2,2,1,0,115.8,8424.9,0,3,0.0137433389904935,0.0
3021,1,0,0,0,20,1,0,1,2,2,2,2,2,2,0,1,0,108.2,2203.7,0,1,0.0490769719236177,0.0
3362,1,0,1,1,19,1,0,2,1,1,1,1,1,1,2,0,3,20.2,387.4,0,1,0.0520082389289392,0.0
2630,1,0,0,0,2,1,0,1,0,0,0,0,0,0,0,1,2,67.75,116.65,1,0,0.5758606034849129,813.0
4199,1,0,0,0,53,0,1,0,0,0,2,2,2,2,1,0,1,54.9,3045.75,0,3,0.0180192007877246,0.0
5715,0,1,0,0,27,1,2,1,0,0,0,0,0,2,0,1,2,85.25,2287.25,1,2,0.0372555446301759,1023.0
5520,1,0,0,0,6,1,0,2,1,1,1,1,1,1,0,0,0,20.15,130.5,0,0,0.1532319391634981,0.0
1540,1,0,1,1,9,1,2,1,0,0,2,0,2,0,1,1,2,90.35,767.9,0,0,0.117505527376772,0.0
6615,0,0,1,1,8,1,2,0,0,2,0,0,0,0,0,0,2,55.75,446.8,0,0,0.124497543546226,0.0
3775,0,0,1,1,71,1,2,1,2,2,2,2,2,2,2,0,0,114.6,8100.25,0,3,0.0141459651288381,0.0
3161,0,0,0,0,10,1,2,1,0,2,0,0,0,0,0,1,0,80.05,830.7,1,0,0.0962486473488036,960.5999999999999
3429,1,0,0,0,1,1,0,2,1,1,1,1,1,1,0,0,3,20.0,20.0,1,0,0.9523809523809524,240.0
1259,0,0,1,0,71,0,1,0,2,2,2,2,2,2,1,0,0,66.8,4689.15,0,3,0.0142426148417428,0.0
5929,1,0,1,0,68,1,0,1,0,2,0,2,2,2,1,1,2,100.3,6754.35,0,3,0.0148474912476777,0.0
1860,1,0,0,0,34,1,2,1,0,2,0,2,2,2,0,1,2,105.35,3540.65,0,2,0.0297460223342227,0.0
2590,1,0,0,0,26,1,0,1,0,2,2,2,0,0,1,1,2,85.2,2184.6,0,2,0.0389824304538799,0.0
5419,0,0,0,0,22,1,0,0,2,0,0,0,0,0,0,1,1,48.8,1054.6,1,1,0.0462296324365289,585.5999999999999
954,1,0,0,0,7,1,0,2,1,1,1,1,1,1,0,1,3,18.95,130.55,0,0,0.1440516913721018,0.0
402,0,0,1,0,20,1,0,1,0,0,0,0,0,0,0,1,0,69.8,1540.35,0,1,0.0452849774548285,0.0
4518,0,0,1,0,60,1,2,1,0,2,2,0,2,2,0,1,2,106.15,6411.25,0,3,0.0165542516277437,0.0
4853,1,0,1,1,72,1,0,2,1,1,1,1,1,1,2,0,2,20.55,1432.55,0,3,0.014335042377315,0.0
6348,0,1,1,0,72,1,2,1,0,2,2,0,2,2,1,1,1,105.75,7629.85,0,3,0.0138582202506929,0.0
6168,1,0,0,0,4,1,2,2,1,1,1,1,1,1,0,0,3,25.25,101.9,0,0,0.2453838678328474,0.0
2219,1,0,1,1,16,1,0,2,1,1,1,1,1,1,0,0,2,19.75,313.4,0,1,0.0628180661577608,0.0
317,0,1,1,0,62,1,2,1,2,0,2,0,2,2,1,1,2,104.85,6312.9,0,3,0.016606218026893,0.0
5504,0,0,0,0,10,1,0,0,0,0,0,2,0,2,0,1,3,60.95,629.55,0,0,0.0966616445959876,0.0
3999,1,0,0,0,31,1,2,1,0,2,0,0,0,0,0,1,2,81.15,2640.55,0,2,0.0307205996479339,0.0
561,0,0,1,0,71,1,0,2,1,1,1,1,1,1,2,0,1,19.1,1372.45,0,3,0.0139065856055917,0.0
6403,1,0,0,0,58,1,0,2,1,1,1,1,1,1,2,0,3,20.8,1212.25,0,3,0.0171440346177622,0.0
4330,1,0,1,1,70,1,2,0,2,2,2,2,2,2,2,1,1,90.15,6237.05,0,3,0.0144516315194652,0.0
1651,0,0,1,0,71,1,2,0,2,2,2,2,2,2,2,0,2,90.1,6310.9,0,3,0.0142746241226888,0.0
5317,1,1,0,0,69,1,2,0,2,0,2,2,0,2,2,0,1,74.1,5031.0,0,3,0.0147257551669316,0.0
725,0,1,0,0,1,1,2,1,0,0,0,0,0,2,0,1,2,85.05,85.05,1,0,0.9883788495061012,1020.5999999999999
5350,0,0,1,1,72,1,2,1,2,2,2,2,2,2,2,1,0,118.75,8672.45,0,3,0.0136912070744628,0.0
3685,0,0,1,0,26,1,0,1,0,0,0,2,0,2,0,0,1,85.9,2196.45,0,2,0.0390907642949782,0.0
1427,0,0,1,0,33,1,2,1,0,0,2,2,0,2,0,1,1,95.0,3008.15,0,2,0.0315703770167655,0.0
1033,0,0,1,1,10,1,0,2,1,1,1,1,1,1,2,0,3,20.15,220.8,0,0,0.0908476104598737,0.0
3438,0,1,0,0,57,1,2,1,2,0,2,2,0,2,2,0,1,101.3,5779.6,0,3,0.0175241324429989,0.0
5668,0,0,0,0,10,1,0,2,1,1,1,1,1,1,0,1,2,21.2,222.65,0,0,0.0947909680304046,0.0
1276,0,0,1,1,39,1,2,2,1,1,1,1,1,1,1,1,3,24.2,914.6,0,2,0.0264307557885539,0.0
6513,0,0,0,0,11,1,0,2,1,1,1,1,1,1,0,0,0,20.3,246.3,0,0,0.0820865345733926,0.0
3249,0,0,1,1,21,1,0,1,0,2,2,2,2,2,0,1,2,102.8,2110.15,1,1,0.0486938398503185,1233.6
1506,0,0,1,1,68,1,2,0,0,2,2,2,2,2,2,0,0,85.3,5560.0,0,3,0.0153389678115446,0.0
1668,1,0,0,0,18,1,2,1,0,0,2,0,2,0,1,1,1,89.6,1633.0,0,1,0.0548347613219094,0.0
2397,0,0,0,0,6,1,0,1,0,0,2,2,2,2,0,1,3,99.95,547.65,1,0,0.1821744281418026,1199.4
3471,1,0,0,0,18,1,2,0,2,0,0,0,0,0,0,0,3,56.25,969.85,0,1,0.0579389195035278,0.0
1236,0,0,1,1,52,1,0,0,0,0,2,0,0,0,1,1,0,50.95,2610.65,0,3,0.0195087396856393,0.0
1183,1,0,1,1,56,1,2,1,2,2,2,2,2,2,2,0,3,115.85,6567.9,0,3,0.0176361339036977,0.0
2756,1,0,0,0,45,1,2,1,0,0,2,2,2,2,0,1,0,103.65,4747.85,0,2,0.0218263369026185,0.0
854,0,0,0,0,67,1,2,2,1,1,1,1,1,1,2,1,3,26.1,1759.55,0,3,0.0148249126693362,0.0
2510,1,0,1,0,3,0,1,0,2,0,0,2,0,0,0,0,3,35.1,101.1,0,0,0.3437806072477963,421.20000000000005
5718,1,1,0,0,65,1,0,1,0,2,2,0,2,2,0,1,0,99.1,6496.15,0,3,0.015252841630561,0.0
2666,1,0,1,0,63,1,2,0,0,2,0,2,0,2,2,0,3,67.25,4234.15,0,3,0.0158790125497325,0.0
1180,0,0,1,1,11,1,2,2,1,1,1,1,1,1,2,0,3,25.0,300.7,0,0,0.0828637719588995,0.0
1968,1,0,0,1,1,1,0,0,0,0,0,2,0,2,0,1,3,59.55,59.55,0,0,0.9834847233691164,0.0
551,1,0,0,0,55,1,2,0,0,0,2,0,2,2,2,1,0,77.8,4323.35,0,3,0.0179911431775873,0.0
1729,1,0,1,1,25,1,2,0,0,0,0,2,0,0,1,1,3,55.1,1466.1,0,2,0.0375570854065844,0.0
2000,1,0,1,0,72,1,2,1,2,2,2,2,2,2,1,1,0,117.8,8684.8,1,3,0.0135623661608602,1413.6
430,0,0,1,0,72,1,2,2,1,1,1,1,1,1,2,1,1,24.15,1776.45,0,3,0.0135868800810149,0.0
4765,0,0,0,1,65,0,1,0,0,2,0,2,2,0,2,0,3,45.25,2933.95,0,3,0.0154176391420637,0.0
4955,0,1,0,0,54,1,2,1,0,2,0,0,0,0,0,1,2,79.5,4370.25,1,3,0.018187017443523,954.0
3314,1,0,1,1,7,1,0,2,1,1,1,1,1,1,0,0,3,20.25,144.35,0,0,0.1393188854489164,0.0
6672,0,0,1,0,72,1,2,0,2,2,0,2,0,0,2,0,0,64.75,4804.75,0,3,0.0134734432710815,0.0
3026,1,0,1,0,21,1,0,0,0,0,0,0,2,0,0,0,0,54.6,1125.2,0,1,0.0484816196057538,0.0
2094,0,0,0,0,2,1,0,2,1,1,1,1,1,1,0,1,0,20.7,39.85,0,0,0.5067319461444308,0.0
4494,1,1,0,0,4,1,0,1,0,0,2,0,2,2,0,1,2,94.75,422.4,0,0,0.2237836561171469,0.0
2987,1,0,1,0,3,1,2,1,0,0,0,2,0,0,0,1,0,79.65,251.75,1,0,0.31513353115727,955.8000000000001
6011,1,0,1,0,72,1,2,1,2,2,2,2,2,2,2,0,1,115.8,8332.15,0,3,0.0138963057187258,0.0
197,0,0,0,0,6,1,0,0,2,0,0,0,0,0,0,1,2,49.45,314.6,0,0,0.1566856780735107,0.0
6130,1,0,0,0,52,1,0,1,0,0,2,0,0,2,0,1,1,83.8,4331.4,0,3,0.0193426276428769,0.0
6179,1,1,1,0,69,1,2,1,0,2,2,0,0,2,0,1,0,95.35,6382.0,0,3,0.0149381168729437,0.0
210,1,0,0,0,8,1,0,1,0,0,2,0,2,2,0,1,2,94.7,740.3,1,0,0.1277485498448671,1136.4
3114,0,1,0,0,8,1,0,1,0,0,2,0,0,0,0,1,0,74.05,600.15,0,0,0.1231805705730682,0.0
635,0,1,0,0,63,1,2,1,0,0,2,0,0,2,0,1,0,89.6,5538.8,0,3,0.016173869092747,0.0
2570,1,0,0,0,60,1,2,1,2,2,2,2,2,2,1,1,1,116.6,7049.5,0,3,0.0165378341961563,0.0
822,0,0,1,0,12,1,0,0,2,0,0,2,0,0,0,0,0,54.2,690.5,0,0,0.0783803326102675,0.0
4321,0,0,0,0,13,1,0,2,1,1,1,1,1,1,0,1,3,19.3,279.3,0,1,0.0688547984302533,0.0
1252,1,0,0,0,22,1,2,0,2,2,2,0,0,0,0,0,3,65.05,1427.55,0,1,0.0455356830352455,0.0
1688,1,0,0,0,5,1,2,1,0,0,2,0,2,0,0,1,2,92.5,452.7,1,0,0.2038792153405334,1110.0
3333,0,0,1,1,1,1,0,2,1,1,1,1,1,1,0,0,3,19.45,19.45,1,0,0.9511002444987776,233.39999999999998
1228,0,0,1,1,72,1,2,2,1,1,1,1,1,1,2,1,0,24.05,1709.15,0,3,0.0140630938806537,0.0
6621,0,0,0,0,2,1,0,2,1,1,1,1,1,1,0,0,0,18.75,53.15,0,0,0.3462603878116344,0.0
6393,0,0,1,1,40,1,0,2,1,1,1,1,1,1,2,0,0,20.15,777.35,0,2,0.0258880966146335,0.0
877,1,0,1,1,44,1,0,2,1,1,1,1,1,1,1,0,0,20.0,860.85,0,2,0.0232058942971514,0.0
6646,1,1,1,0,71,1,0,0,2,2,0,2,2,0,1,1,0,71.0,5012.1,0,3,0.0141628932197642,0.0
5541,0,0,0,0,2,1,2,1,0,0,0,0,0,0,0,1,2,75.55,166.3,1,0,0.4515839808726837,906.5999999999999
5244,1,1,0,0,26,1,2,1,0,0,0,0,2,2,0,1,2,93.6,2404.1,0,2,0.0389173007359361,1123.1999999999998
1254,1,0,1,1,1,1,0,1,0,0,0,0,0,0,0,1,2,70.0,70.0,1,0,0.9859154929577464,840.0
6962,0,0,0,0,1,0,1,0,0,0,0,0,0,0,0,0,3,24.4,24.4,0,0,0.9606299212598424,0.0
3875,1,0,1,1,65,1,0,0,2,0,0,2,2,2,2,1,0,74.8,4820.15,1,3,0.0155149704945915,897.5999999999999
850,1,0,0,0,3,1,2,0,0,0,0,2,2,0,0,1,3,65.25,209.9,0,0,0.3093883357041251,0.0
4039,1,0,0,0,13,1,0,0,0,0,0,2,0,0,0,1,3,50.55,610.75,0,1,0.0826317940335104,0.0
3700,0,0,1,0,33,1,2,1,0,2,2,0,2,2,0,1,2,104.4,3409.6,1,2,0.0306104497742332,1252.8000000000002
3542,0,0,0,0,1,1,0,1,0,0,0,0,0,0,0,1,3,70.7,70.7,0,0,0.9860529986052998,848.4000000000001
5237,1,0,1,1,4,1,0,0,0,0,0,0,0,0,0,0,3,45.25,155.35,0,0,0.2894147745442916,0.0
6832,1,0,0,0,2,1,0,1,0,0,0,0,0,0,0,1,2,70.3,144.0,0,0,0.4848275862068965,843.5999999999999
3652,1,0,1,0,72,1,2,1,2,2,0,2,2,2,2,1,1,108.95,7875.0,0,3,0.0138331640426612,0.0
4608,0,0,1,1,37,1,2,2,1,1,1,1,1,1,0,0,3,26.45,911.6,0,2,0.0289831251369712,0.0
2468,0,0,0,0,15,1,0,1,2,0,0,0,2,0,0,0,2,86.2,1270.2,1,1,0.0678099433606041,0.0
2216,0,0,0,0,23,1,0,2,1,1,1,1,1,1,1,1,1,19.65,478.1,0,1,0.041014402003757,0.0
1420,0,0,1,1,30,0,1,0,0,0,0,2,2,2,0,0,1,51.2,1561.5,1,2,0.032768,614.4000000000001
3150,0,0,1,1,42,1,0,2,1,1,1,1,1,1,1,1,2,19.05,761.85,0,2,0.0249721439339319,0.0
4235,0,0,0,0,32,1,2,0,2,0,0,0,2,2,1,0,3,74.75,2282.95,0,2,0.0327283872238884,0.0
6892,0,0,1,1,22,1,2,1,0,0,0,0,0,0,0,1,0,75.8,1615.1,0,1,0.0469030381783305,0.0
4789,1,0,1,0,42,0,1,0,0,0,0,0,0,0,0,1,1,25.1,1097.15,0,2,0.0228566225014797,0.0
5983,0,0,0,0,8,1,0,0,0,0,0,0,0,0,0,0,3,44.45,369.3,0,0,0.1200378071833648,0.0
4681,0,0,1,1,65,1,2,1,2,0,2,0,2,2,2,1,1,104.3,6725.3,0,3,0.0155062961806639,0.0
603,0,0,0,0,2,1,0,2,1,1,1,1,1,1,0,0,3,19.5,31.55,1,0,0.599078341013825,234.0
6616,0,0,1,1,70,1,2,0,2,2,2,2,2,2,2,1,0,89.0,6293.2,0,3,0.0141400019065171,0.0
2821,1,0,0,1,22,1,0,2,1,1,1,1,1,1,0,0,1,20.15,432.5,0,1,0.0464821222606689,0.0
491,0,1,0,0,4,1,2,1,0,0,0,0,0,0,0,1,2,74.9,321.75,1,0,0.2320681642137878,898.8000000000001
5352,0,0,0,0,2,1,2,1,0,0,0,0,0,0,0,0,1,74.9,147.15,1,0,0.5055686803914952,898.8000000000001
2723,0,0,1,1,67,0,1,0,2,2,0,0,0,0,2,0,0,36.15,2434.45,0,3,0.0148432527869592,0.0
6200,0,0,0,0,25,1,0,2,1,1,1,1,1,1,0,1,1,19.2,532.1,0,2,0.0360157568936409,0.0
3924,0,0,1,0,20,1,0,2,1,1,1,1,1,1,0,0,0,19.25,375.25,0,1,0.0511627906976744,0.0
1213,0,0,0,1,2,1,0,0,2,0,0,0,0,2,0,1,1,61.2,125.95,0,0,0.4820795588814494,0.0
6129,1,0,0,0,51,1,0,2,1,1,1,1,1,1,2,0,3,20.45,1042.65,0,3,0.0195946917069898,0.0
6165,0,0,1,1,46,0,1,0,2,2,0,0,0,0,0,0,0,35.05,1620.25,0,2,0.0216191210485736,0.0
2362,0,0,0,0,25,1,2,1,0,2,0,0,2,2,0,1,2,100.25,2387.75,1,2,0.0419675562532705,1203.0
5733,1,0,0,1,13,1,0,0,0,0,0,0,0,0,0,0,3,44.0,659.35,0,1,0.0666313318694631,0.0
4533,0,1,0,0,25,1,2,1,2,2,0,0,2,2,0,1,3,102.8,2660.2,1,2,0.0386291898391703,1233.6
671,1,0,1,1,26,1,0,0,0,0,2,0,0,0,1,0,3,50.35,1285.8,0,2,0.0391280696300901,0.0
5290,1,0,0,0,43,1,2,1,0,0,0,2,2,2,1,1,2,100.0,4211.55,1,2,0.0237385906398737,1200.0
2096,1,0,0,1,19,1,0,2,1,1,1,1,1,1,0,1,2,20.0,377.55,0,1,0.0528331792365605,0.0
5975,1,0,1,0,10,1,0,1,0,2,0,2,2,2,0,1,2,99.85,990.9,1,0,0.1006653896562153,1198.1999999999998
2093,0,0,0,1,2,1,2,1,0,0,0,0,2,2,0,1,0,94.2,193.8,1,0,0.4835728952772073,1130.4
5832,0,0,1,0,72,1,2,0,2,2,0,2,2,2,2,1,0,86.4,6058.95,0,3,0.0142575433790707,0.0
1335,1,1,0,0,18,1,2,0,2,2,0,0,0,0,0,1,1,58.4,964.9,0,1,0.0604617455223107,0.0
7012,1,1,0,0,9,1,2,1,0,0,0,0,0,2,0,1,2,83.85,790.15,1,0,0.1059849586045629,1006.1999999999999
338,0,1,0,0,27,1,2,1,0,0,2,0,0,2,0,0,1,88.3,2467.75,1,2,0.0357670886075949,1059.6
6573,1,0,0,0,24,1,2,1,0,0,0,0,2,2,0,1,2,94.1,2322.85,0,1,0.0404931471480517,0.0
4462,1,0,0,0,69,1,0,1,0,2,2,2,2,2,1,1,0,104.05,7262.0,1,3,0.0143260360732479,1248.6
224,0,0,1,0,46,1,2,1,0,2,2,2,2,2,2,1,1,108.9,4854.3,0,2,0.0224290980989846,0.0
5685,0,1,0,0,72,1,2,1,2,2,2,2,0,2,2,1,0,107.4,7748.75,0,3,0.0138585115648891,0.0
2545,1,0,1,0,22,1,0,1,0,0,2,0,2,2,0,1,1,94.7,1914.9,1,1,0.0494284670389895,1136.4
2077,0,1,1,0,70,1,2,1,2,0,0,0,0,2,0,1,2,90.85,6470.1,0,3,0.0140393441609618,0.0
1952,0,0,0,0,2,1,0,2,1,1,1,1,1,1,0,0,2,19.9,57.4,0,0,0.3407534246575342,0.0
4999,1,0,1,0,31,1,0,0,0,0,2,2,0,2,0,1,1,66.4,2019.8,0,2,0.0328582739509105,0.0
2661,0,1,1,0,56,1,2,1,0,0,2,0,2,2,0,1,0,100.65,5688.05,1,3,0.0176918817728794,1207.8000000000002
164,0,0,1,1,16,1,0,1,2,0,2,0,2,2,0,0,0,100.7,1522.7,0,1,0.0660891251558705,0.0
312,1,0,0,1,52,1,2,2,1,1,1,1,1,1,2,0,1,25.6,1334.5,0,3,0.0191688506177461,0.0
399,1,0,1,1,13,1,0,2,1,1,1,1,1,1,0,1,3,19.85,252.0,0,1,0.0784584980237154,0.0
6685,0,0,0,0,35,1,0,2,1,1,1,1,1,1,1,0,3,20.75,700.45,0,2,0.0295815810107634,0.0
6436,0,0,0,0,59,1,0,1,0,0,2,0,2,2,2,0,2,95.8,5655.45,0,3,0.0169364177178265,0.0
79,1,0,1,0,72,1,0,1,0,0,2,0,2,2,0,1,2,94.65,6747.35,0,3,0.0140256507146191,0.0
5790,0,1,1,0,66,1,2,0,0,2,2,0,2,2,2,1,0,80.55,5265.1,1,3,0.0152959495641936,966.5999999999999
4132,0,0,1,0,49,1,2,1,2,2,2,2,0,2,2,0,1,106.65,5174.35,0,3,0.0206073019216091,0.0
3806,0,0,0,0,2,1,0,0,0,0,0,0,0,0,0,1,3,45.85,105.6,0,0,0.4301125703564728,0.0
4212,1,1,0,0,21,1,2,1,0,2,2,0,2,2,0,1,2,104.35,2271.85,0,1,0.0459115207778779,0.0
4257,1,1,0,0,54,0,1,0,0,2,2,0,2,2,1,1,2,55.45,2966.95,0,3,0.0186829292946309,0.0
2046,1,1,1,0,24,1,2,1,2,0,0,0,0,0,0,1,2,78.85,1772.25,1,1,0.0444663752995911,946.1999999999999
1295,1,0,0,0,1,1,2,0,2,2,0,0,0,0,0,0,2,61.15,61.15,0,0,0.9839098954143202,0.0
4068,1,0,0,0,6,1,0,1,2,2,0,0,0,0,0,1,2,78.95,494.95,0,0,0.1591894344187922,0.0
4663,0,0,0,0,1,1,0,0,0,0,0,0,0,0,0,1,3,44.45,44.45,1,0,0.977997799779978,533.4000000000001
657,1,0,0,1,49,1,2,1,2,2,2,0,2,2,1,1,1,109.2,5290.45,0,3,0.0206370654546485,0.0
3665,0,0,1,1,56,1,0,0,2,2,2,0,0,0,2,1,1,61.3,3346.8,0,3,0.0183105322898619,0.0
2811,0,1,0,0,56,1,2,1,2,2,0,0,0,2,0,1,2,96.85,5219.65,0,3,0.0185513298152528,0.0
5540,0,0,1,1,6,0,1,0,0,2,2,2,0,0,2,0,3,40.55,217.5,0,0,0.1855835240274599,0.0
4142,1,0,0,0,32,1,0,2,1,1,1,1,1,1,1,0,3,19.8,607.7,0,2,0.0325283390832922,0.0
5334,1,0,1,1,50,1,2,1,2,2,2,0,2,2,1,1,2,108.25,5431.4,0,3,0.0199267358810102,0.0
5330,1,0,1,1,58,1,2,1,0,0,2,2,2,2,1,1,0,105.05,6004.85,0,3,0.0174912793359807,0.0
9,0,0,1,1,65,1,2,0,2,2,2,2,2,2,2,1,3,90.45,5957.9,0,3,0.0151789759855006,0.0
5304,0,0,0,0,64,1,2,0,2,2,2,2,2,2,2,1,1,86.4,5442.05,0,3,0.0158734533028357,0.0
3661,0,0,1,0,66,1,2,0,2,2,2,0,0,0,2,0,0,66.9,4370.25,0,3,0.0153045467543608,0.0
6568,1,0,1,0,38,1,2,1,2,0,2,2,2,2,1,1,2,110.7,4428.6,0,2,0.0249909698392631,0.0
2479,0,0,1,0,20,1,0,2,1,1,1,1,1,1,1,1,3,20.0,416.45,0,1,0.0479099293328542,0.0
234,1,0,0,0,36,1,2,1,0,0,0,0,0,2,0,1,2,84.9,3067.2,1,2,0.027670947135128,1018.8000000000001
6329,1,1,0,0,64,1,2,1,0,0,2,2,2,2,1,0,2,102.1,6688.1,0,3,0.0152636378586057,0.0
2946,1,0,0,0,1,1,0,2,1,1,1,1,1,1,0,0,3,20.25,20.25,1,0,0.9529411764705882,243.0
5361,0,0,0,0,60,1,0,0,0,2,2,2,2,0,1,1,1,70.15,4224.7,0,3,0.0166007998674775,0.0
2975,1,0,0,0,1,1,0,1,0,2,0,0,0,0,0,1,2,74.35,74.35,1,0,0.986728599867286,892.1999999999999
3571,0,0,1,1,50,1,2,0,2,2,2,2,0,2,1,1,0,80.05,4042.2,0,3,0.0197986743173723,0.0
1053,1,0,0,0,1,1,2,0,0,0,2,2,0,0,0,0,3,62.05,62.05,1,0,0.9841395717684376,744.5999999999999
1484,0,0,1,0,72,0,1,0,2,2,2,0,0,2,2,1,2,49.2,3580.95,0,3,0.0137355351135554,0.0
2196,1,0,1,0,60,1,0,2,1,1,1,1,1,1,2,1,0,20.5,1198.8,0,3,0.0170861810301716,0.0
4325,1,0,0,0,46,0,1,0,2,0,2,2,0,0,2,0,3,38.25,1755.35,0,2,0.0217781193953369,0.0
4618,0,0,1,1,69,0,1,0,0,2,2,0,2,2,2,1,1,54.95,3772.5,0,3,0.014562077646747,0.0
5537,1,1,0,0,31,1,2,1,0,0,2,2,2,0,0,1,0,96.6,2877.95,0,2,0.0335538998593237,0.0
6170,1,0,1,1,19,1,0,2,1,1,1,1,1,1,1,0,3,19.9,357.7,0,1,0.0554781154167828,0.0
715,0,0,1,1,71,1,0,2,1,1,1,1,1,1,2,0,1,19.9,1397.3,0,3,0.0142315669026675,0.0
904,1,0,1,0,12,1,0,1,2,2,2,0,0,0,0,1,2,84.6,959.9,0,0,0.0880424601935685,1015.1999999999999
2873,1,0,1,1,39,1,0,0,2,0,2,2,2,2,1,0,1,80.0,3182.95,1,2,0.025126022707643,960.0
493,1,0,0,0,44,1,2,0,0,2,2,2,2,2,1,1,0,85.25,3704.15,0,2,0.0230085151748242,0.0
2119,0,0,1,1,56,1,2,0,2,2,2,2,2,0,2,0,1,81.25,4620.4,0,3,0.0175812524343272,0.0
6537,0,0,1,0,72,1,2,1,2,2,2,2,2,2,2,1,0,115.5,8312.75,0,3,0.013892647722147,0.0
1627,1,0,0,0,5,1,2,1,0,2,2,0,2,2,0,0,3,104.1,541.9,1,0,0.1917480198931663,1249.1999999999998
2150,0,0,0,0,11,1,2,1,2,0,0,0,0,0,0,1,0,79.0,929.3,0,0,0.0849188433838546,0.0
1905,1,1,1,0,24,0,1,0,2,0,0,0,0,2,0,0,0,39.1,971.3,1,1,0.0402139257430834,469.20000000000005
4655,0,1,1,0,15,1,0,1,0,2,0,0,2,2,0,1,2,94.65,1285.05,0,1,0.0735974495548384,0.0
6022,1,0,0,0,72,1,0,2,1,1,1,1,1,1,2,1,3,20.8,1521.2,0,3,0.0136644330574168,0.0
4730,1,0,1,0,56,1,2,0,0,2,2,0,0,0,2,0,1,59.5,3389.25,0,3,0.0175503281468918,0.0
4345,1,1,0,0,64,1,0,2,1,1,1,1,1,1,2,1,0,20.05,1198.05,0,3,0.0167215712439014,0.0
4324,0,0,1,0,34,1,2,1,0,0,2,0,2,2,0,1,2,100.45,3414.65,0,2,0.0294087508966082,0.0
434,1,0,0,0,2,1,2,1,0,0,0,0,0,0,0,1,2,76.5,162.45,1,0,0.4680330376261854,918.0
6270,1,0,0,0,35,1,0,2,1,1,1,1,1,1,1,0,0,20.6,754.0,0,2,0.0272847682119205,0.0
2175,1,0,0,0,22,1,0,2,1,1,1,1,1,1,1,0,1,20.3,467.15,0,1,0.0433621702445797,0.0
4698,1,0,0,0,5,1,0,0,0,0,0,2,0,0,0,1,2,49.2,216.9,1,0,0.2257916475447453,590.4000000000001
242,1,0,0,0,9,0,1,0,2,2,2,0,0,0,1,0,3,39.55,373.0,0,0,0.1057486631016042,0.0
6206,1,0,0,0,11,1,2,2,1,1,1,1,1,1,0,0,1,23.15,245.2,1,0,0.0940292445166531,277.79999999999995
1141,1,0,0,0,23,1,0,2,1,1,1,1,1,1,1,0,3,20.45,481.1,0,1,0.0424185853557353,0.0
4053,0,0,1,1,4,1,0,1,0,0,0,0,0,2,0,0,2,80.85,302.75,1,0,0.2661728395061728,970.1999999999999
1399,1,0,1,0,68,1,2,2,1,1,1,1,1,1,2,0,0,25.25,1728.2,0,3,0.0146021281517464,0.0
6241,1,0,1,0,33,1,0,1,0,0,0,0,2,2,0,0,2,91.25,2964.05,0,2,0.0307751977201059,0.0
6690,1,0,0,0,31,1,0,0,2,2,2,2,2,0,0,1,0,72.45,2156.25,0,2,0.0335844246146714,0.0
1086,1,0,0,0,1,1,2,0,0,2,0,2,0,0,0,0,3,60.1,60.1,1,0,0.983633387888707,721.2
2544,0,0,0,0,56,1,0,2,1,1,1,1,1,1,2,0,0,19.7,1051.9,0,3,0.0187102288916326,0.0
6163,1,0,0,0,1,1,0,1,0,0,0,0,2,0,0,1,2,78.95,78.95,1,0,0.987492182614134,947.4000000000001
2489,1,0,1,1,66,1,0,0,2,2,2,2,2,0,1,1,2,75.1,5013.0,0,3,0.0149780614280015,0.0
5839,1,0,1,1,72,1,2,2,1,1,1,1,1,1,2,0,0,25.0,1738.9,0,3,0.0143686418759698,0.0
5368,1,1,0,0,34,1,0,1,0,0,0,0,0,0,0,0,1,69.15,2275.1,0,2,0.0303809147225517,0.0
2806,0,0,1,1,58,1,0,1,0,2,2,0,2,0,0,1,2,91.55,5511.65,0,3,0.016607257852394,0.0
2055,1,0,0,0,2,1,0,0,0,0,0,0,0,0,0,1,2,45.15,98.5,1,0,0.4537688442211055,541.8
6150,1,0,0,0,37,0,1,0,0,0,0,0,2,0,2,0,1,35.8,1316.9,0,2,0.0271644282570756,0.0
707,0,0,0,0,71,1,2,1,2,2,2,2,2,2,2,1,1,113.15,7993.3,0,3,0.0141538346071576,0.0
722,1,0,1,1,1,1,0,2,1,1,1,1,1,1,1,0,1,19.85,19.85,0,0,0.9520383693045564,0.0
2802,1,1,1,1,71,1,0,2,1,1,1,1,1,1,2,0,1,19.8,1388.45,0,3,0.0142502429018676,0.0
1989,1,0,1,1,35,1,0,2,1,1,1,1,1,1,1,0,2,19.9,666.0,0,2,0.0298350824587706,0.0
5500,0,0,1,1,6,1,0,2,1,1,1,1,1,1,1,0,3,19.7,94.45,0,0,0.2063907805133577,0.0
1138,0,0,0,0,3,1,0,1,0,0,0,0,2,0,0,1,2,79.4,244.65,1,0,0.3232240993283126,952.8000000000001
4089,0,0,1,1,69,1,0,0,0,2,2,2,0,0,1,0,0,59.1,4134.7,0,3,0.0142902048020891,0.0
6078,1,0,0,0,44,0,1,0,0,2,2,0,2,2,1,1,3,53.95,2375.4,1,2,0.0227024070021881,647.4000000000001
5245,0,0,1,0,53,1,2,1,0,0,0,2,0,2,1,1,2,91.15,4862.5,0,3,0.0187416469620643,0.0
3886,0,0,1,0,24,1,0,1,0,2,2,0,2,2,0,1,1,99.3,2431.35,1,1,0.0408247168376261,0.0
12,0,0,1,0,5,1,0,1,0,0,0,0,0,0,0,1,2,68.95,351.5,0,0,0.1956028368794326,0.0
5297,0,0,0,1,2,1,0,0,0,2,0,0,0,0,0,0,3,51.55,106.2,0,0,0.4808768656716417,0.0
5388,1,0,0,1,62,1,2,2,1,1,1,1,1,1,2,1,3,24.4,1413.0,0,3,0.0172560113154172,0.0
321,0,0,1,0,19,1,0,1,0,0,2,0,2,2,0,1,2,96.8,1743.05,0,1,0.0555029959003468,0.0
4159,1,0,0,0,9,1,0,1,0,0,0,0,0,0,0,0,3,70.05,657.5,0,0,0.106378132118451,0.0
6902,1,0,0,0,53,1,0,2,1,1,1,1,1,1,2,0,1,19.5,1050.5,0,3,0.0185449358059914,0.0
4371,1,0,0,0,5,1,0,1,0,0,0,0,0,2,0,0,3,78.75,426.35,0,0,0.1842751842751842,0.0
6183,0,1,1,1,71,1,2,0,2,2,0,0,2,0,1,0,2,69.2,4982.5,0,3,0.0138858232166148,0.0
1108,0,0,0,0,1,1,0,2,1,1,1,1,1,1,0,1,3,19.55,19.55,0,0,0.951338199513382,0.0
6246,1,0,0,0,18,1,2,1,0,2,0,0,0,0,0,1,2,80.65,1451.9,1,1,0.0555096703145433,967.8000000000001
4792,1,0,0,0,72,1,2,1,0,2,2,0,2,2,2,1,2,103.65,7634.8,0,3,0.0135742161921475,0.0
3927,0,0,1,0,4,1,0,0,2,2,0,0,0,0,0,0,3,54.7,235.05,0,0,0.2317305655581444,0.0
6418,1,0,0,0,59,1,2,0,0,0,2,0,0,0,2,0,1,54.15,3116.15,0,3,0.0173716375535344,0.0
344,0,0,0,0,1,1,0,1,0,0,0,0,0,0,0,0,3,71.1,71.1,1,0,0.986130374479889,853.1999999999999
3699,0,1,1,0,31,1,2,1,0,0,0,0,0,2,0,1,2,84.85,2633.4,0,2,0.0322084725174612,0.0
5533,1,0,1,0,3,1,0,2,1,1,1,1,1,1,0,0,0,20.0,49.65,0,0,0.3948667324777887,0.0
5018,0,1,1,0,65,1,2,1,0,2,2,0,2,2,1,1,2,106.25,6979.8,1,3,0.0152203185881274,1275.0
1571,1,0,1,0,49,1,0,1,0,0,2,2,2,2,1,1,1,99.25,4920.8,0,3,0.0201653866471616,0.0
240,1,0,0,0,2,1,0,2,1,1,1,1,1,1,0,0,3,19.35,46.35,0,0,0.4086589229144667,0.0
4621,0,0,1,0,53,1,0,2,1,1,1,1,1,1,1,0,0,20.8,1021.8,1,3,0.020336331638639,249.60000000000002
2677,0,0,1,0,55,1,0,1,2,0,0,0,2,2,1,1,2,94.75,5276.1,0,3,0.0179549373709044,0.0
2730,1,0,1,1,72,1,2,1,2,2,2,2,2,2,2,1,1,114.05,8289.2,0,3,0.0137572073050107,0.0
3484,0,1,0,0,36,1,2,1,0,0,0,0,0,0,0,1,0,74.9,2659.45,0,2,0.0281531319889492,0.0
2920,0,0,1,1,10,1,0,2,1,1,1,1,1,1,0,1,0,19.8,196.75,0,0,0.100126422250316,0.0
6538,1,1,0,0,1,1,2,1,0,0,0,0,2,2,0,1,2,94.0,94.0,1,0,0.9894736842105264,1128.0
674,0,0,1,1,72,1,2,0,2,2,2,2,0,2,2,0,0,80.85,5824.75,0,3,0.01387804145389,0.0
7018,0,0,0,0,28,1,0,0,0,2,0,2,0,0,0,0,0,54.65,1517.5,0,2,0.0359894632861376,0.0
2599,1,0,1,0,38,1,2,1,2,0,0,0,2,0,0,0,0,91.7,3479.05,0,2,0.0263501961178718,0.0
4057,0,0,0,0,61,1,2,1,2,2,2,2,2,2,1,1,2,118.6,7365.7,0,3,0.0160994746630105,0.0
1500,1,0,1,1,52,1,2,2,1,1,1,1,1,1,2,0,3,24.55,1331.05,0,3,0.0184302391051386,0.0
4775,1,0,0,0,67,1,0,2,1,1,1,1,1,1,1,1,3,19.45,1195.95,0,3,0.0162496344876561,0.0
6814,0,0,0,1,34,1,2,1,2,2,2,2,2,2,2,1,1,116.15,3946.9,0,2,0.0294207046784366,0.0
5772,0,0,0,0,54,1,0,0,2,0,2,2,2,2,2,0,2,80.6,4299.95,0,3,0.018740045803834,0.0
5538,0,0,1,0,1,1,0,2,1,1,1,1,1,1,0,1,0,20.3,20.3,0,0,0.9530516431924884,0.0
764,0,1,0,0,15,1,2,1,0,2,0,0,0,2,0,0,2,89.85,1424.95,1,1,0.06301062449595,1078.1999999999998
3657,0,0,0,0,4,1,0,0,0,0,0,0,0,0,0,1,3,46.0,193.6,1,0,0.2363823227132579,552.0
3656,0,0,0,0,9,1,0,0,0,2,0,2,2,0,0,0,3,66.25,620.55,1,0,0.1065883677902019,0.0
6084,0,0,0,1,46,1,0,1,0,2,2,0,2,2,0,1,2,99.8,4391.25,0,2,0.0227218396038476,0.0
5158,0,0,0,0,22,1,2,1,0,0,0,2,2,0,0,1,2,90.0,1993.8,1,1,0.0451173049929817,1080.0
6726,1,0,0,0,38,1,0,1,0,0,0,0,0,0,1,1,0,70.45,2597.6,1,2,0.0271107519433541,845.4000000000001
4168,0,0,1,1,55,1,2,0,2,2,0,2,2,0,1,1,1,75.0,4213.9,0,3,0.0177940164653965,0.0
4716,0,0,0,0,1,1,0,2,1,1,1,1,1,1,0,0,3,19.9,19.9,0,0,0.9521531100478468,0.0
5918,1,1,1,0,64,1,0,1,2,0,2,0,0,0,1,0,1,80.3,5017.7,0,3,0.0160001594038296,0.0
408,1,0,0,1,53,1,0,2,1,1,1,1,1,1,2,0,0,19.75,1052.35,1,3,0.018749703327479,237.0
3989,0,0,1,0,58,1,2,0,2,0,2,2,2,2,2,1,2,84.3,4916.4,0,3,0.017143205759141,0.0
6480,1,0,1,0,56,0,1,0,0,0,2,2,2,2,1,1,0,54.05,2959.8,0,3,0.0182552012969467,0.0
1824,1,0,1,1,72,1,0,1,2,0,2,2,2,2,2,1,1,104.9,7559.55,0,3,0.0138746519763773,0.0
6839,1,0,0,0,1,1,0,0,2,0,0,2,0,0,0,1,2,53.95,53.95,1,0,0.9818016378525932,647.4000000000001
2327,1,1,1,0,72,1,2,1,0,2,0,0,2,2,1,1,1,97.25,7133.1,0,3,0.0136317124794998,0.0
626,1,0,0,0,22,1,2,1,0,0,0,0,0,2,0,0,2,83.05,1799.3,0,1,0.0461312003554963,0.0
2359,0,1,0,0,8,1,2,1,0,2,2,0,2,2,0,1,2,105.5,829.55,1,0,0.1270242610318463,1266.0
6720,0,0,0,1,16,1,0,1,0,0,0,0,2,0,0,1,2,81.0,1312.15,1,1,0.0616837375775806,972.0
5919,0,0,0,0,39,0,1,0,0,2,2,2,0,0,0,0,0,41.1,1597.05,0,2,0.0257188448421513,0.0
1100,0,0,0,0,12,1,0,0,0,0,0,0,0,0,0,1,0,45.0,524.35,0,0,0.085657180927001,0.0
367,1,0,1,0,54,1,0,0,2,2,0,0,2,2,2,1,0,74.55,4191.45,0,3,0.0177819651993464,0.0
3245,0,0,0,0,18,0,1,0,2,2,0,2,0,0,1,1,3,40.2,711.95,0,1,0.0563854407742478,0.0
4582,1,0,1,0,32,1,0,0,2,2,0,2,0,2,1,0,3,70.5,2201.75,0,2,0.0320054477357848,0.0
6008,0,0,0,0,41,1,0,2,1,1,1,1,1,1,1,1,3,19.75,806.95,0,2,0.0244445819667058,0.0
4855,1,0,1,1,67,1,2,2,1,1,1,1,1,1,2,0,0,24.65,1620.45,0,3,0.0152024422584723,0.0
1619,1,0,1,0,65,1,2,1,2,0,2,0,2,2,0,1,2,104.25,6812.95,0,3,0.0152994958871139,0.0
396,0,0,0,0,25,1,2,0,2,2,2,2,2,0,0,1,0,78.35,1837.9,0,2,0.0426069933112186,0.0
3612,0,0,1,1,1,1,0,1,0,0,0,0,0,0,0,1,2,69.8,69.8,1,0,0.9858757062146892,837.5999999999999
942,0,0,1,0,67,1,2,1,0,2,2,2,2,2,1,1,1,109.7,7344.45,0,3,0.0149344151821876,0.0
2135,1,1,0,0,7,1,2,1,0,0,0,0,0,0,0,0,3,73.75,545.15,1,0,0.1350361622264945,885.0
4055,0,1,0,0,43,0,1,0,2,2,0,0,0,0,0,1,1,33.45,1500.25,0,2,0.0222814321398834,0.0
6385,0,0,0,0,24,1,0,1,2,0,0,0,2,2,0,1,2,94.6,2283.15,0,1,0.0414158439682157,0.0
4042,1,1,0,0,9,1,2,0,2,0,0,0,0,0,0,0,2,54.55,494.05,1,0,0.1101908898091101,654.5999999999999
617,1,0,1,1,69,1,0,2,1,1,1,1,1,1,2,0,0,20.2,1376.5,0,3,0.0146642468239564,0.0
3662,0,0,0,1,37,1,0,2,1,1,1,1,1,1,1,0,0,20.3,755.4,0,2,0.0268376520359598,0.0
34,1,0,1,1,20,0,1,0,2,0,2,2,0,0,2,1,1,39.4,825.4,0,1,0.047676669893514,0.0
6343,1,0,0,0,7,1,0,1,0,0,0,0,0,0,0,0,0,69.15,488.65,0,0,0.1412233227815787,0.0
6127,0,1,0,0,37,1,2,1,0,0,0,0,0,0,0,1,2,76.25,2841.55,1,2,0.0268245061652389,915.0
3818,0,0,0,0,5,1,2,1,0,0,0,0,2,2,0,1,3,93.9,486.85,1,0,0.192477195859383,1126.8000000000002
5808,1,0,0,0,41,0,1,0,0,0,2,0,2,2,1,1,2,51.35,2075.1,0,2,0.0247338760175328,0.0
637,0,0,0,0,54,1,0,1,2,2,0,0,2,2,1,1,1,100.05,5299.65,0,3,0.018875043626725,0.0
1387,0,1,0,0,3,1,0,1,0,0,0,0,0,0,0,1,2,70.4,204.7,1,0,0.3422459893048128,844.8000000000001
5309,1,1,0,0,69,1,0,2,1,1,1,1,1,1,2,0,1,20.3,1356.3,0,3,0.0149561629706034,0.0
301,0,0,0,0,53,1,0,1,0,2,2,2,0,2,1,1,1,94.45,5042.75,0,3,0.01872614622057,0.0
921,1,0,1,1,18,0,1,0,0,2,2,0,2,0,1,0,1,46.4,812.4,0,1,0.0570445045488074,0.0
590,1,0,1,0,64,1,0,1,2,2,0,2,2,2,2,1,1,104.05,6605.55,0,3,0.0157495213083984,0.0
6141,0,0,1,1,31,1,2,1,0,2,0,0,0,2,0,1,2,91.15,2995.45,1,2,0.0304193295399556,0.0
4487,0,0,0,0,20,0,1,0,0,0,0,0,0,0,0,0,1,24.9,505.95,0,1,0.0491172699477266,0.0
2770,1,0,1,1,57,1,0,0,2,2,0,2,0,0,1,0,3,59.6,3509.4,0,3,0.0169781221513217,0.0
5696,1,1,1,0,63,1,2,1,2,2,2,0,2,2,2,0,1,108.5,6991.9,0,3,0.015515737390782,0.0
5196,1,0,1,1,13,0,1,0,2,2,0,2,0,0,2,0,3,40.55,590.35,0,1,0.0685719117274033,0.0
4920,0,1,1,0,48,1,0,0,0,2,0,0,0,2,1,1,0,58.95,2789.7,0,2,0.0211237323968896,0.0
2604,0,0,0,0,2,1,0,1,0,0,0,0,0,0,0,1,2,70.95,137.95,1,0,0.5106153292551278,851.4000000000001
6149,1,0,1,1,57,1,0,2,1,1,1,1,1,1,2,0,3,20.75,1123.15,0,3,0.018458390784148,0.0
6649,1,0,1,0,71,1,2,1,0,2,2,2,2,2,1,1,0,113.15,7953.25,0,3,0.0142250997894207,0.0
936,0,0,1,1,7,1,2,0,0,0,0,0,0,0,0,0,2,48.8,349.8,0,0,0.1391106043329532,0.0
2574,0,0,0,0,16,1,2,0,0,0,0,0,0,2,0,1,0,63.05,1067.05,0,1,0.0590328168156921,0.0
614,1,0,1,0,34,1,2,1,0,0,2,0,2,2,0,0,2,100.85,3527.3,0,2,0.0285831703653317,0.0
1755,0,0,1,0,37,1,2,1,0,0,2,0,2,2,0,1,2,99.5,3762.0,1,2,0.0264416688812118,1194.0
952,1,0,0,0,16,1,2,1,0,2,0,0,0,0,0,1,3,80.55,1248.9,0,1,0.0644451556124489,966.5999999999999
4107,1,0,0,1,48,1,2,0,2,2,2,0,0,0,1,1,0,64.4,3035.35,0,2,0.0212096760913596,0.0
4848,1,0,1,1,58,1,0,0,0,2,0,2,2,2,1,1,1,75.2,4300.8,0,3,0.0174810544423264,0.0
5765,0,0,1,0,72,1,2,0,2,0,2,2,2,2,2,1,0,84.9,6065.3,0,3,0.0139953513673903,0.0
1591,0,0,0,0,7,1,0,2,1,1,1,1,1,1,0,0,3,19.3,144.95,0,0,0.132237067488866,0.0
814,0,0,0,0,38,1,0,1,2,2,2,0,0,0,0,1,1,83.9,3233.6,1,2,0.0259382922154207,1006.8000000000001
1578,0,1,1,0,48,1,2,1,2,2,2,2,2,2,0,0,2,117.45,5438.9,1,2,0.021590470413059,1409.4
4185,1,0,0,0,10,1,0,1,2,2,2,0,2,2,0,1,2,104.4,1081.45,1,0,0.0964478728809644,1252.8000000000002
3500,0,0,0,0,30,1,0,0,2,2,2,2,2,0,1,0,1,74.65,2308.6,0,2,0.0323216141323172,0.0
5577,1,0,1,0,31,1,2,0,0,0,0,0,2,0,0,1,1,59.05,1882.8,0,2,0.031346215097144,0.0
3127,0,1,0,0,46,1,2,0,0,0,2,2,0,2,1,1,1,69.1,3255.35,0,2,0.021220077694351,0.0
831,1,0,1,0,50,1,0,2,1,1,1,1,1,1,2,0,3,20.55,1067.65,0,3,0.01922986946147,0.0
1581,1,0,1,0,28,1,0,1,0,0,0,2,0,0,0,0,0,76.55,2065.4,0,2,0.037045102593883,0.0
5953,0,0,0,0,66,0,1,0,2,2,2,2,2,2,2,1,0,62.5,4136.4,0,3,0.0151061052835113,0.0
3713,1,1,0,0,8,0,1,0,0,0,2,0,0,0,0,1,2,29.4,221.9,1,0,0.1318977119784656,352.79999999999995
1616,0,0,1,1,41,1,0,1,0,0,2,0,2,2,0,1,0,94.9,3848.0,0,2,0.0246557547414912,0.0
3758,1,1,1,0,72,1,2,1,0,2,2,2,2,2,2,1,0,111.65,8022.85,0,3,0.0139147666020675,0.0
1835,0,0,0,0,7,1,0,2,1,1,1,1,1,1,1,0,3,19.9,173.15,0,0,0.1142693080677576,0.0
6473,0,0,1,1,38,1,0,2,1,1,1,1,1,1,0,0,3,20.45,781.25,0,2,0.0261425375519335,0.0
3063,1,0,0,0,44,1,0,1,2,2,2,0,2,2,1,1,2,106.05,4510.8,0,2,0.0235050312513852,0.0
6848,1,0,1,1,47,1,2,1,2,2,2,2,2,2,1,1,0,113.45,5317.8,0,2,0.0213299992479506,0.0
2203,1,0,1,1,53,1,0,1,0,2,0,2,2,0,0,1,2,92.55,4779.45,0,3,0.0193601020824399,0.0
5952,1,0,1,0,4,1,2,0,0,0,2,0,2,0,0,0,2,65.6,250.1,0,0,0.2612504978096376,0.0
6261,1,1,0,0,20,1,2,1,0,0,0,0,2,0,0,1,2,84.35,1745.2,0,1,0.0483048906196312,1012.1999999999999
3085,1,0,0,0,2,1,0,0,0,0,0,0,0,0,0,0,3,44.65,74.9,1,0,0.5882740447957838,535.8
364,1,1,1,0,57,1,2,0,0,2,2,0,2,0,1,1,1,71.1,4140.1,0,3,0.0171693511385863,0.0
959,0,1,1,0,44,1,0,1,2,2,0,2,0,0,0,1,2,85.15,3670.5,0,2,0.0231921557946343,0.0
2453,1,0,0,0,24,1,0,0,0,0,2,0,0,0,0,1,3,49.7,1167.8,0,1,0.0425222450376454,0.0
1739,1,0,1,1,15,0,1,0,2,0,0,0,0,0,0,1,0,30.2,469.65,0,1,0.0641665781366195,0.0
6344,0,0,0,0,3,0,1,0,0,0,0,0,0,0,0,0,2,25.25,58.9,1,0,0.4215358931552588,303.0
1073,0,0,0,1,4,1,2,1,0,2,2,0,0,0,0,0,0,84.05,333.55,1,0,0.2512329995516365,1008.5999999999999
5071,1,1,1,0,37,1,2,1,0,0,0,0,2,0,0,1,2,85.7,3171.15,1,2,0.0270163769052535,1028.4
2644,0,0,0,0,1,1,0,1,0,2,0,0,0,0,0,1,2,74.7,74.7,1,0,0.9867899603698812,896.4000000000001
3584,0,0,0,0,24,1,0,0,2,0,0,2,0,0,0,0,1,56.35,1381.2,0,1,0.0407683403270149,0.0
5202,0,0,0,0,5,1,2,1,0,2,0,0,2,0,0,1,2,90.8,455.5,1,0,0.1989047097480832,1089.6
69,0,0,0,0,33,1,2,1,0,2,2,0,2,2,0,0,2,107.55,3645.5,0,2,0.0294940353763883,0.0
2340,0,0,1,1,58,1,0,2,1,1,1,1,1,1,2,1,3,19.85,1158.85,0,3,0.0171142820192266,0.0
6089,0,0,1,1,72,1,2,1,2,2,0,0,2,0,2,1,0,95.9,6954.15,0,3,0.0137883438890606,0.0
5087,0,0,1,0,71,1,2,2,1,1,1,1,1,1,2,0,3,23.85,1672.1,0,3,0.0142549757934373,0.0
2776,0,1,0,0,28,1,2,1,0,2,2,0,2,2,0,1,2,106.15,3152.5,1,2,0.033661011574441,1273.8000000000002
2603,1,0,1,0,51,1,0,0,2,2,2,2,2,2,2,1,1,83.85,4307.1,0,3,0.0194633365056521,0.0
4701,0,0,0,0,30,1,0,0,2,2,2,2,2,2,1,0,0,85.35,2530.4,1,2,0.0337165205024887,1024.1999999999998
6036,1,1,1,0,72,1,0,1,2,2,0,2,0,0,2,1,1,84.8,6141.65,0,3,0.0138051166841672,0.0
3740,1,1,0,0,36,1,2,1,2,0,0,0,2,0,0,1,2,90.85,3186.7,1,2,0.0285001725381936,1090.1999999999998
3514,1,0,0,1,14,1,0,0,2,2,2,2,0,2,2,0,0,76.1,1054.8,0,1,0.0720780450842962,0.0
376,0,0,1,1,72,1,2,0,2,2,0,2,2,0,2,0,3,74.55,5430.65,0,3,0.0137251111540692,0.0
1671,0,0,1,1,22,0,1,0,0,2,0,0,2,0,0,0,2,39.2,849.9,0,1,0.0460688682571395,0.0
2384,0,0,0,0,2,1,2,1,0,2,0,0,0,0,0,0,2,79.55,151.75,0,0,0.520785597381342,0.0
4280,0,0,0,0,15,1,0,2,1,1,1,1,1,1,0,0,3,19.6,299.4,0,1,0.0652463382157124,0.0
4654,1,0,1,1,51,1,0,2,1,1,1,1,1,1,2,0,1,19.55,1086.75,0,3,0.0179728797977476,0.0
5853,1,0,1,0,70,0,1,0,2,0,2,2,0,0,2,1,1,39.15,2692.75,0,3,0.0145336426914153,0.0
162,0,0,1,1,71,1,0,2,1,1,1,1,1,1,2,0,0,20.1,1389.6,0,3,0.0144541924349201,0.0
51,0,0,1,1,39,1,2,1,0,0,0,2,2,2,0,1,1,99.95,3767.4,0,2,0.0265231928669992,0.0
5553,0,0,1,1,61,1,2,0,2,2,0,0,0,0,0,0,2,59.8,3641.5,0,3,0.016417295813315,0.0
4297,0,0,0,0,52,1,0,0,2,0,0,0,0,0,0,1,0,49.75,2535.55,0,3,0.0196132542232559,0.0
3817,0,0,0,0,1,0,1,0,0,0,0,0,2,0,0,1,2,35.75,35.75,1,0,0.9727891156462584,429.0
4218,1,0,1,0,64,1,2,1,2,0,2,2,2,2,1,1,3,108.5,6880.85,0,3,0.0157661094037213,0.0
298,1,0,1,0,62,1,0,0,0,2,2,2,0,0,2,1,1,60.15,3753.2,0,3,0.0160220552980661,0.0
3339,1,0,1,0,30,1,0,2,1,1,1,1,1,1,2,0,3,19.05,637.55,0,2,0.0298332158797275,0.0
1869,0,1,1,1,4,1,0,0,0,0,0,0,0,0,0,0,2,46.0,181.6,1,0,0.2519167579408543,552.0
1386,1,1,1,0,63,1,0,0,2,2,2,2,2,2,1,1,0,84.0,5329.55,0,3,0.0157582238230576,0.0
5798,0,0,0,0,1,1,0,0,0,0,0,0,0,0,0,1,1,44.55,44.55,0,0,0.9780461031833152,534.5999999999999
2995,1,0,1,0,15,1,2,1,0,0,2,2,2,2,0,1,2,103.45,1539.8,0,1,0.0671404465212876,0.0
3943,1,0,1,1,27,1,0,1,2,2,0,0,0,0,1,1,1,80.65,2209.75,0,2,0.0364808322967318,0.0
6928,0,0,0,1,4,0,1,0,2,2,2,0,2,2,0,1,3,57.2,223.75,0,0,0.2545050055617353,0.0
1560,0,0,1,0,72,1,2,1,2,2,2,0,2,2,2,1,2,110.75,7751.7,0,3,0.0142853457505127,0.0
3190,1,1,1,0,45,1,2,2,1,1,1,1,1,1,1,0,1,24.7,1174.35,0,2,0.0210150168035053,0.0
2735,0,1,0,0,45,1,2,1,2,2,0,2,2,0,0,1,2,97.05,4385.05,0,2,0.0221269707367677,0.0
636,0,0,0,0,36,1,0,0,2,2,2,2,2,0,1,1,3,76.35,2606.35,0,2,0.0292826049437168,0.0
4539,1,0,1,1,17,1,0,1,2,0,2,0,2,0,0,1,2,89.4,1539.45,1,1,0.0580349897757148,1072.8000000000002
7022,1,0,0,0,1,1,0,2,1,1,1,1,1,1,0,0,3,18.9,18.9,0,0,0.949748743718593,0.0
2582,1,1,0,0,16,1,2,1,0,0,0,0,0,0,0,1,0,74.45,1261.35,0,1,0.0589773042341664,0.0
998,1,0,0,0,3,1,0,2,1,1,1,1,1,1,0,1,3,19.8,58.15,1,0,0.3347421808960271,0.0
1796,1,0,1,1,4,1,2,0,0,0,0,0,0,0,0,1,2,50.9,225.6,1,0,0.2246248896734333,610.8
3499,0,0,1,0,71,1,0,0,2,2,2,2,2,2,2,1,1,84.4,5969.3,0,3,0.0141366430497629,0.0
2571,1,0,1,1,10,1,2,2,1,1,1,1,1,1,0,1,3,24.4,253.9,0,0,0.0957238132601019,0.0
842,1,0,1,1,20,1,0,2,1,1,1,1,1,1,2,0,3,20.05,400.0,0,1,0.05,0.0
1788,1,0,0,0,4,1,0,1,0,0,0,0,2,0,0,1,2,81.0,340.85,1,0,0.2369460289600702,972.0
3315,1,0,0,0,26,1,2,1,0,0,2,0,2,2,0,1,2,98.35,2515.3,1,2,0.0390851647259865,1180.1999999999998
2401,0,0,0,0,4,1,0,0,0,0,0,0,2,0,0,0,1,55.5,227.35,0,0,0.2430479527041822,0.0
2559,1,0,0,0,5,0,1,0,0,2,0,0,2,2,0,1,3,51.0,305.95,1,0,0.1661508388988434,0.0
4880,0,0,1,0,4,1,2,1,0,2,0,0,2,0,0,1,2,91.65,365.4,1,0,0.2501364628820961,1099.8000000000002
3594,1,1,1,0,29,1,2,1,0,0,0,0,0,2,0,1,2,84.3,2357.75,0,2,0.0357392686804451,0.0
5227,1,0,0,0,2,1,0,1,2,2,0,0,2,2,0,0,2,100.2,198.5,0,0,0.5022556390977444,0.0
1114,0,0,0,0,29,1,0,2,1,1,1,1,1,1,2,0,3,19.4,554.25,0,2,0.034939216569113,0.0
6835,1,0,0,1,1,1,0,1,0,0,0,0,2,2,0,1,2,90.85,90.85,1,0,0.9891126837234622,1090.1999999999998
4152,1,0,0,0,1,1,0,1,0,0,0,0,0,0,0,0,3,69.4,69.4,1,0,0.9857954545454546,832.8000000000001
2246,0,1,0,0,8,1,0,1,0,0,2,0,2,2,0,1,1,94.45,742.95,1,0,0.1269574568183345,1133.4
3119,1,0,0,0,13,1,0,2,1,1,1,1,1,1,0,1,2,20.4,251.65,0,1,0.0807441124084702,0.0
37,0,0,1,0,59,1,2,1,2,2,0,0,2,0,0,1,2,94.75,5597.65,0,3,0.0169237226831468,0.0
5563,0,0,1,1,1,1,0,2,1,1,1,1,1,1,0,1,1,20.15,20.15,1,0,0.9527186761229316,241.79999999999998
5286,1,1,0,0,50,1,2,1,0,0,0,0,2,2,0,1,2,95.7,4816.7,1,3,0.0198642505760009,1148.4
4927,1,0,1,0,18,1,0,0,0,0,0,0,0,0,0,1,0,44.35,768.05,0,1,0.0576685521097457,0.0
5030,0,0,1,1,17,1,0,0,2,2,0,0,2,2,0,0,3,74.55,1215.8,0,1,0.061267258382643,0.0
5892,1,0,1,0,47,1,0,0,0,2,2,0,2,2,2,0,2,73.6,3522.65,0,2,0.0208874320661813,0.0
2763,0,0,0,0,26,1,2,1,0,0,0,0,0,0,0,1,0,74.95,1834.95,1,2,0.040823551839647,0.0
6502,0,0,0,0,6,0,1,0,0,0,2,0,2,2,0,1,2,47.95,305.1,1,0,0.1566481541979745,575.4000000000001
2163,1,0,1,1,19,1,2,0,0,0,0,0,0,0,0,0,1,50.1,910.45,0,1,0.0549673597015744,0.0
3067,0,0,0,0,3,1,2,0,0,0,0,2,2,0,0,1,2,63.6,155.65,1,0,0.4060006383657836,763.2
1490,0,1,1,1,68,0,1,0,0,2,2,0,2,2,2,1,2,53.0,3656.25,0,3,0.0144917629366327,0.0
1580,0,0,1,0,2,1,0,2,1,1,1,1,1,1,0,0,0,19.85,52.0,0,0,0.3745283018867925,0.0
6886,1,0,0,0,7,0,1,0,0,0,0,0,0,0,1,1,1,24.35,150.85,0,0,0.1603556140928548,0.0
853,0,0,0,0,18,1,0,2,1,1,1,1,1,1,0,1,3,19.55,389.25,0,1,0.0500960922485586,0.0
1336,0,0,1,0,71,1,2,2,1,1,1,1,1,1,2,0,1,25.05,1873.7,0,3,0.0133621379420707,0.0
5562,1,1,1,0,13,1,2,1,2,2,0,0,0,2,0,0,1,93.8,1261.0,0,1,0.0743264659270998,0.0
3082,1,0,0,0,3,0,1,0,0,2,0,2,0,0,0,1,3,36.85,108.7,1,0,0.3359161349134001,442.20000000000005
3384,1,0,1,0,72,1,2,1,0,2,2,0,2,2,2,1,0,103.75,7346.2,0,3,0.0141210256968641,0.0
5787,1,0,1,1,66,0,1,0,0,2,2,0,2,2,2,1,1,56.75,3708.4,0,3,0.0152989701838572,0.0
4620,1,0,1,1,24,1,0,2,1,1,1,1,1,1,1,1,1,20.8,469.65,0,1,0.0441941995113141,0.0
3419,0,0,0,0,1,1,0,0,0,0,0,0,0,0,0,1,2,44.1,44.1,1,0,0.9778270509977828,529.2
6748,0,0,1,1,56,1,2,2,1,1,1,1,1,1,2,1,3,24.45,1385.85,0,3,0.0176298806648159,0.0
6054,0,1,1,0,22,1,2,2,1,1,1,1,1,1,1,0,0,25.6,548.8,0,1,0.046562386322299,0.0
5672,1,0,0,0,14,0,1,0,0,0,2,0,2,2,0,1,2,50.75,712.75,1,1,0.0711033274956217,0.0
5055,0,1,1,0,61,1,2,1,0,2,2,0,2,2,1,1,1,104.4,6405.0,1,3,0.0162972213549797,1252.8000000000002
1258,0,1,1,0,40,0,1,0,0,2,0,0,2,0,0,1,2,39.3,1637.4,1,2,0.0239868164062499,471.59999999999997
3715,0,0,0,0,42,1,0,0,2,2,2,0,0,0,0,0,0,59.65,2536.55,0,2,0.023506925971902,0.0
3394,0,0,1,1,72,1,2,0,2,0,2,2,2,2,2,1,0,83.3,6042.7,0,3,0.0137829475321409,0.0
1856,0,0,0,0,12,1,2,1,0,0,0,2,0,0,0,1,1,79.55,958.25,0,0,0.0829293719051342,0.0
4124,1,0,1,0,71,1,2,2,1,1,1,1,1,1,2,0,0,24.45,1730.65,0,3,0.0141194814194554,0.0
990,0,0,1,0,26,1,0,2,1,1,1,1,1,1,1,0,3,19.2,459.6,0,2,0.0416847590099869,0.0
620,0,0,0,1,7,0,1,0,2,0,0,0,0,0,0,0,3,29.8,201.95,0,0,0.1468341956146834,0.0
3240,0,0,1,1,6,1,0,0,0,0,0,0,0,0,0,0,3,45.5,285.2,0,0,0.1589797344514325,0.0
1038,0,0,0,0,58,1,0,1,2,2,2,0,2,2,1,1,2,106.45,6145.85,1,3,0.017317813188869,1277.4
5487,1,0,1,0,51,0,1,0,0,2,0,0,0,0,0,1,1,30.05,1529.45,0,3,0.0196347479499493,0.0
3803,1,0,1,1,72,0,1,0,2,2,2,2,2,2,2,1,0,65.65,4664.5,0,3,0.0140713749866037,0.0
6812,0,0,0,0,18,1,0,1,2,0,0,0,2,2,0,1,2,96.05,1740.7,1,1,0.0551472699087098,1152.6
5606,0,0,0,0,7,1,2,1,0,0,0,0,0,0,0,1,0,75.1,552.95,1,0,0.1355718025092517,901.1999999999999
2480,0,0,0,0,47,1,2,0,2,2,0,2,0,2,2,0,3,74.05,3496.3,0,2,0.0211734766820118,0.0
3373,1,1,0,0,2,1,0,0,0,0,0,0,0,0,0,1,2,44.7,93.7,1,0,0.4720168954593453,536.4000000000001
6295,1,1,0,0,62,1,2,1,0,2,2,2,2,2,1,1,0,110.75,7053.35,0,3,0.0156995329123165,0.0
1155,0,0,1,1,16,1,0,2,1,1,1,1,1,1,2,0,3,19.7,301.55,0,1,0.06511320442902,0.0
3967,1,0,0,0,6,1,0,0,0,0,0,2,0,0,0,1,1,49.5,312.7,0,0,0.1577940707682499,0.0
5884,1,0,0,0,19,1,0,0,0,0,2,2,0,0,0,1,1,55.0,1046.5,1,1,0.0525059665871121,660.0
384,0,0,1,1,69,0,1,0,2,0,2,0,0,2,2,1,1,43.95,2960.1,0,3,0.0148424571949613,0.0
1264,1,0,1,1,11,1,2,1,0,0,0,0,0,0,0,1,2,74.35,834.2,1,0,0.0890205938697318,892.1999999999999
1395,0,0,1,0,64,1,2,1,0,2,2,2,2,2,0,1,2,111.15,6953.4,0,3,0.0159826872196019,0.0
1618,0,0,1,0,39,1,0,1,2,0,2,2,2,2,1,1,1,104.7,4134.85,1,2,0.0253152314518176,1256.4
6420,0,0,0,0,15,1,2,0,2,0,0,0,0,0,0,1,3,55.7,899.8,1,1,0.0618339253996447,668.4000000000001
5247,1,0,0,0,25,1,0,2,1,1,1,1,1,1,0,0,3,20.6,541.5,0,2,0.0379723502304147,0.0
6455,0,0,0,0,6,1,0,2,1,1,1,1,1,1,2,0,1,19.65,116.85,0,0,0.1667373780229104,0.0
32,1,0,1,0,66,1,2,1,2,2,2,2,2,2,1,0,0,115.8,7942.15,0,3,0.0145785991703543,0.0
2549,0,0,0,0,61,1,2,0,0,2,2,2,2,2,2,0,1,88.65,5321.25,0,3,0.0166564892667574,0.0
6816,0,1,1,0,43,1,2,1,2,2,0,0,2,0,0,1,2,94.5,4156.8,0,2,0.0227283659627687,0.0
6580,0,0,0,0,12,1,0,2,1,1,1,1,1,1,0,0,3,20.1,223.6,0,0,0.0894924309884238,0.0
867,1,1,0,0,23,0,1,0,0,0,0,0,0,2,0,1,0,34.65,768.45,0,1,0.0450321658327376,0.0
2460,1,1,1,0,71,0,1,0,0,2,2,0,2,2,0,1,0,52.3,3765.05,0,3,0.013887229325155,0.0
486,0,0,0,0,34,1,2,0,0,0,0,2,2,0,0,0,3,65.0,2157.5,0,2,0.030113504748668,0.0
2904,0,0,0,0,5,1,0,2,1,1,1,1,1,1,0,0,1,19.85,108.05,1,0,0.182026593305823,238.20000000000002
1400,0,0,1,0,41,0,1,0,0,2,0,2,0,0,1,0,3,35.45,1391.65,0,2,0.0254550676767314,0.0
4916,0,0,1,1,72,1,0,2,1,1,1,1,1,1,2,0,1,19.7,1379.8,0,3,0.0142670915411355,0.0
2317,1,1,0,0,14,1,2,1,0,0,0,0,2,2,0,1,2,95.6,1273.3,0,1,0.0750215804755552,0.0
3710,0,0,0,0,41,1,0,2,1,1,1,1,1,1,2,1,3,19.85,810.45,0,2,0.0244623821554008,0.0
4682,0,0,1,1,23,1,2,1,2,0,0,0,0,0,1,0,1,81.85,1810.85,0,1,0.0451748213152302,0.0
1775,1,0,1,1,71,1,0,1,2,2,2,2,2,2,2,0,1,109.3,7782.85,0,3,0.014041894435273,0.0
4715,0,0,0,0,1,1,0,1,0,0,0,0,0,0,0,1,2,70.3,70.3,1,0,0.9859747545582048,843.5999999999999
6189,1,0,1,0,72,1,2,2,1,1,1,1,1,1,2,0,3,25.4,1797.1,0,3,0.0141260219120182,0.0
5199,1,0,1,1,6,1,0,1,0,0,0,0,0,0,0,1,2,69.8,377.85,0,0,0.184241784347367,837.5999999999999
968,1,0,1,1,23,1,0,2,1,1,1,1,1,1,1,1,1,20.0,445.3,0,1,0.0448129061169616,0.0
2265,1,1,1,0,10,1,2,1,0,0,0,0,0,2,0,0,2,85.55,851.75,1,0,0.1003224860744649,1026.6
152,0,0,0,0,72,1,0,1,2,2,2,2,2,2,2,1,2,109.9,7624.2,0,3,0.0144127367151025,0.0
1248,0,0,1,0,7,1,0,0,2,0,0,0,0,0,0,1,0,50.3,355.1,0,0,0.1412524571749508,0.0
4315,1,0,0,1,6,1,0,1,0,0,2,0,2,2,0,0,3,94.5,575.45,1,0,0.1639344262295081,1134.0
5761,1,0,1,1,9,1,0,1,0,2,0,2,2,2,0,1,2,101.5,906.85,0,0,0.111802610563419,0.0
3849,0,0,0,0,12,1,2,1,0,2,0,0,0,2,0,1,2,89.15,1057.55,0,0,0.0842189787917434,0.0
5178,0,0,0,0,1,1,0,2,1,1,1,1,1,1,0,1,3,19.4,19.4,0,0,0.9509803921568628,232.79999999999998
6857,0,1,1,1,48,0,1,0,0,2,0,0,0,0,1,0,0,29.9,1388.75,0,2,0.0215146609102356,0.0
2772,1,0,0,0,20,1,0,1,0,0,0,0,2,0,0,0,2,78.8,1641.3,0,1,0.0479814893746574,0.0
876,0,1,1,0,16,1,2,1,0,0,0,0,0,2,0,1,1,85.35,1375.15,1,1,0.0620208552846709,1024.1999999999998
6305,0,0,0,0,2,1,0,1,0,0,0,0,2,0,0,1,3,79.65,152.7,1,0,0.5182173064411192,955.8000000000001
3371,0,0,0,0,10,1,0,2,1,1,1,1,1,1,1,1,3,19.3,185.2,0,0,0.1036519871106337,0.0
3299,0,1,0,0,2,1,0,1,0,0,0,0,0,2,0,1,2,79.6,195.05,1,0,0.4060188727365467,955.1999999999999
6971,1,0,1,1,20,1,2,1,0,2,0,2,2,0,0,0,3,96.8,1826.7,0,1,0.0529627400558078,0.0
2866,1,0,1,0,20,1,0,2,1,1,1,1,1,1,1,0,3,20.65,417.5,0,1,0.0493428912783751,0.0
1069,1,0,1,1,19,1,0,2,1,1,1,1,1,1,1,0,3,19.8,344.5,0,1,0.0573082489146165,0.0
3019,1,1,0,0,19,1,2,1,2,0,0,0,2,0,0,1,2,90.6,1660.0,1,1,0.0545454545454545,1087.1999999999998
6984,1,0,1,0,22,1,0,1,2,2,0,2,2,2,0,1,2,104.6,2180.55,0,1,0.0479475602209438,0.0
6674,0,0,0,0,35,1,2,1,0,0,0,2,0,0,0,0,1,80.05,2835.9,0,2,0.0282174204237019,0.0
5149,0,0,0,0,1,1,0,0,0,0,0,0,0,0,0,0,3,45.15,45.15,0,0,0.9783315276273022,0.0
5777,1,0,0,0,39,1,2,1,0,0,0,0,0,0,0,1,1,73.15,2730.85,0,2,0.0267767263942017,0.0
940,0,1,1,0,54,1,0,1,0,0,2,2,2,2,1,1,2,99.1,5437.1,0,3,0.018223276512017,0.0
2045,0,0,0,0,1,1,0,2,1,1,1,1,1,1,0,1,0,20.2,20.2,1,0,0.9528301886792452,242.39999999999998
5501,1,0,1,0,66,1,2,1,2,0,2,0,2,2,2,1,1,106.05,6981.35,1,3,0.015188296204,1272.6
615,1,0,0,0,56,1,2,1,2,0,0,2,2,2,0,1,3,105.35,5794.45,0,3,0.0181780534729831,0.0
2271,1,0,0,1,18,1,0,0,0,0,0,0,0,0,0,1,1,45.65,747.2,0,1,0.0610130981021117,0.0
3397,0,0,1,1,16,1,2,1,0,2,0,0,0,0,0,1,1,79.95,1267.95,0,1,0.0630048465266559,0.0
4310,0,0,0,0,68,1,0,0,2,0,2,0,0,0,1,1,1,54.45,3674.95,0,3,0.0148124974496388,0.0
4914,0,1,1,0,53,1,2,2,1,1,1,1,1,1,2,0,1,25.1,1275.6,0,3,0.0196616011279962,0.0
2280,0,0,1,1,72,1,2,0,2,0,2,2,2,2,2,0,1,84.7,5893.9,0,3,0.0143683523045344,0.0
5215,1,0,0,0,9,1,2,1,0,0,0,0,0,0,0,1,2,75.85,724.65,0,0,0.1045269758147867,0.0
949,0,0,0,0,30,1,0,0,2,0,0,0,0,0,0,1,3,48.8,1536.75,0,2,0.0317346772882458,0.0
4899,0,0,0,0,36,1,2,1,0,2,0,0,2,2,0,1,2,99.15,3615.6,1,2,0.0274152518940441,1189.8000000000002
4340,0,0,0,0,18,0,1,0,0,0,2,2,0,0,0,1,2,35.2,607.3,0,1,0.0578661844484629,0.0
2896,0,1,1,1,55,1,2,0,2,0,2,2,2,0,1,0,2,76.25,4154.55,0,3,0.0183489550119719,0.0
2016,0,0,1,0,39,0,1,0,2,0,2,0,2,2,0,0,2,55.9,2184.35,1,2,0.0255794266364655,670.8
2626,1,0,0,0,21,1,2,1,0,2,0,0,0,0,0,1,2,82.35,1852.85,1,1,0.0444210696658305,988.1999999999999
4016,1,0,0,0,2,0,1,0,0,2,2,2,0,0,0,1,1,40.4,77.15,1,0,0.5169545745361483,484.79999999999995
4635,1,1,0,0,33,1,2,2,1,1,1,1,1,1,1,1,0,24.9,847.8,0,2,0.0293355325164938,0.0
5105,1,0,1,0,44,0,1,0,0,2,2,0,2,2,2,0,0,54.3,2390.45,0,2,0.0227058897321708,0.0
3531,0,0,1,1,30,1,0,0,2,0,0,2,0,2,0,0,0,66.3,1923.5,0,2,0.0344505066250974,0.0
4879,0,0,1,0,71,1,0,2,1,1,1,1,1,1,2,1,0,20.9,1493.2,0,3,0.0139874180163298,0.0
1101,0,0,0,0,4,1,2,1,0,0,0,0,0,0,0,0,2,75.35,338.1,1,0,0.2222058389855499,904.1999999999999
3222,1,0,0,1,35,1,0,1,0,0,2,0,2,0,1,1,2,85.15,3030.6,1,2,0.0280874785591766,1021.8000000000001
1185,1,0,1,0,1,1,0,1,0,0,2,0,0,0,0,0,1,75.35,75.35,0,0,0.9869024230517356,0.0
4244,1,1,1,0,23,1,2,1,0,2,2,0,2,2,0,1,2,104.45,2184.85,0,1,0.0477846146807878,1253.4
5705,0,0,0,1,22,0,1,0,0,0,2,0,2,2,1,1,1,49.45,1031.4,0,1,0.0478981015110422,0.0
1941,0,0,0,1,49,1,0,2,1,1,1,1,1,1,1,0,1,19.45,921.3,0,3,0.0210885828905995,0.0
3432,0,0,1,1,42,1,0,1,0,0,2,0,2,2,0,1,2,92.15,3875.4,0,2,0.0237720565473119,0.0
1125,0,0,1,1,33,1,0,1,0,0,2,0,2,2,1,1,2,93.8,3124.5,1,2,0.0300111982082866,1125.6
5896,0,0,1,1,7,1,0,2,1,1,1,1,1,1,2,0,3,19.85,144.15,0,0,0.1367550809507406,0.0
6607,0,0,1,1,67,1,2,1,2,0,2,2,0,2,1,1,0,100.25,6689.0,0,3,0.0149850523168908,0.0
1719,1,0,0,0,15,1,2,1,0,2,0,2,0,2,0,0,2,95.7,1451.1,0,1,0.0659045520280972,1148.4
5086,1,0,1,0,67,1,2,1,0,2,2,0,0,2,2,1,2,93.15,6368.2,0,3,0.0146250706525152,0.0
4043,1,0,1,1,53,1,0,0,2,2,0,2,2,0,2,1,3,69.7,3729.6,0,3,0.0186833217176861,0.0
6197,1,0,1,1,21,1,0,2,1,1,1,1,1,1,1,0,3,19.8,350.1,0,1,0.0563941896895471,0.0
5068,0,0,1,1,40,1,0,0,2,2,0,2,0,2,0,1,3,71.35,2847.2,0,2,0.0250509093462537,0.0
6320,0,0,1,1,22,1,0,2,1,1,1,1,1,1,1,0,0,20.75,452.35,0,1,0.0457703760891143,0.0
5022,1,0,0,0,39,0,1,0,0,0,0,2,0,2,0,1,2,40.6,1494.5,0,2,0.0271481109996656,0.0
2586,1,0,0,0,45,1,0,2,1,1,1,1,1,1,1,1,2,20.4,930.45,1,2,0.0219013366256911,244.79999999999998
6160,0,0,1,0,2,1,0,2,1,1,1,1,1,1,0,0,3,20.35,41.85,0,0,0.4749124854142357,0.0
964,0,0,1,1,57,1,0,2,1,1,1,1,1,1,2,0,0,19.75,1272.05,0,3,0.0155139232551745,0.0
171,1,0,1,1,8,1,0,0,0,0,0,0,2,0,0,1,2,54.4,475.1,0,0,0.1142617097248477,0.0
4599,1,1,1,0,7,1,2,1,2,2,0,0,0,2,0,1,1,94.7,673.1,1,0,0.1404836077733274,1136.4
1781,1,0,0,0,6,0,1,0,0,2,0,0,0,0,0,1,1,30.5,208.7,1,0,0.145445875059609,366.0
4076,0,0,1,1,7,1,0,2,1,1,1,1,1,1,0,0,3,20.45,150.75,0,0,0.1347611202635914,0.0
1843,1,0,0,0,49,1,2,0,0,0,0,2,2,0,2,1,0,66.15,3199.0,0,3,0.020671875,0.0
4438,0,0,0,0,65,1,2,1,2,2,0,2,0,0,1,1,2,89.85,5844.65,0,3,0.015370403633471,0.0
5157,0,0,0,0,55,1,0,0,0,0,0,0,0,0,1,0,0,45.05,2462.6,0,3,0.0182862477674947,0.0
236,1,0,1,1,71,1,2,0,2,2,2,2,2,2,2,0,0,86.85,6263.8,0,3,0.0138631720086834,0.0
6023,1,0,0,0,35,1,2,1,2,2,2,2,0,0,0,1,3,96.75,3403.4,0,2,0.0284191046880507,0.0
5860,1,1,0,0,3,1,2,1,0,0,0,0,0,0,0,1,2,77.0,237.75,1,0,0.3225130890052356,924.0
4860,0,0,0,1,11,1,0,2,1,1,1,1,1,1,0,0,1,20.1,221.35,1,0,0.0903980211378457,0.0
6996,0,0,0,0,1,1,0,1,0,0,2,0,0,0,0,0,2,75.3,75.3,1,0,0.9868938401048492,903.5999999999999
4662,1,0,0,0,17,1,2,1,2,2,2,2,2,0,0,1,0,106.65,1672.1,0,1,0.0637439483593329,0.0
6396,0,0,1,0,72,1,2,1,2,0,2,2,2,2,2,1,1,110.15,7881.2,0,3,0.0139745248788409,0.0
4546,0,0,1,1,28,1,0,1,2,0,0,0,0,2,1,1,0,82.85,2320.8,0,2,0.0356835214058058,0.0
912,0,0,1,0,18,1,0,2,1,1,1,1,1,1,2,0,3,20.1,370.5,0,1,0.0541049798115747,0.0
2083,0,1,1,0,40,1,0,1,0,2,0,2,2,2,1,1,1,99.2,4062.2,1,2,0.0244142547745619,0.0
6263,0,0,0,0,52,1,0,0,0,0,2,0,0,2,0,1,2,59.45,3043.7,0,3,0.0195257332413702,0.0
6776,0,0,1,0,47,1,0,0,0,2,0,0,2,0,0,1,0,58.6,2723.4,0,2,0.0215093231537219,0.0
5534,0,0,0,0,23,1,0,0,0,0,2,0,0,0,0,0,1,49.7,1081.25,0,1,0.0459228459228459,0.0
5050,1,0,1,1,66,1,0,0,2,2,2,2,0,0,2,0,3,65.85,4097.05,0,3,0.0160686180012444,0.0
6019,0,0,0,0,8,1,2,1,0,0,0,0,0,0,0,1,2,73.5,632.2,0,0,0.1160770688566013,0.0
4736,1,1,0,0,47,1,0,1,2,0,0,0,0,2,0,0,3,85.5,4042.3,1,2,0.021146093537457,1026.0
951,0,0,0,0,7,1,0,2,1,1,1,1,1,1,0,0,3,20.05,164.85,1,0,0.1208923726258667,240.60000000000002
6515,0,0,1,1,71,1,2,1,2,2,2,2,2,2,2,0,1,113.65,8166.8,0,3,0.0139143955532701,0.0
3810,0,1,0,0,50,1,2,1,2,2,0,0,0,0,0,1,2,83.4,4113.7,0,3,0.0202687923785452,0.0
4514,1,0,1,0,46,1,0,0,2,2,2,2,0,0,2,0,3,65.65,3047.15,0,2,0.0215376539868444,0.0
3331,1,0,0,0,1,1,0,1,0,0,0,0,0,0,0,0,2,70.4,70.4,1,0,0.9859943977591036,844.8000000000001
3770,0,0,0,0,66,0,1,0,2,0,2,2,2,2,2,1,0,61.35,4193.4,0,3,0.0146266450505435,0.0
5399,0,0,1,0,42,1,2,1,0,0,2,2,0,0,0,1,1,85.9,3729.75,0,2,0.0230248609528915,0.0
4274,0,0,0,0,5,1,0,1,0,0,0,2,0,0,0,1,3,75.65,399.45,0,0,0.1889124734673492,0.0
6031,1,0,1,1,7,1,0,0,2,0,0,0,0,0,1,1,2,49.75,331.3,1,0,0.1497141137526331,597.0
3449,1,0,0,0,29,1,2,0,0,2,2,0,0,2,1,0,1,70.9,1964.6,0,2,0.036070411070411,0.0
3033,0,0,1,1,27,1,0,0,0,2,0,0,0,0,0,0,3,49.85,1336.15,0,2,0.037280783756497,0.0
5682,0,1,0,0,15,1,0,1,0,2,0,0,0,0,0,1,1,75.3,1147.45,1,1,0.0655666332883451,903.5999999999999
5154,0,0,1,1,25,1,0,2,1,1,1,1,1,1,2,0,3,20.1,486.05,0,2,0.0412688635663689,0.0
2068,0,0,1,0,11,1,2,1,0,0,0,0,2,2,0,1,2,94.0,1078.9,1,0,0.0870450967682192,1128.0
2927,1,0,1,0,57,1,2,1,2,2,2,2,2,0,0,1,2,103.05,5925.75,0,3,0.0173872695828236,0.0
5813,1,0,0,0,67,1,2,1,2,2,2,2,2,2,1,1,0,118.35,7804.15,1,3,0.0151630654119395,1420.1999999999998
2890,0,1,1,0,47,1,2,1,0,0,2,0,2,2,0,0,2,99.7,4747.2,0,2,0.020997430605282,0.0
419,0,0,0,0,13,1,0,1,0,0,0,0,2,0,0,1,3,81.9,1028.9,0,1,0.0795222837168657,0.0
3215,1,0,0,0,8,0,1,0,2,0,0,0,0,0,0,1,2,30.45,226.45,1,0,0.133875577049901,365.4
4228,0,0,1,0,44,1,2,1,0,0,0,0,2,2,0,1,2,96.1,4364.1,1,2,0.0220155322902109,1153.1999999999998
2700,1,0,1,1,71,1,2,0,2,0,0,0,2,0,1,1,2,66.2,4692.55,0,3,0.0141044625070575,0.0
4881,1,1,1,0,24,1,2,1,0,2,2,0,2,2,0,1,2,104.25,2433.9,1,1,0.042814899995893,1251.0
5674,1,1,0,0,15,1,2,1,0,2,0,0,0,0,0,1,2,80.2,1217.25,1,1,0.0658321362610301,962.4000000000001
792,0,0,0,0,1,1,0,2,1,1,1,1,1,1,0,0,2,19.75,19.75,0,0,0.9518072289156626,0.0
2296,1,1,0,0,2,1,2,1,0,0,0,0,0,0,0,1,3,72.6,154.3,0,0,0.4674822923374114,0.0
5677,1,1,0,0,55,1,2,1,2,2,2,2,2,2,0,1,2,116.5,6382.55,0,3,0.0182500332886873,0.0
2885,1,1,0,0,71,1,2,1,0,2,0,2,2,2,2,1,2,106.8,7623.2,0,3,0.0140080270716927,0.0
3933,1,0,1,1,50,1,2,2,1,1,1,1,1,1,2,0,3,24.95,1261.45,0,3,0.0197631589369876,0.0
5357,1,0,0,0,1,1,0,1,0,0,0,0,2,2,0,1,2,89.25,89.25,0,0,0.9889196675900276,0.0
188,1,0,0,0,5,1,0,2,1,1,1,1,1,1,0,1,3,19.25,86.05,0,0,0.2211372774267662,0.0
4536,0,0,0,0,66,1,2,1,2,2,2,2,2,0,1,1,0,104.55,6779.05,0,3,0.0154202402637148,0.0
3688,0,0,1,1,49,1,0,0,2,2,2,2,2,2,1,1,3,87.2,4345.0,0,3,0.0200644270593649,0.0
731,0,1,1,0,3,0,1,0,0,2,0,0,0,0,0,1,2,30.75,82.85,0,0,0.3667262969588551,0.0
2613,1,0,1,1,66,1,2,2,1,1,1,1,1,1,1,1,1,25.7,1714.55,0,3,0.014980618460552,0.0
2667,1,0,0,1,11,1,2,1,0,0,0,0,0,2,0,0,2,86.2,893.2,0,0,0.0963990158801163,0.0
5401,1,0,0,0,28,0,1,0,0,0,0,2,0,0,0,1,1,30.1,810.85,0,2,0.037075814497752,0.0
4383,1,0,1,0,65,1,2,1,2,2,2,0,2,0,2,1,2,99.35,6347.55,0,3,0.0156492427404682,0.0
2785,0,0,0,0,62,1,0,2,1,1,1,1,1,1,2,1,1,19.2,1123.65,0,3,0.0170719779486951,0.0
4982,0,0,1,0,2,1,0,2,1,1,1,1,1,1,0,0,0,20.1,43.15,0,0,0.4552661381653454,0.0
3940,0,0,0,0,2,1,0,2,1,1,1,1,1,1,0,0,1,20.35,35.1,0,0,0.5637119113573408,0.0
6217,0,0,1,1,55,1,2,2,1,1,1,1,1,1,2,1,1,25.65,1388.0,0,3,0.0184665226781857,0.0
3852,1,1,1,0,41,1,0,1,0,2,0,0,2,2,0,1,2,94.55,3851.45,0,2,0.0245428233980973,0.0
6950,0,0,1,1,17,1,2,1,2,0,2,0,2,2,0,1,2,104.2,1743.5,1,1,0.0597305818286041,1250.4
5885,0,0,0,0,30,1,0,1,0,0,0,2,2,2,1,1,0,94.4,2638.1,0,2,0.0357697699973475,0.0
5756,1,0,0,0,17,1,0,0,2,2,0,0,0,0,1,0,3,56.1,946.95,0,1,0.059180336515639,0.0
4119,0,0,1,1,16,1,0,0,2,2,0,2,0,2,2,0,0,68.25,1114.85,0,1,0.0611641349643769,0.0
5741,1,0,0,0,72,1,2,2,1,1,1,1,1,1,2,0,0,24.75,1777.6,0,3,0.0139154391094118,0.0
4188,1,0,0,0,9,1,2,1,0,0,0,0,0,0,0,1,2,76.25,684.85,0,0,0.1111759131005321,0.0
6927,0,0,0,0,1,1,0,1,0,2,0,0,0,0,0,0,2,74.35,74.35,0,0,0.986728599867286,0.0
477,1,0,0,1,23,1,0,0,0,2,0,2,0,0,0,0,2,54.15,1312.45,0,1,0.0412273021432106,0.0
3359,1,0,0,1,8,1,0,2,1,1,1,1,1,1,0,0,0,19.45,159.2,0,0,0.1214107365792759,0.0
2420,1,0,1,1,19,0,1,0,2,2,0,0,0,0,0,1,3,34.95,610.2,0,1,0.0571825916230366,0.0
4342,0,0,0,0,7,1,2,0,2,0,0,0,0,0,0,1,2,53.65,404.35,0,0,0.1323547551498704,0.0
5714,1,1,0,0,1,1,0,1,0,0,0,0,0,0,0,1,2,69.65,69.65,1,0,0.9858457183297948,835.8000000000001
1541,1,0,0,0,61,1,2,1,2,0,2,0,2,2,1,0,2,104.0,6363.45,0,3,0.0163407678589666,0.0
2928,0,0,1,0,57,1,0,0,2,2,0,2,2,0,2,1,1,70.35,4124.65,0,3,0.017051858495025,0.0
4253,1,0,0,0,9,1,0,1,0,0,0,0,0,2,0,1,2,80.8,713.1,1,0,0.1131494188489007,969.5999999999999
5042,1,0,0,1,15,1,0,0,2,0,2,0,0,2,1,0,3,64.85,950.75,0,1,0.0681376411872865,0.0
5474,0,0,0,0,1,1,0,2,1,1,1,1,1,1,0,0,3,19.65,19.65,0,0,0.9515738498789348,0.0
2485,0,0,1,0,12,1,0,0,0,0,0,0,0,0,0,0,0,45.9,505.95,0,0,0.0905414735180984,0.0
6683,1,0,0,0,54,1,0,2,1,1,1,1,1,1,2,0,3,20.0,1149.65,0,3,0.0173814800330248,0.0
1703,1,0,1,1,4,1,0,0,0,0,0,0,0,0,0,0,2,44.8,169.65,0,0,0.2625256372692645,0.0
648,0,0,0,0,7,1,0,1,0,0,0,0,2,0,0,1,3,80.3,526.7,1,0,0.1521697934432442,963.5999999999999
5536,0,0,1,0,20,1,0,2,1,1,1,1,1,1,1,0,3,20.35,393.15,0,1,0.0516300900672332,0.0
78,0,0,0,1,26,0,1,0,2,0,0,2,0,2,0,0,3,45.8,1147.0,0,2,0.0398954703832752,0.0
2563,1,1,1,0,36,1,2,1,0,0,0,0,0,2,0,1,2,84.1,3021.6,1,2,0.0278237279163633,1009.1999999999999
3031,0,0,1,0,53,1,2,1,0,2,2,2,2,2,1,1,0,108.95,5718.2,0,3,0.0190498671142817,0.0
6372,1,0,0,0,3,1,0,0,0,0,0,2,2,2,0,1,2,69.35,191.35,1,0,0.3605406810501689,832.1999999999999
232,0,0,0,0,68,0,1,0,2,2,2,2,2,2,2,0,1,64.35,4539.6,0,3,0.0141721358410782,0.0
4052,1,0,1,1,72,1,2,0,2,2,2,2,2,2,2,1,1,90.8,6397.6,0,3,0.0141906041946675,0.0
2687,1,0,0,0,12,1,2,2,1,1,1,1,1,1,1,0,1,24.95,280.4,0,0,0.0886638237384506,0.0
6336,0,1,1,1,34,1,2,1,0,2,0,0,0,0,0,1,3,79.6,2718.3,1,2,0.0292722391792005,955.1999999999999
5351,0,0,1,0,68,1,2,1,2,2,0,0,0,0,2,1,0,84.7,5711.05,0,3,0.0148283015729904,0.0
2101,0,0,0,1,50,1,0,0,2,0,2,2,2,0,1,1,1,70.8,3478.15,0,3,0.020349798082865,0.0
2651,0,1,0,0,1,0,1,0,0,0,0,0,2,0,0,1,2,36.45,36.45,1,0,0.973297730307076,437.40000000000003
1408,0,1,0,0,41,1,2,1,0,2,2,0,2,2,0,1,2,104.4,4133.95,0,2,0.0252481892163145,0.0
697,1,1,1,0,30,1,2,1,0,0,0,2,2,2,0,1,2,101.5,2917.65,0,2,0.0347763520805852,0.0
4898,1,0,0,0,1,1,2,0,0,2,0,0,0,0,0,0,2,54.3,54.3,0,0,0.9819168173598554,0.0
2088,1,1,1,1,29,1,2,1,0,0,2,0,2,2,0,1,2,103.95,2964.8,0,2,0.0350495650414727,0.0
4232,0,0,1,1,23,1,2,0,2,2,2,2,2,2,2,1,1,91.1,2198.3,0,1,0.0414222707225026,0.0
2441,1,0,0,1,60,1,0,2,1,1,1,1,1,1,2,0,3,19.95,1189.9,0,3,0.016752036275086,0.0
5036,0,0,1,0,72,1,2,2,1,1,1,1,1,1,2,0,1,26.45,1914.5,0,3,0.0138084051161576,0.0
1279,1,0,0,1,22,1,0,1,0,2,2,0,2,0,0,1,2,89.4,2001.5,1,1,0.0446441947565543,1072.8000000000002
1137,1,0,0,0,72,1,0,0,2,2,2,2,2,0,2,1,0,75.1,5336.35,0,3,0.0140706530394296,0.0
534,0,1,0,0,66,1,2,1,0,2,2,0,2,2,1,0,0,108.1,7238.6,0,3,0.0149317641858666,0.0
5347,0,0,1,0,72,1,2,1,0,2,2,2,2,2,2,1,2,110.15,7998.8,0,3,0.0137690942273556,0.0
440,0,1,1,0,47,1,2,1,2,0,0,0,0,0,0,0,2,80.35,3825.85,1,2,0.0209963808354129,964.1999999999999
5140,0,0,0,0,51,1,2,1,0,2,2,2,2,2,1,1,2,111.5,5703.25,0,3,0.0195468291186396,0.0
4287,0,0,1,1,70,1,2,1,0,2,2,0,2,2,1,1,2,106.5,7397.0,0,3,0.0143957826439578,0.0
4390,1,0,0,0,9,1,0,2,1,1,1,1,1,1,1,1,2,19.9,164.6,0,0,0.1201690821256038,0.0
6051,1,0,1,1,59,1,2,1,2,2,0,2,2,2,2,1,3,111.1,6555.2,0,3,0.0169457917696226,0.0
504,1,0,0,1,3,1,0,0,0,0,0,2,2,2,0,0,3,70.7,225.65,0,0,0.3119347010809618,0.0
2980,1,1,1,0,38,0,1,0,0,0,0,0,0,0,0,1,2,24.85,955.75,0,2,0.0259733472694016,0.0
239,0,0,0,0,37,1,2,1,2,2,2,0,0,0,0,0,0,91.2,3382.3,0,2,0.0269559306003014,0.0
5211,1,0,0,0,37,1,0,0,2,2,2,2,0,0,2,0,0,65.6,2313.8,0,2,0.0283393813720407,0.0
6589,0,1,1,0,24,0,1,0,0,0,2,0,0,2,0,1,1,40.65,933.3,1,1,0.0435085090442042,487.79999999999995
4600,0,0,1,1,14,1,0,0,2,2,0,2,0,0,0,0,0,59.45,780.85,0,1,0.0760376031208032,0.0
1242,1,0,1,0,72,1,2,1,2,2,0,2,2,2,2,1,1,109.95,7852.4,0,3,0.0140003056001222,0.0
1916,1,0,1,0,53,0,1,0,0,2,2,2,2,2,1,1,2,60.45,3184.25,1,3,0.018978102189781,725.4000000000001
5933,0,0,1,0,8,1,2,1,0,0,0,0,0,2,0,1,2,84.9,764.95,1,0,0.1108427443044585,1018.8000000000001
2446,1,0,1,1,72,0,1,0,2,2,2,0,0,0,2,0,1,38.5,2763.0,0,3,0.0139290882778581,0.0
5439,0,1,1,0,17,1,2,1,0,0,0,0,2,2,0,1,2,92.55,1614.7,0,1,0.0572816735780157,0.0
2069,0,0,1,1,2,1,0,1,0,2,0,0,0,0,0,1,0,73.55,145.4,1,0,0.5023907103825136,882.5999999999999
5557,0,0,1,0,8,1,0,2,1,1,1,1,1,1,0,0,0,20.15,156.25,1,0,0.1281399046104928,241.79999999999998
2110,0,0,1,0,48,0,1,0,0,2,2,0,0,0,1,0,3,34.7,1604.5,1,2,0.021613204609156,416.40000000000003
3530,0,0,0,0,10,1,2,2,1,1,1,1,1,1,0,1,3,24.5,270.15,0,0,0.0903558915729301,0.0
2789,1,0,0,0,1,1,0,2,1,1,1,1,1,1,0,0,3,20.6,20.6,0,0,0.9537037037037036,0.0
1570,0,0,0,0,29,1,0,0,2,0,2,2,0,0,1,0,1,58.0,1734.5,0,2,0.0334197637568424,0.0
3785,0,1,1,1,65,1,2,1,0,2,2,0,2,2,1,1,2,107.45,7047.5,0,3,0.0152443782365042,0.0
4852,0,0,0,0,8,1,2,0,2,2,2,0,0,0,0,1,0,65.5,573.15,0,0,0.1140816859705651,0.0
856,1,0,1,0,61,1,2,2,1,1,1,1,1,1,2,0,0,25.45,1538.6,0,3,0.0165302676019745,0.0
6498,0,1,0,0,45,1,2,1,0,0,2,0,2,2,1,1,0,100.15,4459.8,0,2,0.0224511298421807,0.0
3815,1,0,1,1,72,1,2,1,0,2,2,0,2,2,1,1,1,104.45,7459.0,0,3,0.0140013404825737,0.0
5700,1,0,1,1,12,1,0,2,1,1,1,1,1,1,0,1,2,21.15,306.05,0,0,0.0688812896922325,0.0
2839,1,0,0,0,7,1,2,1,0,0,0,0,2,2,0,0,2,96.2,639.7,0,0,0.1501482753238645,0.0
2506,1,0,0,0,9,1,0,0,0,0,0,0,0,0,0,1,3,44.4,348.15,0,0,0.1271659745095231,0.0
5902,0,1,1,0,43,1,2,1,0,0,2,2,2,2,1,1,2,107.55,4533.9,1,2,0.0237160687115482,1290.6
4154,1,0,1,1,58,1,2,1,0,0,2,2,0,2,2,0,0,94.35,5563.65,0,3,0.0169552442651379,0.0
729,1,1,1,0,16,1,2,1,0,0,2,0,2,2,0,1,2,98.75,1587.55,1,1,0.0621636083220547,1185.0
1191,1,0,1,1,2,1,0,2,1,1,1,1,1,1,0,0,3,20.3,40.25,0,0,0.4921212121212121,0.0
186,0,0,1,0,8,1,0,1,0,2,2,0,2,2,0,0,2,101.15,842.9,1,0,0.1198601730062803,1213.8000000000002
2704,0,0,1,0,40,1,2,1,2,0,2,0,2,2,1,0,0,105.75,4228.55,0,2,0.0250026598574316,0.0
2997,1,0,0,0,9,1,2,1,2,0,0,0,0,0,0,1,2,81.15,784.45,0,0,0.10331657011904,0.0
4988,1,0,0,0,41,1,0,1,0,2,0,2,2,0,1,1,2,89.55,3729.75,0,2,0.0240032165114253,0.0
4434,0,0,0,0,26,1,0,0,0,2,2,0,0,0,0,1,1,54.75,1406.9,0,2,0.0388877050926912,0.0
5555,0,0,1,0,33,1,0,0,0,2,0,2,0,0,1,1,1,53.75,1857.3,0,2,0.0289242856374105,0.0
1389,1,0,1,1,68,1,0,1,0,2,2,2,2,2,1,0,1,105.75,7322.5,0,3,0.0144398170273776,0.0
6193,0,1,1,0,65,1,0,1,0,2,2,2,2,2,2,1,1,105.85,6725.5,0,3,0.0157362670036423,0.0
5495,1,0,0,0,55,1,0,0,0,2,0,2,0,2,1,1,2,64.2,3627.3,0,3,0.017694236970482,0.0
3807,1,0,0,0,20,1,2,1,0,0,2,0,2,0,0,1,2,88.7,1761.45,1,1,0.0503276688700388,1064.4
5430,1,0,0,0,19,1,0,1,0,0,0,2,0,2,1,1,1,87.7,1725.95,0,1,0.0507831726454153,0.0
4411,0,0,0,0,45,1,2,1,0,0,2,0,0,2,0,1,1,89.3,4192.15,0,2,0.021296638565279,0.0
4165,0,0,1,1,70,1,0,2,1,1,1,1,1,1,2,1,1,20.15,1411.2,0,3,0.0142685172071944,0.0
1330,0,0,0,0,2,1,0,1,0,0,0,0,2,0,0,1,2,79.75,164.5,1,0,0.4818731117824773,957.0
3498,0,0,0,0,27,1,2,1,0,0,0,0,2,2,0,1,3,94.55,2724.6,1,2,0.034689609627238,1134.6
2260,0,0,1,0,12,1,0,2,1,1,1,1,1,1,2,1,2,20.05,264.55,0,0,0.0755036716249294,0.0
3592,1,0,0,1,72,0,1,0,2,2,2,2,2,2,2,0,1,67.2,4671.7,0,3,0.0143814068953709,0.0
2326,1,0,0,0,12,1,2,1,0,0,0,0,2,2,0,0,2,94.55,1173.55,0,0,0.0804989144778851,0.0
5998,0,1,0,0,5,1,0,1,0,0,0,0,0,0,0,1,3,69.05,318.5,1,0,0.2161189358372456,828.5999999999999
1789,1,1,1,0,71,1,2,1,2,2,2,0,2,2,0,1,2,107.5,7713.55,0,3,0.0139347077924182,0.0
1967,1,1,0,0,35,1,0,0,0,0,2,2,2,2,1,1,2,73.0,2471.25,0,2,0.0295277581150773,0.0
3061,1,0,1,1,70,1,2,1,2,2,2,2,2,2,2,0,1,114.75,7842.3,0,3,0.0146303214208305,0.0
5999,0,0,0,0,31,1,2,1,0,0,0,0,0,0,0,1,2,76.05,2227.8,0,2,0.0341215003589375,0.0
1046,1,0,1,1,52,1,2,1,0,0,2,2,0,2,2,1,0,96.25,4990.25,1,3,0.0192837465564738,1155.0
4270,1,1,0,0,37,1,2,1,0,0,2,0,2,2,0,1,2,101.1,3744.05,1,2,0.026995634237193,1213.1999999999998
6086,1,0,0,0,69,1,2,1,0,2,0,2,2,2,1,1,0,104.7,7220.35,1,3,0.0144986740706377,1256.4
3844,1,1,1,0,30,1,2,1,0,0,0,0,0,0,0,0,3,77.9,2351.45,0,2,0.0331144126336372,0.0
1711,0,0,0,0,33,1,2,1,2,0,0,0,0,2,0,1,2,90.65,2989.6,0,2,0.030311643148532,0.0
974,1,1,1,0,54,1,2,1,0,2,2,2,2,2,2,1,2,110.45,6077.75,0,3,0.0181698539995887,0.0
3172,0,0,0,0,59,1,2,0,2,0,0,2,0,2,1,0,0,68.7,4070.95,0,3,0.0168715234715554,0.0
6746,1,1,0,0,55,0,1,0,2,2,0,0,2,0,0,1,2,44.85,2479.05,0,3,0.0180843128162738,0.0
6543,1,1,1,0,69,0,1,0,0,0,2,0,0,0,1,1,1,29.8,2134.3,0,3,0.0139558844190511,0.0
2974,0,0,0,0,66,1,2,1,0,2,0,0,2,0,1,1,0,88.9,6000.1,0,3,0.0148139507756911,0.0
1363,1,0,1,1,37,1,0,0,2,0,2,2,0,0,1,1,3,58.75,2203.1,0,2,0.026654870468672,0.0
5728,1,1,1,0,9,1,0,2,1,1,1,1,1,1,1,0,1,19.85,183.15,0,0,0.107792560412707,0.0
1996,1,0,1,1,69,1,2,0,2,0,2,2,2,2,2,0,0,86.9,6194.1,0,3,0.0140272150570612,0.0
3848,1,0,0,0,10,1,0,0,0,2,0,0,2,0,0,1,3,59.65,638.95,0,0,0.0932104070630518,0.0
4731,1,0,0,1,40,1,0,0,2,2,0,0,0,0,0,1,3,55.25,2139.2,1,2,0.0258153443603401,663.0
4605,1,0,0,1,13,1,0,0,0,0,0,0,2,2,0,0,1,66.4,831.75,0,1,0.0797358150705493,0.0
6199,0,0,0,0,6,1,2,1,0,2,0,0,2,0,0,1,2,90.1,521.3,1,0,0.1725062224775033,1081.1999999999998
5443,0,0,1,1,69,1,0,2,1,1,1,1,1,1,2,0,0,20.15,1337.5,0,3,0.0150541651101979,0.0
4766,0,1,1,0,66,1,2,1,0,2,2,2,2,2,1,1,1,108.1,7181.95,0,3,0.0150495270049213,0.0
6699,1,0,0,0,11,1,2,0,0,0,2,0,0,0,0,0,2,53.75,608.0,1,0,0.0882594417077175,645.0
1877,1,0,1,1,46,1,0,0,2,0,2,2,0,0,1,0,3,56.9,2560.1,0,2,0.0222170161258834,0.0
223,0,0,0,0,6,1,0,1,0,0,0,0,2,2,0,0,2,89.3,577.6,1,0,0.1543380573798824,1071.6
719,0,0,1,1,56,1,2,1,2,0,2,2,2,2,0,1,3,109.6,5953.0,0,3,0.0184077930802821,0.0
264,1,0,1,1,70,1,2,2,1,1,1,1,1,1,2,0,1,25.15,1790.15,0,3,0.0140412584094017,0.0
4647,0,0,1,1,33,1,2,0,0,0,2,2,2,2,1,1,2,79.15,2531.4,0,2,0.0312549360290633,0.0
5241,0,0,1,1,72,1,2,0,2,2,0,2,0,0,2,0,1,66.75,4760.3,0,3,0.0140192804486169,0.0
2117,0,0,1,0,3,1,2,1,0,0,0,0,2,2,0,1,2,95.2,292.85,1,0,0.323974817083546,1142.4
678,0,0,0,1,19,1,0,0,0,0,0,2,0,0,0,0,3,48.8,953.65,0,1,0.0511182108626198,0.0
2311,0,1,0,0,5,0,1,0,0,0,0,0,2,2,0,0,2,45.7,198.0,1,0,0.2296482412060301,548.4000000000001
6651,0,0,1,0,71,1,0,0,0,2,2,2,2,2,2,1,1,80.7,5705.05,0,3,0.0141428834307445,0.0
2258,1,0,1,0,8,1,0,1,2,0,0,0,0,0,0,1,2,74.5,609.9,1,0,0.1219512195121951,894.0
6824,1,0,0,0,1,1,0,2,1,1,1,1,1,1,0,0,1,20.55,20.55,0,0,0.9535962877030162,0.0
5710,0,0,0,0,1,1,0,1,0,0,0,0,2,0,0,1,2,79.65,79.65,1,0,0.9876007439553628,955.8000000000001
2540,0,0,0,0,61,1,2,1,2,2,2,2,2,2,1,1,3,115.1,6993.65,0,3,0.0164554337958296,0.0
528,0,0,1,1,71,0,1,0,2,2,0,2,2,2,2,0,0,59.7,4122.65,0,3,0.0144774653522971,0.0
916,0,0,1,0,68,1,2,1,0,2,2,0,0,0,1,0,1,86.45,5762.95,0,3,0.0149983951977376,0.0
520,1,0,0,0,46,0,1,0,0,0,2,2,0,0,1,0,1,33.7,1537.85,0,2,0.0218994703837281,0.0
1534,1,0,0,0,33,1,2,1,2,0,0,0,0,0,1,0,0,80.1,2603.3,0,2,0.0307568252505471,0.0
2026,0,0,1,1,53,1,2,1,2,2,2,2,0,2,2,1,0,104.05,5566.4,0,3,0.0186891547221324,0.0
1451,0,1,1,0,50,1,2,1,2,2,2,0,2,2,0,0,0,108.75,5431.9,0,3,0.0200169338658911,0.0
6166,0,0,0,0,57,0,1,0,2,0,2,2,0,0,1,1,1,41.1,2258.25,0,3,0.0181918778355649,0.0
5423,0,0,1,1,54,1,0,2,1,1,1,1,1,1,2,1,0,20.35,1092.35,0,3,0.0186125211505922,0.0
3992,0,1,1,0,60,1,2,1,0,2,2,0,2,2,0,1,2,105.9,6401.25,0,3,0.0165410597836698,0.0
3949,0,1,1,0,28,1,2,1,0,0,0,2,2,2,0,1,1,101.3,2812.2,1,2,0.0360088155836769,1215.6
6230,0,0,1,1,1,1,0,1,0,0,0,0,2,0,0,1,3,80.05,80.05,1,0,0.9876619370758792,960.5999999999999
1414,1,0,1,1,29,1,2,1,0,0,2,0,0,2,0,1,2,89.2,2698.35,1,2,0.0330449923129642,1070.4
6817,0,0,1,1,10,1,0,0,0,2,0,2,0,2,0,1,2,65.5,616.9,0,0,0.106004207800615,0.0
6925,1,0,0,1,43,0,1,0,2,2,2,0,0,0,0,1,2,40.45,1912.85,0,2,0.0211354076860778,0.0
4300,1,1,1,0,13,1,0,1,0,0,0,0,0,0,0,0,0,70.45,849.1,0,1,0.0828726032231502,0.0
6359,0,0,1,0,43,1,0,0,2,0,2,2,2,2,2,1,2,78.8,3460.3,0,2,0.0227660127697685,0.0
4198,1,0,1,1,19,1,2,1,0,0,0,0,0,2,0,1,2,83.65,1465.75,1,1,0.0570308505198568,1003.8000000000001
1307,1,0,1,1,1,1,0,1,0,0,0,0,2,2,0,1,2,90.1,90.1,0,0,0.9890230515916576,0.0
6424,0,0,0,0,69,1,0,0,2,0,2,2,2,2,2,1,1,82.45,5555.3,0,3,0.0148390115724492,0.0
483,0,0,1,0,61,1,0,2,1,1,1,1,1,1,2,0,1,20.25,1278.8,0,3,0.0158227848101265,0.0
4366,1,0,1,0,43,1,2,0,2,2,0,2,0,0,0,0,0,66.25,2907.35,0,2,0.022779239087455,0.0
5708,0,0,1,0,6,1,0,2,1,1,1,1,1,1,0,0,0,19.5,146.3,1,0,0.1323828920570264,0.0
6722,1,0,0,0,1,1,0,0,0,0,0,2,0,0,0,0,3,51.25,51.25,1,0,0.9808612440191388,615.0
1303,1,0,1,0,56,1,0,1,0,0,0,0,2,2,0,0,3,89.7,4952.95,0,3,0.0181067632898999,0.0
1740,0,0,1,0,70,0,1,0,2,2,2,2,2,2,2,0,0,64.55,4504.9,0,3,0.0143256619099403,0.0
1413,1,0,0,0,1,1,0,0,0,0,0,0,0,0,0,1,2,45.6,45.6,1,0,0.9785407725321889,547.2
1017,1,0,1,1,49,1,2,1,0,2,2,0,2,0,1,1,2,93.65,4520.15,0,3,0.020713756455769,0.0
830,0,0,0,0,6,1,0,0,0,0,0,2,0,0,0,1,0,49.65,267.35,1,0,0.1850195640022358,595.8
1713,0,0,1,1,32,1,0,0,2,2,2,2,0,2,2,0,3,73.6,2316.85,0,2,0.0317535647259313,0.0
6943,0,1,1,0,72,1,2,1,2,0,2,2,2,2,2,1,3,109.75,8075.35,0,3,0.0135890594142155,0.0
3787,1,0,0,1,37,1,0,0,2,2,0,2,0,0,2,0,1,61.45,2302.35,0,2,0.0266785334404237,0.0
5473,0,0,1,0,69,1,0,1,2,2,0,2,2,2,1,1,1,106.4,7251.9,0,3,0.0146699940713369,0.0
6152,0,0,1,0,26,1,0,0,0,2,2,2,2,2,0,0,0,81.9,2078.55,0,2,0.0393835204731792,0.0
996,0,0,1,1,58,1,2,1,0,2,2,0,2,2,1,1,1,105.2,6225.4,0,3,0.0168957985352691,0.0
5599,1,0,0,0,24,1,2,0,0,0,0,2,0,0,1,0,0,54.6,1242.25,0,1,0.0439171526241705,0.0
1851,1,0,1,1,5,1,0,2,1,1,1,1,1,1,1,0,2,20.55,99.45,0,0,0.2045793927327028,0.0
4025,1,0,1,1,15,1,0,2,1,1,1,1,1,1,0,1,2,20.0,288.05,1,1,0.0691921812835149,240.0
878,0,0,1,1,30,1,0,2,1,1,1,1,1,1,2,0,3,19.7,599.25,0,2,0.0328196584756351,0.0
218,0,0,1,0,55,1,2,0,2,2,0,2,0,0,1,1,1,66.05,3462.1,0,3,0.0190725072911553,0.0
2003,0,0,1,0,25,0,1,0,0,0,0,0,2,0,0,1,0,34.0,853.0,1,2,0.0398126463700234,408.0
4061,1,1,1,0,10,1,0,1,0,2,2,2,2,0,0,1,3,92.5,934.1,1,0,0.0989199016148005,0.0
3957,1,0,1,1,44,0,1,0,2,2,2,2,0,2,2,1,1,54.05,2375.2,0,2,0.0227464018180287,0.0
3173,0,0,0,0,47,1,0,0,2,2,0,2,0,0,1,1,3,58.9,2813.05,0,2,0.0209306870880048,0.0
2188,0,0,1,1,13,1,0,1,0,0,0,0,2,2,0,0,2,88.35,1222.8,1,1,0.0721931688184343,1060.1999999999998
4523,0,0,1,1,49,1,2,1,0,2,2,2,2,2,2,1,0,107.95,5293.2,1,3,0.0203902383740697,1295.4
2321,0,0,1,0,64,1,0,1,2,0,0,2,2,2,1,1,3,96.9,6314.35,0,3,0.0153435676565827,0.0
6628,1,0,0,0,1,1,0,2,1,1,1,1,1,1,0,0,3,19.1,19.1,0,0,0.9502487562189056,0.0
4754,1,0,0,0,20,1,0,0,0,0,0,2,0,0,0,0,3,50.0,1003.05,0,1,0.0497983168168915,0.0
1762,0,0,1,0,37,0,1,0,2,0,0,2,2,0,2,0,2,45.4,1593.1,0,2,0.0284800200740229,0.0
2344,1,0,1,1,30,1,2,1,0,0,0,0,2,0,0,0,2,85.45,2509.95,0,2,0.0340309444632509,0.0
3543,0,0,0,0,38,1,2,0,2,2,2,0,2,2,1,0,0,84.1,3187.65,0,2,0.0263747981120536,0.0
2067,0,1,0,0,1,1,2,1,0,0,0,0,0,0,0,1,3,74.45,74.45,1,0,0.9867461895294898,893.4000000000001
2454,0,0,0,0,37,1,0,0,0,0,0,0,2,2,0,1,2,64.75,2345.2,1,2,0.0275978177478475,777.0
2969,0,0,1,0,52,0,1,0,2,2,2,2,2,2,2,0,1,66.25,3330.1,0,3,0.0198883251778691,0.0
4444,1,0,0,1,71,1,0,0,2,2,2,2,2,0,2,1,1,76.9,5522.7,0,3,0.013921827760378,0.0
6697,1,0,0,0,26,1,0,1,0,2,2,0,2,0,0,0,2,89.8,2335.3,1,2,0.0384368445833155,1077.6
524,1,0,0,0,66,1,2,0,2,2,2,0,0,2,2,1,1,74.6,4798.4,0,3,0.0155436096178689,0.0
6881,1,0,1,0,72,1,2,1,2,2,2,2,2,2,2,1,1,116.95,8594.4,0,3,0.0136061148986667,0.0
6667,1,0,0,1,25,0,1,0,2,0,0,0,2,0,1,1,1,40.65,970.55,0,2,0.0418403581905203,0.0
3813,1,0,1,1,69,1,2,1,2,2,2,2,2,2,2,1,0,114.35,7665.8,0,3,0.0149149580007304,0.0
804,1,0,1,1,53,1,2,0,2,2,0,0,0,2,2,0,0,69.7,3686.05,0,3,0.0189040018442928,0.0
3997,0,0,0,0,12,1,0,1,0,0,2,0,2,2,1,0,3,95.5,1115.15,1,0,0.0855619764368588,1146.0
4639,1,0,0,0,26,1,0,1,0,0,2,2,2,2,0,1,2,98.65,2537.0,0,2,0.0388691883372734,0.0
6341,1,0,0,0,21,1,0,0,0,0,2,0,0,2,0,0,3,61.65,1393.6,0,1,0.0442062240068837,0.0
2973,0,0,0,1,1,1,0,1,0,0,0,0,2,2,0,1,2,89.35,89.35,0,0,0.9889319313779744,0.0
3309,1,0,0,0,48,1,2,1,2,0,0,2,0,2,0,1,2,95.4,4445.3,0,2,0.0214560421024222,0.0
4036,0,0,1,0,26,0,1,0,2,0,2,0,0,0,1,0,1,35.4,978.6,0,2,0.0361371988566761,0.0
1011,1,0,1,0,60,1,0,2,1,1,1,1,1,1,2,0,3,19.95,1258.15,0,3,0.0158440217607115,0.0
4303,1,0,0,0,18,1,0,2,1,1,1,1,1,1,0,0,3,19.25,331.35,0,1,0.0579208665563412,0.0
3621,0,1,0,0,10,0,1,0,0,0,0,2,0,0,0,1,2,29.65,291.4,1,0,0.1014021887824897,355.79999999999995
3463,1,0,1,1,5,1,2,1,2,0,2,0,0,0,0,1,2,84.5,453.75,1,0,0.1858163826278175,0.0
1712,0,0,0,1,4,1,0,2,1,1,1,1,1,1,1,1,3,20.4,84.75,0,0,0.2379008746355685,0.0
326,1,0,1,1,65,1,2,2,1,1,1,1,1,1,2,0,1,24.75,1715.1,0,3,0.0144222364664063,0.0
2681,1,0,1,1,70,1,2,2,1,1,1,1,1,1,2,0,3,25.35,1715.15,0,3,0.0147714360632811,0.0
6374,1,0,0,0,18,1,2,1,0,0,2,0,0,2,0,1,1,90.7,1597.25,1,1,0.0567495698420147,1088.4
576,1,0,0,1,62,1,0,2,1,1,1,1,1,1,2,0,0,20.0,1250.1,0,3,0.015985932379506,0.0
5847,0,0,1,1,66,1,0,0,2,0,0,0,2,0,2,1,2,59.75,3996.8,0,3,0.0149457201460803,0.0
6495,0,0,1,1,65,1,2,0,2,2,0,2,2,2,2,1,0,82.5,5215.1,0,3,0.0158164145626042,0.0
4362,0,1,0,0,3,1,0,1,0,0,0,0,0,0,0,1,2,70.3,235.5,1,0,0.2972515856236786,843.5999999999999
6939,0,0,0,0,34,1,0,2,1,1,1,1,1,1,0,0,3,20.35,673.2,0,2,0.0301839216849599,0.0
66,1,0,1,1,16,1,2,1,0,0,2,0,2,0,0,1,0,90.8,1442.2,0,1,0.0629157427937915,0.0
600,0,0,0,0,54,1,2,1,2,0,2,0,2,2,1,1,0,103.95,5639.05,1,3,0.0184306876712085,1247.4
1908,0,1,0,0,50,1,2,1,0,0,2,2,2,2,0,1,2,104.95,5222.35,0,3,0.0200924693922482,0.0
2833,1,0,1,0,71,1,0,1,0,2,2,2,2,2,2,1,2,105.25,7291.75,0,3,0.0144321415104041,0.0
5720,0,0,0,0,10,1,2,1,0,0,0,0,0,0,0,1,2,74.75,799.65,1,0,0.0933616436645225,897.0
6779,0,0,0,0,1,1,0,0,0,0,0,2,0,0,0,1,2,50.8,50.8,1,0,0.9806949806949808,609.5999999999999
6496,1,0,0,0,18,1,2,2,1,1,1,1,1,1,1,0,3,23.75,424.5,0,1,0.0558166862514688,0.0
5893,1,0,0,0,4,1,0,0,0,0,0,2,2,0,0,1,2,61.3,249.4,0,0,0.2448083067092651,0.0
3773,0,0,1,1,58,1,2,0,2,0,2,2,2,0,2,0,3,75.8,4415.75,0,3,0.0171619403407482,0.0
4446,0,0,1,0,56,1,2,1,2,0,0,0,2,2,1,1,2,98.0,5270.6,0,3,0.018590181349116,0.0
6810,1,0,0,0,2,1,0,1,0,0,0,0,2,0,0,1,2,80.25,144.55,1,0,0.5513569220199244,963.0
6641,1,0,1,0,32,1,2,1,0,0,2,0,0,0,0,1,2,78.9,2447.95,1,2,0.0322178892994957,946.8000000000001
4408,1,0,1,1,56,0,1,0,2,2,0,2,2,0,1,1,3,52.0,2884.9,0,3,0.0180186423646002,0.0
1622,1,0,0,0,36,1,2,1,0,0,0,0,0,2,0,1,2,84.75,3050.15,1,2,0.0277764121724595,1017.0
2184,0,0,0,0,4,1,2,0,0,0,0,2,2,0,0,1,3,64.4,253.0,0,0,0.2535433070866142,0.0
575,1,0,0,0,53,1,2,1,0,0,0,0,2,0,0,0,0,85.45,4517.25,1,3,0.0189121894538814,1025.4
4349,1,0,0,0,10,1,0,0,0,0,0,0,0,0,0,1,1,45.8,436.2,0,0,0.1047575480329368,0.0
6114,1,0,0,0,4,0,1,0,0,0,0,2,0,0,0,0,2,30.5,118.4,0,0,0.2554438860971524,0.0
3909,1,0,1,1,1,1,0,2,1,1,1,1,1,1,0,0,3,19.9,19.9,1,0,0.9521531100478468,238.79999999999998
6819,0,0,1,0,51,1,0,1,0,0,0,0,0,0,0,0,3,69.15,3649.6,0,3,0.0189420917109516,0.0
5271,1,1,0,0,12,1,2,1,0,0,2,0,2,2,0,1,2,99.45,1200.15,1,0,0.0827956541647587,1193.4
5764,0,0,0,0,6,0,1,0,0,0,0,2,2,2,1,1,3,49.25,255.6,0,0,0.1919329696024941,0.0
1463,1,0,1,1,63,0,1,0,0,2,2,2,0,0,2,0,0,39.35,2395.05,0,3,0.0164228626280753,0.0
3814,0,0,0,0,1,1,0,1,0,0,0,0,0,0,0,1,2,70.6,70.6,1,0,0.9860335195530726,847.1999999999999
3596,0,0,1,0,48,1,2,1,0,2,0,2,2,2,0,1,1,105.1,5083.55,0,2,0.0206704624794721,0.0
6412,0,0,0,0,5,1,0,1,0,0,0,0,2,0,0,1,1,81.0,389.6,1,0,0.2073732718894009,972.0
3982,0,0,0,1,35,1,0,2,1,1,1,1,1,1,1,1,1,20.1,644.5,0,2,0.031138652207591,0.0
1636,1,0,0,0,6,1,0,1,0,2,0,0,2,0,0,1,2,84.85,523.5,1,0,0.1617731172545281,1018.1999999999999
2760,1,0,0,0,2,1,0,2,1,1,1,1,1,1,0,0,3,19.75,39.3,0,0,0.4900744416873449,0.0
1770,0,0,0,0,50,1,0,2,1,1,1,1,1,1,1,0,0,19.75,989.05,0,3,0.0199484874501287,0.0
2844,0,0,0,0,33,1,0,1,0,0,0,0,0,0,0,1,0,70.4,2406.1,0,2,0.029246811515932,0.0
3601,1,0,0,0,31,1,0,2,1,1,1,1,1,1,2,0,3,20.45,638.55,0,2,0.031975607849269,0.0
3561,0,0,1,1,9,1,0,2,1,1,1,1,1,1,2,0,3,20.35,191.1,0,0,0.1059344091618948,0.0
179,0,0,1,1,54,1,2,0,0,2,2,2,2,2,0,1,2,86.2,4524.05,0,3,0.0190495132650467,0.0
6288,0,0,0,0,46,1,0,1,2,2,2,0,2,0,1,1,1,95.65,4664.2,0,2,0.0205028723313041,0.0
2868,1,0,0,1,34,1,2,1,2,2,0,0,2,2,1,1,2,103.8,3470.8,0,2,0.029898035601129,0.0
6830,1,0,1,1,71,1,2,1,2,0,0,0,2,2,2,1,2,97.2,6910.3,0,3,0.0140639242978889,0.0
6879,0,0,1,1,63,1,0,0,2,2,2,2,0,0,2,0,3,63.55,4014.2,0,3,0.0158273560470213,0.0
4534,0,0,0,0,51,1,2,2,1,1,1,1,1,1,2,0,0,24.95,1288.0,0,3,0.019356089992242,0.0
4255,0,1,0,0,26,1,2,1,0,2,0,0,2,0,0,1,2,89.15,2277.65,1,2,0.0391240427446075,1069.8000000000002
2834,0,0,1,0,64,1,0,1,2,0,2,0,2,2,2,1,0,99.0,6375.8,0,3,0.015525028227324,0.0
5620,0,1,1,0,1,0,1,0,0,0,0,0,0,0,0,1,2,24.8,24.8,1,0,0.9612403100775194,297.6
2618,1,1,1,0,61,1,2,1,0,2,0,2,0,0,1,1,0,85.55,5251.75,0,3,0.0162867069630193,0.0
4836,0,0,0,0,15,1,0,1,0,0,2,0,2,2,0,1,1,94.0,1505.45,0,1,0.0623983537455607,0.0
1875,1,0,0,0,64,1,2,1,0,2,0,2,2,2,1,1,1,105.65,6903.1,1,3,0.0153025014122043,1267.8000000000002
903,0,0,0,0,18,1,2,0,0,0,0,0,0,0,0,1,2,50.3,913.3,0,1,0.0550147653942907,0.0
6316,0,0,1,1,57,1,0,1,0,2,0,0,2,2,1,1,2,95.0,5535.8,0,3,0.0171579251553243,0.0
6829,1,0,1,1,14,1,0,0,2,2,0,0,0,2,2,1,0,61.4,815.55,0,1,0.075194415528749,0.0
6000,1,1,0,0,18,1,2,1,0,2,0,0,0,0,0,1,1,80.55,1411.65,0,1,0.057020493398931,0.0
5094,0,1,1,0,72,1,2,1,2,0,0,0,0,0,2,0,0,78.5,5602.25,0,3,0.0140097264980145,0.0
5618,1,0,1,0,70,1,2,1,2,2,2,2,2,2,2,0,1,114.3,8244.3,0,3,0.0138624428462275,0.0
1577,0,0,0,0,38,1,0,2,1,1,1,1,1,1,2,0,3,20.05,741.5,0,2,0.027003367003367,0.0
2481,1,0,1,1,68,1,0,0,2,2,2,2,0,0,2,0,1,62.65,4375.8,0,3,0.0143141107658563,0.0
3707,1,0,0,0,13,1,0,1,0,0,0,0,0,2,0,1,2,80.85,1008.7,1,1,0.080073289095771,970.1999999999999
4555,1,1,1,0,65,1,2,1,2,2,0,0,2,0,2,1,1,92.7,5968.4,0,3,0.0155291989144637,0.0
3515,0,0,0,0,30,1,2,1,0,0,2,0,2,2,0,0,2,100.45,3096.9,0,2,0.0324251912585945,0.0
6082,1,0,1,0,51,1,2,0,0,0,0,2,2,2,2,1,0,75.2,3901.25,0,3,0.0192709334358383,0.0
1684,0,0,0,0,31,1,2,1,2,0,2,0,0,0,0,1,1,84.75,2613.4,0,2,0.0324166156670746,0.0
5233,0,0,1,0,9,1,0,1,0,0,0,0,2,2,0,0,2,89.45,853.1,1,0,0.1047301252780704,1073.4
6657,0,0,1,1,72,1,2,0,2,2,2,2,0,2,2,1,0,79.5,5661.7,0,3,0.0140392392321684,0.0
4476,1,0,0,0,10,1,2,0,0,0,0,0,2,2,0,1,1,72.15,794.25,1,0,0.0907261867337315,865.8000000000001
4245,0,0,0,0,37,1,0,2,1,1,1,1,1,1,1,1,2,19.8,695.05,0,2,0.0284462323108972,0.0
1096,0,0,0,0,2,1,0,0,0,0,2,2,2,2,0,0,2,76.4,160.8,1,0,0.4721878862793572,916.8000000000001
5587,1,0,0,0,55,1,0,1,2,2,0,0,2,2,1,1,3,100.9,5552.05,0,3,0.0181701947578357,0.0
6979,1,0,0,1,33,1,2,1,2,0,2,0,0,2,0,1,0,95.3,3275.15,0,2,0.0290890221754193,0.0
5261,0,0,1,1,46,1,0,1,0,0,2,2,0,2,1,0,0,90.95,4236.6,0,2,0.0214626203511421,0.0
5142,0,0,0,1,1,1,0,0,2,0,0,2,0,0,0,0,2,54.5,54.5,0,0,0.981981981981982,0.0
4968,0,1,0,0,20,1,2,0,0,0,0,0,0,2,0,1,3,61.6,1174.35,1,1,0.0524099204492279,739.2
498,1,0,1,0,9,1,0,1,0,2,2,0,0,0,0,1,2,79.9,741.7,1,0,0.1075804497105156,958.8000000000001
4213,1,1,0,0,32,1,2,1,0,0,0,0,2,2,0,1,1,96.15,3019.25,1,2,0.0318351129873354,1153.8000000000002
3101,0,0,1,1,19,1,0,0,0,0,2,0,0,0,0,1,0,49.6,962.9,0,1,0.051457620085071,0.0
2447,0,0,1,0,70,1,2,0,2,0,2,2,0,0,2,0,1,65.3,4759.75,1,3,0.0137163262091057,783.5999999999999
1704,0,0,0,1,61,1,2,2,1,1,1,1,1,1,2,1,1,25.0,1498.35,0,3,0.0166738920198752,0.0
5047,1,0,0,0,26,1,0,0,0,0,0,0,0,0,0,0,2,45.45,1233.15,0,2,0.0368269659279666,0.0
1234,1,0,1,0,45,1,2,1,0,2,2,0,2,2,0,1,0,107.75,4882.8,0,2,0.0220627380318604,0.0
1233,1,0,1,1,62,1,2,1,0,0,2,0,2,0,2,1,1,89.1,5411.65,0,3,0.0164614375583124,0.0
4347,1,0,0,0,1,1,0,2,1,1,1,1,1,1,0,0,3,19.65,19.65,1,0,0.9515738498789348,235.79999999999998
6105,0,0,0,0,3,1,0,0,0,0,0,0,0,0,0,0,3,44.75,148.05,0,0,0.3002348205300235,0.0
392,0,0,1,1,41,1,2,1,2,2,2,0,0,2,1,1,0,101.6,3930.55,0,2,0.0258422250766237,0.0
4029,1,0,1,1,67,1,0,1,0,2,2,2,2,2,2,0,0,103.15,6895.5,0,3,0.0149568621764663,0.0
5302,1,0,0,0,1,1,2,1,0,0,0,0,2,0,0,1,3,84.65,84.65,1,0,0.9883245767659078,1015.8000000000001
1148,0,0,1,0,71,1,2,1,2,2,0,0,2,0,1,0,3,95.65,6856.95,0,3,0.0139473166179397,0.0
2104,0,0,1,1,37,1,0,0,2,2,0,0,2,2,1,0,0,75.1,2658.8,0,2,0.0282352056545604,0.0
2815,1,0,1,0,60,1,0,0,2,2,0,2,0,0,2,1,3,61.35,3766.2,0,3,0.0162853047356126,0.0
1718,0,1,1,0,1,1,0,1,0,0,0,0,0,0,0,1,2,69.55,69.55,1,0,0.9858256555634302,834.5999999999999
7015,0,0,0,0,6,1,0,2,1,1,1,1,1,1,0,0,1,19.7,129.55,0,0,0.150900038299502,0.0
6144,0,0,0,0,13,0,1,0,0,2,0,0,0,0,0,1,2,31.05,347.25,1,1,0.0891600861450107,372.6
6669,0,0,1,1,11,1,0,0,2,0,0,0,0,0,0,0,0,51.0,581.7,0,0,0.0875235970482237,0.0
1498,1,0,0,0,7,1,0,0,2,0,0,0,0,0,0,1,3,51.0,354.05,1,0,0.1436417405999155,612.0
1819,0,0,1,1,10,1,0,1,0,0,0,0,2,2,0,1,2,88.85,929.45,0,0,0.0954914288784996,0.0
4634,1,0,1,0,34,1,0,2,1,1,1,1,1,1,2,0,1,20.05,679.0,0,2,0.029485294117647,0.0
839,0,0,0,0,62,1,0,0,2,0,0,2,0,2,2,1,3,65.1,3846.75,0,3,0.016918978623871,0.0
6532,1,0,1,0,64,1,2,0,0,2,0,2,0,2,1,1,3,70.15,4480.7,0,3,0.0156525425619742,0.0
4348,0,0,1,1,1,1,0,0,0,0,0,0,0,0,0,1,0,44.35,44.35,1,0,0.9779492833517088,532.2
2411,1,0,0,0,25,1,0,2,1,1,1,1,1,1,2,1,3,20.75,499.4,0,2,0.0414668265387689,0.0
4917,0,0,0,0,26,1,0,0,0,2,2,0,0,0,1,1,3,56.05,1553.2,0,2,0.0360635696821515,0.0
128,1,0,0,1,10,1,0,2,1,1,1,1,1,1,1,1,0,19.95,219.5,0,0,0.0904761904761904,0.0
6866,0,0,0,0,53,1,2,1,2,2,2,0,2,0,1,0,3,98.6,5311.85,0,3,0.0185587773040834,0.0
4557,0,0,0,0,7,1,0,1,0,0,0,0,2,0,0,1,2,79.7,586.05,1,0,0.1357635635806149,956.4000000000001
4624,1,0,0,0,33,1,0,1,0,2,2,0,0,0,0,1,1,79.0,2576.8,0,2,0.030646287532004,0.0
4768,0,1,1,0,71,1,0,1,0,2,2,0,0,2,2,0,1,89.45,6435.25,0,3,0.0138978442416003,0.0
2089,0,0,0,0,29,1,2,1,0,0,0,0,0,0,0,1,2,74.2,1993.25,0,2,0.0372069700388617,0.0
2978,1,0,1,1,24,1,2,0,2,0,0,2,2,2,0,0,0,81.0,1923.85,0,1,0.0420812011325557,0.0
827,1,0,1,1,20,1,0,0,0,0,2,0,0,0,0,1,2,49.6,939.8,0,1,0.0527210884353741,0.0
3458,0,0,0,0,1,1,2,1,0,0,0,0,2,0,0,1,2,84.6,84.6,0,0,0.9883177570093458,0.0
766,1,0,0,1,54,1,2,0,0,2,0,0,0,0,0,1,1,55.0,3092.65,1,3,0.0177783524315937,0.0
4289,0,1,0,0,5,1,0,1,0,0,2,0,2,0,0,1,3,84.85,415.55,1,0,0.2036970351698475,1018.1999999999999
1879,0,0,1,1,72,1,2,0,2,0,2,2,2,2,2,1,0,84.2,5986.55,0,3,0.0140625130479077,0.0
2352,1,0,1,0,52,1,0,1,2,2,2,2,2,2,2,1,2,106.3,5487.0,0,3,0.0193695335276967,0.0
6338,0,0,0,0,9,1,0,1,0,0,0,0,0,0,0,0,2,69.05,651.5,0,0,0.105823754789272,0.0
1563,0,0,0,0,1,1,0,0,0,0,0,0,0,0,0,1,3,45.4,45.4,0,0,0.978448275862069,544.8
5994,1,1,0,0,1,1,2,1,0,0,0,0,0,0,0,1,2,73.65,73.65,1,0,0.9866041527126592,883.8000000000001
4452,1,0,1,1,33,1,0,0,0,0,2,2,2,2,1,1,3,73.9,2405.05,1,2,0.0307142411836828,886.8000000000001
3923,0,0,1,0,55,1,2,1,0,0,2,0,0,0,0,1,2,77.75,4458.15,1,3,0.0174360584416312,933.0
3075,1,0,1,1,69,1,2,1,0,0,0,2,2,2,2,1,2,99.35,6856.45,0,3,0.0144878927298048,0.0
5523,1,0,0,0,1,1,0,0,2,0,0,0,0,0,0,1,3,50.75,50.75,0,0,0.9806763285024156,0.0
5390,1,0,0,0,54,1,2,0,2,0,2,2,2,2,2,0,0,87.1,4735.2,0,3,0.0183902706811367,0.0
3912,1,0,0,1,33,1,0,2,1,1,1,1,1,1,1,1,3,20.15,682.15,0,2,0.0294957183634633,0.0
5570,1,1,1,0,45,1,2,1,0,2,2,2,2,0,1,1,0,98.7,4525.8,0,2,0.0218034814880268,0.0
544,0,0,0,1,11,0,1,0,0,0,0,0,0,0,0,0,2,25.2,321.05,0,0,0.0782487191429902,0.0
1842,1,0,0,0,6,1,0,0,2,2,0,0,0,0,0,1,0,55.7,335.65,0,0,0.1654537353334323,0.0
2583,1,0,0,0,21,1,0,0,2,0,2,0,2,0,0,0,0,65.35,1424.4,0,1,0.0458467798512698,0.0
1921,0,0,1,1,65,1,2,2,1,1,1,1,1,1,2,1,0,25.3,1748.55,0,3,0.0144608613643508,0.0
112,0,1,1,0,6,1,2,1,0,0,0,0,0,2,0,1,2,84.35,474.9,1,0,0.1772431183021643,1012.1999999999999
6235,0,0,0,0,8,1,0,1,2,0,0,0,2,0,0,0,2,84.95,668.4,1,0,0.1269046907678518,1019.4000000000001
1858,1,0,0,0,11,1,0,1,0,0,0,2,0,0,0,1,2,73.85,926.25,1,0,0.0796441089242383,886.1999999999999
1502,1,0,1,1,43,1,2,2,1,1,1,1,1,1,2,0,3,24.25,1077.95,0,2,0.0224755549376708,0.0
5394,1,0,1,1,49,0,1,0,0,2,0,0,2,2,1,1,0,51.8,2541.25,1,3,0.020375651489822,0.0
1327,0,1,1,0,1,1,0,0,0,0,0,0,0,0,0,0,2,46.0,46.0,1,0,0.9787234042553192,552.0
3224,1,1,0,0,15,1,0,1,0,0,0,0,0,2,0,1,2,79.4,1156.1,1,1,0.068619825425633,952.8000000000001
5073,1,0,1,1,60,1,0,0,2,2,2,0,0,0,2,0,0,60.5,3694.45,0,3,0.0163714838517636,0.0
3508,1,0,0,0,17,0,1,0,0,0,0,0,0,0,0,0,1,25.1,382.8,0,1,0.0653986451276706,0.0
2637,1,1,1,0,16,1,0,1,0,0,0,0,0,0,0,1,0,71.8,1167.8,1,1,0.0614305270362765,861.5999999999999
1192,1,0,1,1,35,1,0,2,1,1,1,1,1,1,1,0,0,20.05,746.75,0,2,0.0268137746573052,0.0
4490,1,1,1,0,44,1,2,1,0,2,0,0,0,2,1,0,3,88.4,3912.9,1,2,0.0225861672500574,1060.8000000000002
3340,0,0,1,1,12,0,1,0,0,0,0,2,0,0,1,0,1,30.25,368.85,0,0,0.0817899148303366,0.0
5702,1,0,0,0,1,1,0,2,1,1,1,1,1,1,0,0,3,20.2,20.2,0,0,0.9528301886792452,0.0
4064,0,0,0,0,28,1,0,0,2,2,0,2,0,0,1,1,2,59.9,1654.7,0,2,0.0361780515793924,0.0
4258,1,0,1,0,70,1,2,2,1,1,1,1,1,1,2,0,0,25.15,1940.85,0,3,0.012951566804851,0.0
1219,0,0,0,1,5,1,0,0,0,0,0,0,0,0,0,0,3,46.0,221.7,1,0,0.2065559048046699,0.0
4745,1,0,0,0,18,1,0,1,0,2,2,0,2,2,0,0,1,101.3,1794.65,0,1,0.0564141118814913,0.0
4660,1,0,1,0,70,1,2,0,2,0,0,2,2,2,2,1,1,76.95,5289.8,0,3,0.0145441143116352,0.0
2211,0,0,1,1,9,1,2,0,0,2,0,0,0,0,0,1,3,55.3,501.2,0,0,0.1101154918359219,0.0
150,0,1,0,0,67,1,0,1,2,2,0,2,2,0,2,1,0,92.45,6140.85,0,3,0.0150524679046215,0.0
427,0,0,0,0,1,1,0,0,2,0,0,0,0,0,0,1,0,48.45,48.45,0,0,0.9797775530839232,581.4000000000001
2002,0,0,1,1,18,1,0,2,1,1,1,1,1,1,2,0,3,19.35,309.25,0,1,0.0623690572119258,0.0
4911,1,0,0,0,4,1,2,0,0,0,0,0,0,0,0,0,1,51.75,201.1,1,0,0.256061355764473,0.0
5283,1,1,1,1,71,1,0,1,2,2,2,0,0,0,1,1,0,86.7,6179.35,0,3,0.0140283317287855,0.0
6732,1,0,1,1,30,1,2,1,2,2,0,0,2,0,0,1,2,94.4,2838.7,1,2,0.0332429481987534,1132.8000000000002
1381,1,0,1,0,1,1,0,0,2,0,2,0,0,0,0,0,3,55.7,55.7,0,0,0.982363315696649,0.0
5690,0,0,0,0,55,1,2,1,2,0,2,0,0,0,1,1,1,84.25,4589.85,0,3,0.0183517213587897,0.0
2707,1,0,0,0,59,1,0,0,0,0,2,2,2,0,0,1,2,64.65,3735.45,0,3,0.0173025197714408,0.0
1792,0,0,0,0,1,1,0,1,0,0,0,0,0,0,0,1,3,70.15,70.15,1,0,0.9859451862262824,841.8000000000001
3549,0,0,1,0,7,1,0,1,0,0,0,0,0,0,0,1,0,69.2,477.55,0,0,0.1446034897084944,0.0
1165,1,0,1,1,45,1,0,0,2,0,0,2,0,0,2,0,0,54.65,2553.7,0,2,0.0213919442595999,0.0
914,0,0,1,1,54,1,2,2,1,1,1,1,1,1,1,1,0,24.75,1342.15,0,3,0.0184268324461154,0.0
4629,1,0,1,1,51,1,2,2,1,1,1,1,1,1,1,1,3,23.95,1216.35,0,3,0.0196738817924179,0.0
4234,0,1,1,0,72,1,2,1,0,2,2,0,2,2,1,0,1,105.0,7578.05,0,3,0.0138539790607002,0.0
6435,1,0,1,0,44,1,0,0,2,2,0,2,0,0,1,1,0,59.85,2603.95,0,2,0.0229754889729169,0.0
4182,1,0,0,0,2,1,0,2,1,1,1,1,1,1,0,0,3,20.05,42.7,0,0,0.4588100686498855,0.0
6785,0,0,0,0,66,1,2,1,0,0,2,0,2,0,1,1,0,92.15,6056.9,0,3,0.0152115419534822,0.0
1446,1,0,1,1,68,0,1,0,2,2,0,0,2,0,1,0,3,44.8,2983.65,0,3,0.015010135191731,0.0
5795,0,0,0,0,31,1,0,2,1,1,1,1,1,1,2,0,1,20.9,689.35,0,2,0.0302744984428188,0.0
6524,0,1,0,0,21,1,2,1,0,0,0,0,2,2,0,1,0,95.4,2025.1,0,1,0.0470855337841172,0.0
5636,1,0,0,1,21,1,2,1,2,0,0,0,0,0,0,0,2,80.35,1747.2,0,1,0.0459615604621896,0.0
1654,0,0,1,1,55,1,2,0,2,0,2,2,2,2,2,1,0,85.1,4657.95,0,3,0.0182659182863091,0.0
529,1,0,0,0,9,0,1,0,0,0,0,0,2,0,0,1,1,34.7,296.1,1,0,0.1167956916863009,416.40000000000003
5687,1,1,1,0,71,1,2,1,2,2,2,2,2,2,2,1,0,115.05,8016.6,0,3,0.0143496807024545,0.0
3208,0,0,0,0,1,1,0,1,0,0,0,0,0,2,0,1,2,81.1,81.1,1,0,0.9878197320341048,973.1999999999999
3225,1,0,1,1,22,1,0,2,1,1,1,1,1,1,1,0,3,19.95,433.5,0,1,0.0459148446490218,0.0
2673,0,0,1,1,1,1,0,2,1,1,1,1,1,1,0,0,3,20.55,20.55,1,0,0.9535962877030162,246.60000000000002
4820,0,0,0,0,61,1,2,1,0,0,2,2,2,2,2,1,2,106.6,6428.4,1,3,0.0165800852334588,1279.1999999999998
2082,0,0,1,0,67,1,2,0,0,2,2,2,2,2,2,0,0,86.15,5883.85,0,3,0.0146392856232529,0.0
4705,0,1,0,0,14,1,0,1,2,2,0,0,0,0,0,0,2,78.85,1043.8,0,1,0.075468989280245,0.0
6729,1,0,1,0,59,1,2,1,2,2,2,2,2,0,0,1,2,106.75,6252.9,1,3,0.0170693487263947,0.0
5428,1,1,1,0,21,1,0,1,0,0,2,0,2,0,0,0,0,86.55,1857.25,0,1,0.0465760796448271,0.0
5588,1,0,0,0,4,0,1,0,2,2,0,2,0,0,0,0,3,42.4,146.4,0,0,0.287652645861601,0.0
6758,0,0,0,0,3,1,0,1,0,0,0,0,2,2,0,1,2,89.45,240.45,1,0,0.3704700766204183,1073.4
3195,1,0,1,0,70,1,2,2,1,1,1,1,1,1,2,0,0,24.25,1724.15,0,3,0.0140567486885198,0.0
214,0,0,0,0,3,1,0,1,0,2,0,2,2,2,0,1,2,97.9,315.3,1,0,0.3095162820107493,1174.8000000000002
6167,1,1,0,0,21,1,0,2,1,1,1,1,1,1,1,0,0,20.5,429.55,0,1,0.0476135175937754,0.0
5985,1,0,0,0,20,1,0,2,1,1,1,1,1,1,0,1,1,19.6,356.15,0,1,0.0548789024219515,0.0
4296,1,0,1,1,22,1,0,2,1,1,1,1,1,1,1,0,0,20.25,488.25,0,1,0.0413898824731732,0.0
4694,1,0,0,0,1,1,0,0,0,0,0,0,0,2,0,1,3,55.7,55.7,1,0,0.982363315696649,668.4000000000001
6236,0,0,0,0,63,1,0,2,1,1,1,1,1,1,2,1,3,20.6,1298.7,0,3,0.0158498114949603,0.0
6174,0,0,1,1,70,1,0,2,1,1,1,1,1,1,2,0,0,19.8,1378.75,0,3,0.0143504258017756,0.0
3804,1,0,0,0,13,1,0,1,0,2,2,0,0,0,0,1,2,79.8,973.45,1,1,0.0818923495305043,957.5999999999999
4906,0,0,0,0,5,1,0,1,0,0,0,0,2,0,0,0,2,80.2,384.25,0,0,0.2081765087605451,0.0
462,0,0,1,1,72,1,2,1,2,2,2,2,2,2,2,1,1,116.4,8543.25,0,3,0.0136231968867952,0.0
4480,0,0,0,0,13,0,1,0,0,2,0,0,0,0,0,1,2,31.65,389.95,0,1,0.0809566440721319,0.0
927,1,0,1,0,61,1,0,1,0,2,2,2,0,2,0,0,1,94.15,5731.85,0,3,0.0164228961162423,0.0
3580,1,0,0,0,1,1,0,2,1,1,1,1,1,1,0,0,2,20.65,20.65,0,0,0.953810623556582,0.0
5684,0,1,1,0,56,1,2,1,0,0,0,2,0,0,0,1,0,76.85,4275.75,0,3,0.017969252352838,0.0
3066,0,0,0,0,4,1,0,2,1,1,1,1,1,1,0,0,3,20.15,84.5,0,0,0.235672514619883,0.0
2123,1,0,0,0,35,1,2,0,2,0,0,0,0,0,2,0,3,55.25,1924.1,0,2,0.028699807802192,0.0
3579,0,0,1,0,18,0,1,0,0,0,2,0,2,0,0,1,2,39.05,669.85,1,1,0.0582097339196541,468.59999999999997
1579,1,0,1,0,72,1,2,0,0,2,2,0,2,2,2,0,0,82.15,5784.3,0,3,0.0141997822066271,0.0
5769,0,1,0,0,49,1,2,1,2,2,2,2,0,2,1,0,0,103.0,5166.2,0,3,0.0199334262269701,0.0
1556,0,0,1,0,44,1,2,1,2,2,2,2,0,0,0,1,1,95.1,4060.55,0,2,0.0234147062082209,0.0
4,0,1,1,0,3,1,0,1,0,0,0,2,2,0,0,1,3,83.9,267.4,1,0,0.3125931445603577,1006.8000000000001
4231,0,0,1,1,37,1,2,1,0,2,2,0,0,2,0,1,2,95.15,3532.85,0,2,0.0269253080917413,0.0
6421,1,0,1,0,61,1,2,0,0,2,2,0,2,2,1,1,2,79.8,4914.8,0,3,0.0162333699499572,0.0
3246,1,0,1,0,70,1,2,0,2,0,2,2,0,2,2,1,1,74.8,5315.8,0,3,0.014068612699368,0.0
3934,0,1,0,0,1,1,0,1,0,0,0,0,0,0,0,1,2,69.85,69.85,1,0,0.9858856739590685,838.1999999999999
3931,0,0,0,0,41,1,0,2,1,1,1,1,1,1,0,0,2,20.45,775.6,0,2,0.0263327324233839,0.0
1030,1,0,1,1,70,1,2,0,2,2,2,2,0,2,1,0,0,78.35,5445.95,0,3,0.0143841966605164,0.0
3470,0,0,0,0,1,1,0,0,0,0,0,0,2,0,0,1,3,53.55,53.55,1,0,0.9816681943171404,642.5999999999999
2912,1,0,0,0,51,1,0,2,1,1,1,1,1,1,1,0,2,19.1,1007.8,0,3,0.0189333862014274,0.0
5829,0,0,1,1,42,1,0,2,1,1,1,1,1,1,2,0,3,20.0,833.55,0,2,0.0239650110838176,0.0
1513,0,0,1,1,70,1,2,1,2,2,2,2,0,0,2,0,0,93.9,6579.05,1,3,0.0142704082795723,0.0
6250,1,0,0,0,48,1,0,2,1,1,1,1,1,1,1,0,0,19.95,1004.5,0,2,0.0198408751864743,0.0
3733,1,0,1,1,68,1,2,1,2,2,2,2,2,2,2,1,2,113.15,7856.0,1,3,0.0144011709303805,1357.8000000000002
5378,0,0,0,0,48,1,2,2,1,1,1,1,1,1,2,0,1,24.0,1183.05,0,2,0.0202694142983826,0.0
1818,0,1,1,0,26,1,0,1,0,2,0,0,0,2,0,0,2,84.95,2169.75,1,2,0.039133939882529,0.0
4474,1,0,1,0,11,1,2,1,0,2,0,0,0,0,0,1,0,80.5,896.9,1,0,0.08965363626239,966.0
3255,1,0,0,0,1,1,0,2,1,1,1,1,1,1,0,1,3,19.3,19.3,1,0,0.9507389162561576,231.60000000000002
1340,0,0,0,0,27,1,0,2,1,1,1,1,1,1,1,0,3,19.15,501.35,0,2,0.0381208320891808,0.0
1161,0,1,0,0,46,1,0,1,0,2,2,0,2,0,1,1,0,91.3,4126.35,0,2,0.0221207312197899,0.0
1131,1,0,0,0,1,1,0,0,0,0,2,0,0,0,0,1,3,49.65,49.65,1,0,0.9802566633761106,595.8
5150,0,0,0,0,46,1,0,0,0,0,2,2,0,0,2,0,1,54.35,2460.15,1,2,0.0220831725006602,652.2
331,1,0,1,1,25,1,0,2,1,1,1,1,1,1,0,1,3,19.15,477.6,0,2,0.0400125365649811,0.0
5123,1,0,0,0,4,1,0,1,0,0,0,0,2,2,0,1,2,88.45,370.65,1,0,0.2379927351002287,1061.4
3565,1,0,0,0,13,1,0,2,1,1,1,1,1,1,2,0,3,19.75,265.75,0,1,0.0740393626991565,0.0
3132,1,0,1,0,31,1,0,0,2,2,2,2,0,2,1,1,1,75.5,2424.45,0,2,0.0311282442433362,0.0
22,0,0,1,1,23,1,2,1,0,0,0,0,2,0,0,1,2,83.75,1849.95,0,1,0.0452470353061941,0.0
1583,0,0,0,0,2,1,0,2,1,1,1,1,1,1,0,0,3,19.4,61.05,0,0,0.3126510878323932,0.0
4233,0,0,0,0,65,1,2,2,1,1,1,1,1,1,2,0,0,26.5,1698.55,0,3,0.0155923626842399,0.0
4445,1,1,0,0,22,1,2,1,0,0,0,2,2,0,0,1,0,90.5,1910.6,1,1,0.0473425402803933,0.0
4288,0,0,1,1,55,1,0,2,1,1,1,1,1,1,1,0,1,19.15,998.1,0,3,0.0191672505254729,0.0
1607,1,0,1,0,9,1,0,1,0,2,2,2,2,0,0,1,3,94.85,890.6,1,0,0.1063817855540601,1138.1999999999998
2670,1,0,1,1,7,1,0,1,0,0,0,0,0,0,0,1,0,69.95,529.5,1,0,0.1318567389255419,839.4000000000001
1988,0,0,1,1,35,0,1,0,0,0,0,2,2,0,1,0,3,40.9,1383.6,0,2,0.0295392171024122,0.0
6456,1,0,0,0,6,1,0,0,2,0,2,2,2,2,2,1,3,80.25,493.4,0,0,0.1623179611650485,0.0
1215,0,0,0,0,1,1,0,0,2,0,0,0,0,0,0,1,1,48.6,48.6,1,0,0.9798387096774194,583.2
6625,1,0,0,0,17,1,0,1,0,0,0,0,0,0,0,1,2,70.8,1207.0,0,1,0.0586092715231788,0.0
5703,1,0,1,1,10,1,0,0,0,0,2,0,2,0,0,0,3,60.2,563.5,0,0,0.1066430469441984,0.0
4661,1,0,0,1,15,1,0,0,0,0,2,2,0,0,1,0,1,55.2,864.55,0,1,0.0637744786551903,0.0
1686,0,1,0,0,40,0,1,0,2,2,0,0,2,2,0,1,2,55.8,2109.35,1,2,0.026441111663942,669.5999999999999
6822,0,0,1,1,13,1,0,0,2,0,0,2,0,0,1,0,0,54.15,701.05,0,1,0.0771312584573748,0.0
3379,1,0,1,0,29,1,2,1,0,2,0,0,0,0,0,1,0,80.15,2265.25,1,2,0.0353667953667953,961.8000000000001
906,0,0,0,0,3,1,2,1,0,0,0,0,0,0,0,1,2,75.5,220.6,1,0,0.3407039711191336,906.0
4846,0,1,1,0,58,1,2,1,0,0,0,2,2,2,0,1,0,100.4,5749.8,0,3,0.0174584405647909,0.0
6801,0,0,0,0,45,1,0,0,2,2,0,2,0,0,1,1,1,62.55,2796.45,0,2,0.0223596489660226,0.0
2744,0,0,1,1,72,1,2,0,2,2,2,2,0,0,2,1,0,70.45,5165.7,0,3,0.0136353959006716,0.0
2300,1,0,1,1,68,1,2,1,2,2,0,0,0,0,1,1,0,85.5,5696.6,0,3,0.0150063184498736,0.0
1032,1,0,0,0,1,1,0,2,1,1,1,1,1,1,0,1,0,20.2,20.2,1,0,0.9528301886792452,242.39999999999998
6718,0,0,1,1,38,1,0,0,2,2,0,0,0,0,0,0,2,54.5,2076.05,0,2,0.0262391372379095,0.0
553,1,0,0,0,2,1,0,2,1,1,1,1,1,1,0,0,3,20.75,44.2,0,0,0.4590707964601769,0.0
6989,1,0,0,0,11,1,0,2,1,1,1,1,1,1,0,0,3,20.35,215.25,0,0,0.0941040462427745,0.0
3212,0,1,1,0,20,1,0,1,0,0,0,0,2,2,1,1,0,91.0,1859.5,0,1,0.0489115829078204,0.0
3742,1,0,1,0,72,1,2,1,0,2,2,0,2,2,2,1,0,104.8,7470.1,0,3,0.0140273855255584,0.0
4547,0,0,1,0,3,1,2,1,0,0,0,0,0,0,0,1,1,74.75,229.5,1,0,0.324295010845987,897.0
3060,1,0,0,0,23,1,2,1,0,0,2,2,2,2,0,1,3,104.05,2470.1,1,1,0.0421067540771316,1248.6
6429,1,0,0,0,40,1,0,0,0,0,0,2,0,0,0,1,2,51.1,2092.9,0,2,0.0244042217870958,0.0
3104,1,1,1,0,62,1,2,1,0,2,0,0,0,2,0,1,0,89.8,5629.55,0,3,0.015948708385504,0.0
6318,0,0,0,1,22,1,0,2,1,1,1,1,1,1,0,1,2,20.55,469.85,0,1,0.0436444727620261,0.0
1685,0,0,0,0,11,1,0,0,2,0,2,0,0,2,0,0,0,64.05,733.95,0,0,0.0871487856316756,0.0
6556,1,1,1,0,7,1,2,1,0,0,0,0,0,0,0,1,2,74.85,485.25,0,0,0.1539331619537275,0.0
4830,0,0,0,0,13,1,2,1,2,2,0,0,2,0,0,1,2,96.65,1244.5,1,1,0.0775993576876756,1159.8000000000002
3541,1,1,0,0,1,1,0,2,1,1,1,1,1,1,0,0,3,20.05,20.05,1,0,0.9524940617577196,240.60000000000002
6894,0,0,0,0,39,1,2,1,0,2,2,0,2,2,0,1,2,103.45,3994.45,1,2,0.0258919520955086,0.0
4625,1,0,1,0,3,0,1,0,0,0,0,0,0,0,0,0,3,25.0,78.25,0,0,0.3154574132492113,0.0
3944,1,0,0,0,58,1,0,2,1,1,1,1,1,1,2,0,1,20.3,1131.5,0,3,0.017924944812362,0.0
841,1,0,0,1,6,1,2,2,1,1,1,1,1,1,0,0,3,26.35,184.05,0,0,0.1423939475817346,0.0
1588,0,0,1,1,1,1,0,2,1,1,1,1,1,1,0,1,2,19.9,19.9,1,0,0.9521531100478468,238.79999999999998
1417,0,0,1,0,22,1,0,0,0,2,2,0,0,0,0,1,3,54.7,1178.75,0,1,0.0463657554566645,0.0
403,1,0,1,0,14,0,1,0,0,0,0,0,2,2,0,0,2,46.35,667.7,1,1,0.0693135935397039,556.2
3077,1,0,1,1,64,1,2,1,0,0,2,0,0,2,1,0,1,90.25,5629.15,0,3,0.0160297683010221,0.0
3622,1,0,0,0,1,1,0,2,1,1,1,1,1,1,0,0,2,19.95,19.95,1,0,0.9522673031026252,239.39999999999998
4594,1,0,0,0,6,1,0,2,1,1,1,1,1,1,0,0,3,20.65,109.3,0,0,0.1872166817769719,0.0
3831,1,0,0,0,1,1,0,1,0,0,0,0,0,2,0,0,2,79.6,79.6,1,0,0.9875930521091812,955.1999999999999
5272,1,0,0,1,39,1,2,2,1,1,1,1,1,1,1,0,0,25.45,958.45,0,2,0.0265256136328104,0.0
1590,0,0,0,0,20,1,0,2,1,1,1,1,1,1,1,0,3,19.5,403.15,0,1,0.0482494123469009,0.0
139,1,0,0,0,1,1,0,1,0,0,0,2,0,0,0,1,2,75.9,75.9,1,0,0.9869960988296488,910.8000000000001
6631,1,0,1,0,1,1,0,1,0,0,2,0,0,0,0,0,2,76.2,76.2,1,0,0.9870466321243524,914.4000000000001
3480,1,0,1,0,64,1,2,0,2,0,0,0,2,0,1,1,1,66.15,4392.5,0,3,0.0150563332195288,0.0
3905,1,0,0,1,1,1,0,2,1,1,1,1,1,1,0,0,3,19.25,19.25,1,0,0.9506172839506172,231.0
5298,0,0,1,0,46,1,0,0,0,2,0,0,2,2,0,1,1,69.1,3168.0,0,2,0.0218049857999368,0.0
2989,0,1,1,1,28,0,1,0,0,2,0,0,0,2,1,1,2,39.1,1096.6,0,2,0.0356231778425656,0.0
4351,0,0,1,0,33,1,0,2,1,1,1,1,1,1,0,0,3,20.05,669.45,0,2,0.0299052874934745,0.0
4281,1,0,1,1,39,1,0,0,2,2,2,0,0,0,1,0,2,59.8,2343.85,0,2,0.0255026974006866,0.0
3109,0,0,1,0,42,1,2,1,0,0,2,2,0,0,0,1,2,84.3,3588.4,1,2,0.0234858193569955,0.0
6853,0,0,0,0,1,1,0,0,0,2,0,0,0,0,0,1,2,48.6,48.6,0,0,0.9798387096774194,0.0
5416,0,0,0,0,7,1,0,1,0,0,0,0,2,0,0,1,2,79.0,522.95,1,0,0.1507777459681267,948.0
1082,1,1,1,0,70,1,0,1,2,2,2,0,2,2,2,0,1,105.35,7511.9,0,3,0.0140225478843056,0.0
4010,1,0,0,0,65,1,2,2,1,1,1,1,1,1,2,1,0,25.1,1725.0,0,3,0.014542294322132,0.0
5186,1,0,0,0,1,1,0,0,2,0,0,0,0,0,0,0,2,49.75,49.75,0,0,0.9802955665024632,0.0
2157,1,0,1,0,18,1,2,1,0,0,0,0,2,2,0,1,2,94.75,1691.9,0,1,0.0559690471971173,0.0
1628,1,0,1,0,24,1,2,1,0,0,0,0,2,2,0,1,2,93.0,2248.05,0,1,0.0413507925568573,0.0
461,1,0,0,0,63,1,2,0,2,0,2,2,0,2,2,1,0,71.9,4479.2,0,3,0.0160483906968438,0.0
770,0,0,0,1,44,1,2,0,0,2,0,0,2,2,1,1,3,77.55,3471.1,0,2,0.0223351861985541,0.0
3065,1,0,0,0,4,1,0,2,1,1,1,1,1,1,0,1,2,19.85,63.0,0,0,0.31015625,0.0
2263,0,0,0,0,1,1,0,1,0,0,0,0,0,0,0,1,2,70.25,70.25,1,0,0.9859649122807016,843.0
1944,0,0,1,1,37,1,2,1,0,0,0,0,2,2,0,1,2,95.25,3314.15,0,2,0.0287317315958553,0.0
598,0,1,0,0,10,1,0,1,0,0,2,0,0,2,0,1,1,84.6,865.55,1,0,0.0976285269170849,1015.1999999999999
4489,1,0,0,0,34,0,1,0,0,0,0,0,0,0,0,1,0,25.05,852.7,0,2,0.0293428604896333,0.0
5899,1,0,1,0,35,0,1,0,2,0,2,0,2,2,1,0,1,53.15,1930.9,0,2,0.0275117759718411,0.0
4576,0,0,1,0,4,1,0,2,1,1,1,1,1,1,0,0,2,20.15,91.4,0,0,0.218073593073593,0.0
91,0,1,1,0,39,1,2,1,0,0,0,2,2,2,0,1,2,101.25,3949.15,0,2,0.0256319380276698,0.0
836,1,1,1,0,43,1,0,1,0,2,2,0,2,2,1,1,0,100.55,4304.0,0,2,0.0233565621370499,0.0
5535,0,0,1,1,17,1,2,2,1,1,1,1,1,1,0,0,3,24.1,409.9,1,1,0.0586517400827452,289.20000000000005
4511,0,0,1,0,61,1,2,2,1,1,1,1,1,1,2,0,0,25.3,1554.9,0,3,0.016260685134006,0.0
4176,0,0,1,0,49,1,2,0,2,2,2,0,0,2,1,0,2,71.8,3472.05,0,3,0.0206734714444076,0.0
4433,1,0,0,0,4,1,0,2,1,1,1,1,1,1,1,0,3,19.7,117.8,0,0,0.1658249158249158,0.0
2483,0,0,1,1,64,0,1,0,0,2,2,2,0,2,2,0,2,49.85,3210.35,0,3,0.0155230666230712,0.0
3505,1,0,0,0,3,1,0,1,0,0,0,0,0,0,0,1,3,69.6,207.4,0,0,0.3339731285988483,0.0
6419,1,0,1,1,1,1,0,2,1,1,1,1,1,1,0,0,2,19.75,19.75,0,0,0.9518072289156626,0.0
2004,1,0,1,0,40,1,0,1,0,2,2,0,0,0,1,0,2,80.8,3132.75,0,2,0.0257838053450339,0.0
3354,0,0,0,1,1,1,0,0,2,2,0,2,0,0,0,1,2,60.0,60.0,1,0,0.9836065573770492,720.0
3709,1,0,0,0,8,1,2,1,0,0,0,0,0,2,0,1,2,86.55,649.65,1,0,0.1330208253285176,1038.6
4951,0,1,1,0,1,1,0,2,1,1,1,1,1,1,0,1,3,20.85,20.85,1,0,0.954233409610984,250.20000000000002
1732,0,1,1,0,34,1,0,0,0,0,2,2,2,0,1,0,0,64.2,2106.3,0,2,0.0304655246049447,0.0
2693,0,0,1,0,1,0,1,0,0,0,0,0,0,2,0,0,2,35.0,35.0,0,0,0.9722222222222222,420.0
3560,0,0,0,0,39,0,1,0,0,0,2,0,2,2,0,1,2,50.75,2011.4,1,2,0.0252186444046909,0.0
109,0,1,1,0,58,1,0,1,2,2,0,2,2,2,1,1,1,105.5,6205.5,1,3,0.0169983082252477,0.0
3111,1,0,1,1,45,1,0,2,1,1,1,1,1,1,2,0,2,19.2,903.7,0,2,0.0212225046976898,0.0
3045,1,1,0,0,6,1,0,1,2,0,0,0,2,0,0,1,0,85.15,503.6,1,0,0.1687475227903289,1021.8000000000001
6592,1,0,0,0,43,1,0,1,2,2,2,2,0,0,1,1,1,90.65,3882.3,0,2,0.0233435480132876,0.0
6741,1,0,1,1,41,1,0,2,1,1,1,1,1,1,2,1,3,20.0,879.8,0,2,0.0227066303360581,0.0
3837,1,0,0,0,5,1,0,1,0,2,0,0,0,0,0,1,2,74.65,383.65,0,0,0.1940725334719875,0.0
219,1,0,0,0,72,0,1,0,2,0,2,2,2,2,2,1,1,61.2,4390.25,0,3,0.0139368061485909,0.0
3977,1,0,0,0,4,1,0,2,1,1,1,1,1,1,1,0,3,19.95,68.2,0,0,0.2882947976878612,0.0
2767,1,0,1,1,9,1,0,0,0,2,0,2,0,0,0,0,3,54.8,452.8,0,0,0.1207580431908329,0.0
3780,1,1,1,0,72,1,2,0,0,0,2,0,2,2,2,1,1,73.45,5329.0,0,3,0.013780487804878,0.0
673,0,0,1,0,33,1,0,0,0,0,0,2,0,0,1,1,3,51.45,1758.9,0,2,0.0292346156031592,0.0
1223,0,0,1,0,72,1,2,1,2,0,0,0,0,0,2,0,0,80.45,5737.6,0,3,0.014019098734883,0.0
94,1,0,1,0,22,1,0,0,2,0,0,2,0,0,0,1,2,54.2,1152.7,1,1,0.0469792840426454,650.4000000000001
1332,0,0,1,0,70,1,2,1,0,2,2,2,2,2,1,1,2,109.5,7674.55,1,3,0.0142660786523441,0.0
443,1,0,1,1,21,1,2,1,0,2,2,0,2,2,0,0,2,104.4,2157.95,1,1,0.048356840130619,1252.8000000000002
4764,1,0,0,0,15,1,0,1,0,0,2,0,2,0,0,0,2,85.3,1219.85,0,1,0.0698693533194086,0.0
2306,1,1,1,0,29,1,2,1,0,0,0,2,0,0,0,1,2,79.3,2414.55,0,2,0.0328289623481194,0.0
4581,0,0,1,1,15,1,0,0,0,2,2,2,2,2,0,0,0,76.5,1155.6,0,1,0.0661421407573923,0.0
3743,1,1,1,1,71,1,2,1,2,2,0,0,2,2,0,1,1,105.1,7548.1,1,3,0.0139221894000609,1261.1999999999998
542,1,1,0,0,72,1,2,2,1,1,1,1,1,1,2,0,0,25.4,1809.35,0,3,0.0140304361035158,0.0
97,0,0,1,0,19,1,2,1,0,0,0,0,2,0,0,1,2,86.85,1564.4,0,1,0.0554810272134917,0.0
2658,1,0,0,0,1,1,0,2,1,1,1,1,1,1,0,0,3,19.65,19.65,0,0,0.9515738498789348,0.0
3675,0,0,0,0,1,1,0,1,0,2,0,0,0,0,0,1,2,75.7,75.7,1,0,0.9869621903520208,908.4000000000001
3155,0,0,0,0,2,1,0,0,0,0,0,0,0,0,0,0,2,45.55,84.4,0,0,0.5333723653395784,0.0
5019,0,1,1,1,11,1,2,1,0,0,2,0,0,0,0,1,1,78.1,864.85,0,0,0.0902003811283709,0.0
3968,0,0,0,0,12,1,0,2,1,1,1,1,1,1,1,0,3,19.3,228.75,0,0,0.0840043525571273,0.0
4456,0,0,1,0,70,1,2,1,0,2,2,2,2,2,2,1,2,110.5,7752.05,0,3,0.0142524554852606,0.0
1272,0,1,1,0,20,1,2,1,0,0,2,0,2,0,0,0,2,90.8,1951.0,1,1,0.0465163934426229,1089.6
5818,0,0,0,0,23,1,0,2,1,1,1,1,1,1,0,1,0,20.3,470.6,0,1,0.0430449533502968,0.0
5704,1,1,0,0,49,1,2,0,2,2,2,2,0,2,2,0,1,81.35,4060.9,0,3,0.020027573303134,0.0
4319,0,0,1,1,4,1,2,1,0,2,0,0,2,2,0,1,2,97.95,384.5,1,0,0.2540856031128404,1175.4
235,1,0,0,0,32,1,2,1,2,2,0,2,2,2,0,1,1,108.15,3432.9,1,2,0.0314948018288243,1297.8000000000002
6282,1,0,0,1,2,1,0,0,0,0,0,0,0,2,0,1,2,55.3,108.65,0,0,0.5043319653442772,0.0
5793,1,1,1,0,69,0,1,0,2,2,0,0,2,2,2,0,1,56.55,3952.65,0,3,0.0143032387793557,0.0
6926,1,0,0,0,6,1,0,1,0,0,0,0,2,0,0,1,1,80.5,463.05,1,0,0.1734726861329598,966.0
742,0,0,1,1,24,1,0,2,1,1,1,1,1,1,2,1,3,19.7,494.05,0,1,0.0397939602060397,0.0
1598,0,0,0,0,32,1,2,1,0,2,2,0,2,2,1,1,1,104.05,3416.85,0,2,0.0304431148236464,0.0
4294,0,0,0,0,27,1,0,0,2,2,0,0,0,0,2,0,0,52.85,1498.65,0,2,0.0352415563631514,0.0
2159,0,1,1,0,27,1,2,1,2,0,0,2,2,2,0,1,0,104.3,2867.75,1,2,0.0363572984749455,1251.6
5546,1,0,0,0,58,1,2,1,0,0,0,2,0,0,0,0,0,80.65,4807.35,0,3,0.0167729054665321,0.0
5697,1,0,0,0,1,1,0,1,0,0,0,0,0,0,0,1,3,71.35,71.35,1,0,0.9861782999308916,856.1999999999999
6789,0,0,1,1,18,1,2,2,1,1,1,1,1,1,2,1,1,24.65,471.35,0,1,0.0521858791150629,0.0
1999,0,0,1,1,47,1,0,2,1,1,1,1,1,1,2,1,0,21.3,1041.8,0,2,0.0204257767548906,0.0
6133,0,0,1,1,70,1,2,1,0,2,2,2,2,2,2,1,2,110.2,7689.8,0,3,0.0143288084464555,0.0
2350,0,0,0,0,13,1,2,1,0,2,2,2,0,0,0,0,2,89.4,1132.35,1,1,0.0788811929236334,1072.8000000000002
2846,0,0,1,1,36,1,0,0,2,0,0,0,0,0,0,0,1,51.05,1815.0,0,2,0.0281112334801762,0.0
5091,1,0,0,0,67,1,0,2,1,1,1,1,1,1,2,1,3,19.8,1311.3,0,3,0.0150880134115674,0.0
3476,0,0,0,0,10,1,0,2,1,1,1,1,1,1,0,1,3,19.9,199.45,0,0,0.0992766275879271,0.0
1085,1,1,0,0,19,1,0,1,2,0,0,0,0,2,0,1,2,87.3,1637.3,0,1,0.0532869437831898,0.0
3376,0,0,1,1,71,1,0,2,1,1,1,1,1,1,2,0,0,19.85,1326.35,0,3,0.0149546088070215,0.0
4537,1,0,1,1,72,1,2,0,2,2,2,2,2,2,2,1,3,89.4,6376.55,0,3,0.0140179222428675,0.0
6508,0,0,1,1,48,1,0,2,1,1,1,1,1,1,2,0,3,20.0,935.9,0,2,0.0213469954103959,0.0
6171,1,0,0,0,1,1,0,2,1,1,1,1,1,1,0,0,3,20.05,20.05,0,0,0.9524940617577196,0.0
5656,1,0,1,1,18,1,0,0,2,0,2,2,2,2,0,0,2,83.25,1611.15,0,1,0.051639115466923,0.0
3553,1,0,0,0,1,1,0,2,1,1,1,1,1,1,0,0,3,20.6,20.6,1,0,0.9537037037037036,247.20000000000002
2941,1,1,1,0,67,1,2,1,0,2,0,2,2,2,2,0,0,102.9,6989.7,0,3,0.0147195559815183,0.0
6266,1,0,1,1,69,0,1,0,2,0,2,2,0,0,2,0,3,39.1,2779.5,0,3,0.0140622190253551,0.0
4150,1,0,0,0,19,1,2,1,0,2,0,0,2,2,0,1,2,99.95,1931.75,1,1,0.0517138791876859,1199.4
3613,1,1,1,0,72,1,2,1,2,2,2,2,2,2,2,1,3,114.5,8331.95,0,3,0.0137406320690751,0.0
1640,0,1,0,0,38,1,0,2,1,1,1,1,1,1,2,0,3,20.2,735.9,0,2,0.0274121319039218,0.0
946,1,1,1,0,40,1,0,0,0,0,0,0,0,2,1,0,2,55.8,2283.3,0,2,0.0244276145865254,0.0
2496,0,0,1,1,61,1,2,2,1,1,1,1,1,1,2,1,3,24.2,1445.2,0,3,0.0167335085050477,0.0
3377,0,0,0,0,10,1,2,1,0,2,0,0,0,0,0,1,1,81.0,818.05,1,0,0.0988950613515658,972.0
6837,1,0,1,0,32,1,2,0,2,0,0,2,2,0,1,1,1,72.8,2333.05,0,2,0.0311904200852595,0.0
3272,0,0,0,0,21,1,2,1,0,2,0,0,2,2,0,1,1,99.85,1992.55,0,1,0.0500865290562062,0.0
2334,0,1,0,0,59,1,2,1,0,0,2,0,2,2,1,1,2,99.5,5890.0,0,3,0.0168901714479714,0.0
1649,0,1,1,0,13,1,0,1,0,0,0,0,0,0,0,1,2,70.15,916.75,1,1,0.076436938163988,841.8000000000001
638,0,0,0,0,47,1,0,2,1,1,1,1,1,1,2,0,1,20.25,1029.8,0,2,0.0196449359720605,0.0
5287,1,0,1,1,69,1,2,2,1,1,1,1,1,1,2,1,0,26.0,1796.55,0,3,0.0144641317348613,0.0
5415,1,0,0,0,2,1,0,2,1,1,1,1,1,1,0,1,1,19.9,33.7,0,0,0.5734870317002881,0.0
987,0,0,1,1,22,1,0,2,1,1,1,1,1,1,0,0,0,19.05,454.05,0,1,0.0418635314800571,0.0
4194,1,1,1,0,15,1,2,1,2,0,2,0,2,0,0,1,2,96.5,1392.25,0,1,0.0692625157006998,0.0
4493,0,0,0,0,53,1,0,2,1,1,1,1,1,1,2,0,1,19.85,1049.6,0,3,0.0188939653531315,0.0
3925,0,1,1,0,28,1,2,2,1,1,1,1,1,1,0,0,3,25.7,734.6,0,2,0.0349374660141381,0.0
4127,1,0,0,0,22,1,0,2,1,1,1,1,1,1,1,0,3,20.3,475.1,0,1,0.0426381012392354,0.0
7025,0,0,0,0,1,1,0,1,0,0,0,0,0,0,0,1,3,70.15,70.15,1,0,0.9859451862262824,841.8000000000001
3189,1,1,1,0,16,1,0,1,0,0,2,2,0,2,0,1,2,91.55,1540.05,0,1,0.0594075468025047,0.0
768,0,0,1,1,48,0,1,0,2,2,0,2,0,0,2,0,3,39.4,1978.65,0,2,0.0199025080190942,0.0
978,1,1,1,0,30,1,2,1,2,2,2,2,2,0,0,1,0,105.7,3181.8,0,2,0.0332097524192534,0.0
6777,0,0,0,0,3,1,0,1,0,0,0,0,0,0,0,1,2,70.25,229.7,0,0,0.3045080190723884,0.0
488,1,1,0,0,57,1,2,1,2,0,0,2,0,2,2,0,2,93.75,5625.55,0,3,0.0166620753392398,0.0
873,0,1,1,0,68,1,2,1,2,2,0,0,0,2,1,1,1,96.55,6581.9,1,3,0.0146667881936532,1158.6
811,0,0,1,0,23,1,0,0,0,0,0,2,2,0,1,0,0,60.0,1347.15,0,1,0.0445054333716574,0.0
1325,0,0,1,0,65,1,0,0,0,0,0,2,2,0,2,1,1,59.8,3808.2,0,3,0.015698834400924,0.0
6118,1,0,1,0,44,1,0,1,0,0,0,0,2,2,1,1,0,90.65,3974.15,0,2,0.0228041709117894,0.0
2373,0,0,1,1,71,1,2,1,2,2,2,0,2,2,2,1,0,109.0,7661.8,0,3,0.0142245654330009,0.0
4424,0,0,1,0,37,1,2,0,2,0,2,2,0,0,1,0,1,68.1,2479.25,0,2,0.0274569095857272,0.0
1052,0,0,0,0,12,1,0,2,1,1,1,1,1,1,0,0,3,20.4,266.6,0,0,0.0762331838565022,0.0
6094,1,0,1,1,69,1,2,0,0,2,2,2,2,2,2,1,0,81.95,5601.4,0,3,0.014627659574468,0.0
178,0,0,0,0,35,1,0,0,2,2,2,0,0,0,0,0,2,60.55,1982.6,0,2,0.0305253075216777,0.0
6858,1,0,0,0,5,1,0,0,0,2,0,2,0,2,0,1,0,65.6,339.9,0,0,0.1924317981812848,0.0
2837,1,0,1,1,58,1,2,1,0,0,0,0,2,0,2,0,0,82.5,4828.05,0,3,0.0170841055694184,0.0
2991,1,0,1,0,72,1,2,0,2,2,2,2,0,2,2,1,0,82.3,5980.55,0,3,0.0137589755163795,0.0
4307,1,0,1,0,72,1,2,0,2,2,2,2,0,0,2,0,3,68.15,4808.7,0,3,0.0141692829074578,0.0
2153,0,0,0,0,1,1,0,2,1,1,1,1,1,1,0,0,1,20.3,20.3,0,0,0.9530516431924884,0.0
1529,0,0,0,0,39,1,0,1,2,0,2,2,2,0,1,1,2,95.55,3692.85,1,2,0.0258673200048729,1146.6
1166,1,0,1,1,53,1,0,2,1,1,1,1,1,1,1,0,1,20.2,1068.15,0,3,0.0188935135387924,0.0
1227,0,0,0,0,27,1,0,1,0,0,2,2,0,2,0,1,2,89.2,2383.6,0,2,0.0374066929464061,0.0
3425,0,1,0,0,1,1,0,1,0,0,0,0,0,0,0,1,2,69.65,69.65,1,0,0.9858457183297948,835.8000000000001
977,0,1,0,0,1,1,0,1,0,0,0,0,2,2,0,1,2,89.3,89.3,1,0,0.9889258028792912,1071.6
5243,0,0,1,0,18,1,0,1,2,0,0,0,0,0,0,0,2,74.8,1438.05,0,1,0.0519787359716479,0.0
341,1,0,1,1,46,1,0,2,1,1,1,1,1,1,2,1,3,20.2,917.45,0,2,0.0219935761337035,0.0
6106,0,0,1,0,72,1,2,0,2,0,2,2,2,2,2,1,1,84.4,6096.45,0,3,0.0138418519217049,0.0
4758,0,0,0,0,36,1,0,1,0,0,2,2,0,2,0,1,2,87.55,3078.1,1,2,0.0284336332045078,1050.6
3370,0,0,1,0,4,0,1,0,0,0,0,0,0,0,0,1,2,25.15,99.95,0,0,0.2491332342743932,0.0
1926,0,0,0,0,25,1,0,2,1,1,1,1,1,1,2,0,1,19.8,475.2,0,2,0.0415791684166316,0.0
672,0,0,1,1,40,0,1,0,0,2,0,0,2,2,0,1,2,50.85,2036.55,0,2,0.02495644278668,0.0
5125,1,0,1,0,63,1,2,1,0,2,2,0,2,2,0,1,2,102.4,6444.05,0,3,0.0158881622330315,0.0
2437,0,1,0,0,15,1,0,1,2,0,2,2,0,2,0,1,3,96.3,1426.75,1,1,0.0674487830502539,0.0
2716,1,0,0,0,14,1,2,0,0,2,0,0,0,0,0,1,1,55.5,767.55,0,1,0.0722139093097391,0.0
795,1,1,1,0,72,1,2,1,0,2,2,2,2,2,2,1,0,109.75,7932.5,0,3,0.0138337429885926,0.0
5005,1,0,0,0,39,1,2,1,2,2,0,0,2,2,0,1,2,106.4,4040.65,0,2,0.0263258817562134,0.0
6039,0,0,1,1,47,0,1,0,2,2,2,0,2,2,2,1,1,60.0,2768.65,0,2,0.0216633870705684,0.0
801,1,0,1,0,19,1,2,1,2,2,0,2,0,0,0,1,1,88.8,1672.35,0,1,0.0530672005258911,0.0
3163,0,0,0,0,5,1,2,1,0,0,0,0,2,0,0,1,2,85.2,474.8,1,0,0.1790668348045397,1022.4000000000001
5721,0,0,0,0,13,0,1,0,0,0,0,0,0,2,0,1,2,35.1,446.1,1,1,0.0785059270856631,421.20000000000005
5060,0,0,0,0,17,1,2,1,0,0,2,0,0,0,0,0,0,80.05,1345.65,0,1,0.0594438049975866,0.0
6125,1,1,1,0,34,1,2,1,0,0,0,0,0,0,0,1,2,75.55,2425.4,0,2,0.031136663369601,0.0
2490,0,0,0,0,42,1,0,0,0,2,0,0,0,0,0,1,2,49.55,2077.95,0,2,0.0238341470453834,0.0
2906,1,0,1,0,5,1,2,1,0,2,0,0,0,0,0,1,2,81.3,416.3,1,0,0.1948238677210639,975.5999999999999
1066,0,0,1,1,71,1,2,2,1,1,1,1,1,1,2,0,1,23.9,1663.5,0,3,0.0143586662661459,0.0
1152,1,1,1,0,19,1,0,0,2,0,2,0,2,0,0,0,0,66.4,1286.05,0,1,0.0515908472864302,0.0
5567,0,0,0,1,2,1,0,2,1,1,1,1,1,1,0,1,2,19.6,35.85,1,0,0.5318860244233379,235.20000000000002
5987,1,0,0,0,57,1,0,2,1,1,1,1,1,1,2,0,1,18.8,1094.35,0,3,0.0171634637330533,0.0
1661,1,0,1,0,72,1,2,1,0,2,2,2,2,2,2,1,2,108.4,7719.5,0,3,0.0140405414157114,0.0
5768,0,0,0,0,6,1,0,1,0,2,0,0,0,2,0,1,3,85.95,514.6,0,0,0.1666989914662529,0.0
6417,0,0,1,1,17,1,2,1,0,0,0,0,0,2,0,1,2,85.45,1451.6,1,1,0.058825554178714,1025.4
4794,1,0,1,0,61,1,2,0,0,2,2,0,2,2,2,0,0,80.9,4932.5,0,3,0.0163980946589642,0.0
2387,1,0,1,1,1,1,0,1,0,0,0,0,0,0,0,1,2,71.0,71.0,1,0,0.9861111111111112,852.0
5748,1,0,1,1,48,1,2,1,2,2,2,2,2,2,2,0,1,111.8,5443.65,0,2,0.0205339186173583,0.0
536,1,0,0,0,16,1,0,2,1,1,1,1,1,1,0,1,1,20.6,330.25,0,1,0.062188679245283,0.0
1809,1,1,0,0,9,1,2,1,0,0,0,0,0,2,0,1,2,85.05,746.5,1,0,0.1137792642140468,1020.5999999999999
245,0,0,0,0,3,1,0,0,0,0,0,0,0,0,0,0,2,44.6,122.7,0,0,0.3605497170573969,0.0
3041,1,0,0,1,1,1,0,0,0,0,0,0,0,0,0,1,2,44.4,44.4,1,0,0.9779735682819384,532.8
2233,1,0,0,0,65,1,2,1,0,2,2,0,2,2,2,0,1,105.1,6631.85,0,3,0.0158453756680763,0.0
2363,0,0,1,1,70,1,2,1,2,2,2,2,2,2,2,1,1,115.15,8250.0,0,3,0.0139558841352563,0.0
1188,1,0,1,0,60,1,0,0,2,0,0,0,2,0,1,1,3,59.8,3561.15,0,3,0.0167876142217481,0.0
6390,0,0,1,0,69,1,2,2,1,1,1,1,1,1,1,1,2,26.3,1763.55,0,3,0.0149046499107421,0.0
6425,0,1,0,0,35,1,0,1,0,0,0,0,0,0,0,0,2,70.55,2419.0,0,2,0.0291528925619834,0.0
6946,0,0,0,0,22,1,0,2,1,1,1,1,1,1,0,1,3,20.05,470.2,0,1,0.0425509337860781,0.0
3774,1,0,1,1,66,1,2,0,0,2,2,0,2,2,2,0,0,79.85,5234.95,0,3,0.0152503366151319,0.0
943,1,1,1,0,1,1,0,1,0,0,0,0,0,0,0,1,2,70.3,70.3,1,0,0.9859747545582048,843.5999999999999
6682,0,0,1,0,1,1,0,1,0,0,0,0,2,0,0,1,0,79.35,79.35,1,0,0.9875544492843809,952.1999999999999
2200,1,0,1,1,34,1,2,1,0,0,2,0,0,2,0,1,1,90.05,3097.0,0,2,0.0290671400903808,0.0
272,0,0,1,1,72,1,2,2,1,1,1,1,1,1,2,0,0,24.45,1709.1,0,3,0.0142974095082158,0.0
4918,1,0,1,1,31,0,1,0,2,0,2,2,2,2,1,0,2,59.95,1848.8,0,2,0.0324089090712509,0.0
4795,1,0,0,1,30,1,2,2,1,1,1,1,1,1,1,0,0,25.35,723.3,0,2,0.03499930967831,0.0
6932,0,0,0,0,9,1,0,1,0,0,0,0,2,2,0,1,0,90.8,809.75,1,0,0.1119950662966389,1089.6
4263,1,0,1,1,20,1,0,1,0,0,0,0,0,0,0,1,2,70.45,1470.95,1,1,0.0478616800842419,845.4000000000001
3501,1,1,1,0,19,0,1,0,0,2,2,0,0,0,0,1,1,34.3,577.15,0,1,0.0593271642307359,0.0
3558,0,0,1,0,65,1,2,1,2,0,2,0,2,2,0,1,2,105.05,6914.95,0,3,0.015189525661695,0.0
3235,0,0,1,1,30,1,0,2,1,1,1,1,1,1,2,0,3,19.3,602.9,0,2,0.0319589335982778,0.0
1974,1,0,0,0,6,1,0,2,1,1,1,1,1,1,1,0,3,19.15,124.4,0,0,0.1527113237639553,0.0
2058,0,0,0,0,2,0,1,0,0,2,0,0,2,2,0,0,2,51.4,96.8,0,0,0.5255623721881391,0.0
6909,1,0,1,1,53,1,2,0,2,0,0,2,0,2,0,0,2,71.85,3827.9,0,3,0.0187651806001723,0.0
1406,1,1,1,0,7,1,2,1,0,0,0,0,0,0,0,1,2,75.4,533.05,0,0,0.1411852822769403,904.8000000000001
1048,0,0,1,1,61,1,0,0,2,0,0,0,0,0,1,1,0,49.7,2961.4,0,3,0.0167769376181474,0.0
5069,1,1,0,0,70,0,1,0,0,0,0,0,2,2,1,1,2,45.25,3264.45,1,3,0.0138572019170405,543.0
2061,0,0,0,0,13,1,2,0,2,0,2,0,2,2,0,1,2,78.75,995.35,0,1,0.0790384904902895,0.0
1024,1,1,1,0,35,1,2,1,0,0,2,0,0,0,1,1,0,81.6,2815.25,0,2,0.0289747003994673,0.0
2011,0,0,1,0,2,1,0,1,0,0,0,0,0,0,0,1,1,70.4,154.8,0,0,0.4518613607188703,0.0
3188,0,0,0,0,3,1,2,1,0,0,0,0,0,0,0,1,2,75.8,246.3,1,0,0.3065103113627173,909.5999999999999
2345,0,0,0,0,3,1,2,1,0,0,0,0,0,0,0,0,2,76.1,257.6,0,0,0.2942768754833719,913.1999999999999
6599,0,0,0,0,62,1,2,1,0,0,0,0,2,2,1,1,0,94.0,5757.2,0,3,0.0163245458650272,0.0
7007,1,0,1,1,72,1,2,1,2,2,2,2,0,2,2,0,1,103.95,7517.7,0,3,0.0138255283493157,0.0
175,1,0,1,0,63,1,0,2,1,1,1,1,1,1,2,1,0,19.95,1234.8,0,3,0.0161433888978799,0.0
4915,1,1,0,0,20,1,0,1,0,0,0,0,0,0,0,0,1,71.3,1389.2,1,1,0.0512875845202129,855.5999999999999
2884,0,1,0,0,35,1,2,1,2,2,2,2,2,2,1,1,0,110.8,3836.3,0,2,0.0288744690277017,0.0
2367,1,1,1,0,21,1,0,1,0,0,0,0,0,0,0,1,2,69.1,1474.75,1,1,0.0468236489920379,829.1999999999999
6428,1,0,1,0,62,1,2,1,2,2,0,0,0,2,1,0,2,96.1,6001.45,0,3,0.0160101291972444,0.0
5583,0,0,0,0,15,1,2,0,0,0,0,0,0,0,0,1,3,48.8,720.1,0,1,0.0676743863541811,0.0
1605,0,0,0,0,55,1,0,0,2,0,0,0,0,0,0,1,1,50.55,2832.75,0,3,0.0178385531539479,0.0
6949,0,0,0,0,11,1,0,0,0,0,0,0,0,0,0,1,3,44.65,472.25,0,0,0.0943475964078182,0.0
251,0,0,1,1,17,1,2,1,0,0,2,0,2,0,0,0,2,88.25,1460.65,1,1,0.0603769712311428,1059.0
5851,0,0,0,0,61,1,0,2,1,1,1,1,1,1,1,0,0,19.45,1336.35,0,3,0.0145436871424832,0.0
1487,0,0,1,0,71,1,2,0,2,2,2,2,2,2,2,0,1,89.3,6388.65,0,3,0.0139757263699889,0.0
3135,0,0,0,0,2,1,0,1,0,0,0,0,0,0,0,0,0,70.0,153.05,1,0,0.4543979227523531,840.0
6774,1,0,0,0,35,1,0,2,1,1,1,1,1,1,2,0,3,19.25,677.9,0,2,0.0283546914125791,0.0
6740,0,0,0,0,17,1,0,1,0,0,0,0,0,0,0,0,0,70.5,1165.6,0,1,0.0604320246871249,0.0
5642,0,0,0,0,21,1,2,1,0,0,0,0,2,2,0,1,2,97.35,2119.5,1,1,0.0459089837302523,1168.1999999999998
3585,0,0,1,0,47,1,0,2,1,1,1,1,1,1,2,0,0,19.65,921.55,0,2,0.0212996585550918,0.0
1793,0,0,1,0,3,1,0,2,1,1,1,1,1,1,0,0,3,20.85,72.0,0,0,0.2856164383561644,0.0
5319,1,0,0,0,3,1,0,2,1,1,1,1,1,1,0,1,3,19.65,68.35,0,0,0.2833453496755587,0.0
1663,1,1,1,0,44,1,0,2,1,1,1,1,1,1,2,1,1,19.35,847.25,0,2,0.0228116710875331,0.0
6486,0,0,0,0,1,1,0,0,0,0,0,0,0,0,0,1,3,44.0,44.0,0,0,0.9777777777777776,0.0
2375,0,0,1,1,44,1,2,1,0,2,2,0,0,2,1,0,2,94.4,4295.35,0,2,0.0219721391413641,0.0
385,1,0,1,1,5,1,2,2,1,1,1,1,1,1,0,1,0,25.9,135.0,1,0,0.1904411764705882,310.79999999999995
503,1,0,0,0,24,1,2,0,2,0,0,0,0,0,0,1,0,55.65,1400.55,1,1,0.0397060397417145,667.8
3165,0,0,0,1,1,1,0,1,0,0,0,0,0,0,0,1,2,69.65,69.65,1,0,0.9858457183297948,835.8000000000001
1438,0,0,0,0,18,1,0,1,2,0,0,0,0,0,0,1,2,75.4,1380.4,0,1,0.0545823078036774,0.0
2057,0,0,0,0,10,1,2,1,0,0,2,0,2,2,0,1,2,100.6,1060.2,1,0,0.0947983415001884,1207.1999999999998
1576,0,0,1,0,65,1,0,0,2,2,2,0,0,2,2,0,0,71.0,4386.2,0,3,0.0161834427425237,0.0
3409,0,1,0,0,1,1,0,1,0,2,0,0,0,2,0,1,2,86.0,86.0,1,0,0.9885057471264368,1032.0
4809,0,0,0,0,53,1,2,1,2,0,2,0,2,2,1,1,1,106.95,5785.5,1,3,0.0184826751922578,1283.4
6287,1,0,0,0,3,1,0,2,1,1,1,1,1,1,1,0,3,21.2,52.05,0,0,0.3996229971724788,0.0
4672,1,0,1,0,33,1,0,0,2,2,0,2,0,0,2,1,3,61.05,2018.4,0,2,0.0302317520055462,0.0
2467,1,0,0,0,3,0,1,0,0,2,0,0,0,0,0,1,2,29.6,79.45,1,0,0.3679303915475451,355.20000000000005
2253,0,0,0,0,34,1,0,0,2,0,2,2,2,2,1,1,0,79.95,2727.3,0,2,0.0293039621742477,0.0
1447,0,0,1,1,14,1,0,2,1,1,1,1,1,1,2,1,3,19.7,263.65,0,1,0.0744379368977895,0.0
4339,0,0,0,0,13,1,0,2,1,1,1,1,1,1,0,1,3,20.3,275.4,0,1,0.0734442836468885,0.0
3347,1,1,1,0,46,0,1,0,0,2,2,2,2,2,1,1,0,59.9,2816.65,1,2,0.0212588504604901,718.8
168,1,0,1,1,23,1,2,2,1,1,1,1,1,1,1,0,3,24.35,538.5,0,1,0.0451343836886005,0.0
1163,0,0,1,1,47,1,0,2,1,1,1,1,1,1,2,0,3,19.75,948.9,0,2,0.02079166228024,0.0
3009,1,0,0,1,17,1,0,0,2,0,0,0,0,0,0,1,3,50.3,846.8,0,1,0.0593300306676102,0.0
6063,0,0,1,1,49,1,2,1,0,0,0,0,2,2,0,1,2,95.6,4783.5,1,3,0.0199811892569756,1147.1999999999998
6813,1,1,1,0,59,0,1,0,0,2,0,0,2,2,0,1,2,50.25,2997.45,0,3,0.0167586586402974,0.0
257,0,0,0,0,69,1,2,0,2,0,2,2,2,2,2,1,1,85.35,5897.4,0,3,0.0144700257697002,0.0
3451,1,0,0,0,11,0,1,0,0,0,2,0,2,0,1,1,2,41.6,470.6,1,0,0.0882103477523324,499.20000000000005
1864,1,0,0,0,10,1,0,0,2,0,0,0,0,0,0,1,3,51.65,524.5,0,0,0.0982873453853472,0.0
2474,1,0,1,1,12,1,2,2,1,1,1,1,1,1,2,1,0,24.0,269.65,0,0,0.0886754110474783,0.0
5590,1,0,0,0,45,1,2,1,0,2,0,0,2,2,0,1,1,100.85,4740.0,1,2,0.0212718835688673,1210.1999999999998
5688,0,0,1,1,39,1,0,0,0,0,2,0,2,0,0,1,3,59.85,2341.5,0,2,0.0255496264674493,0.0
1119,1,1,1,0,71,1,2,2,1,1,1,1,1,1,2,0,1,25.45,1789.65,0,3,0.0142127160528299,0.0
377,1,0,1,1,71,1,2,2,1,1,1,1,1,1,2,0,1,23.9,1626.4,0,3,0.0146860022121174,0.0
5877,0,0,1,1,33,1,2,2,1,1,1,1,1,1,1,0,1,24.15,800.3,0,2,0.0301385248970423,0.0
6997,1,1,0,0,67,1,2,1,0,0,0,0,0,0,0,1,3,75.7,5060.85,0,3,0.0149550065687446,0.0
72,1,0,1,1,37,0,1,0,2,2,2,0,0,0,0,0,0,40.2,1448.8,1,2,0.0277279624775831,482.40000000000003
4367,1,0,1,1,49,1,2,1,0,0,0,0,2,0,0,0,2,84.5,4254.85,1,3,0.01985502308587,1014.0
5008,0,0,1,0,9,1,0,0,0,2,0,0,0,0,0,0,3,50.85,466.6,0,0,0.1087467921300256,0.0
1007,1,0,1,0,52,1,2,1,2,0,2,2,0,0,2,1,1,91.6,4627.8,0,3,0.0197891462150017,0.0
6605,0,0,0,0,70,1,2,1,0,2,0,0,2,2,1,0,2,98.9,6838.6,0,3,0.0144599099362535,0.0
1115,1,0,0,0,1,1,0,1,0,2,0,0,0,2,0,1,2,85.0,85.0,0,0,0.9883720930232558,0.0
1321,0,1,0,0,14,1,2,1,0,2,0,0,0,0,0,1,2,78.95,1101.85,1,1,0.0715872512127669,947.4000000000001
48,1,0,0,0,1,1,0,0,0,0,0,0,0,0,0,1,3,44.3,44.3,0,0,0.977924944812362,531.5999999999999
3348,1,0,0,0,1,1,0,2,1,1,1,1,1,1,0,0,3,20.2,20.2,1,0,0.9528301886792452,242.39999999999998
3790,0,0,0,0,52,1,2,1,0,2,0,0,0,0,1,1,3,80.2,4297.6,0,3,0.0186572372400316,0.0
583,1,0,0,0,6,1,0,0,0,0,2,0,2,0,0,0,3,60.9,414.1,0,0,0.1467116357504215,0.0
1326,1,0,1,0,7,0,1,0,2,2,0,0,0,0,0,0,3,34.2,256.6,0,0,0.1327639751552795,0.0
5144,0,1,0,0,47,1,2,1,0,2,2,0,0,0,0,1,0,85.2,3969.35,1,2,0.021459065321697,1022.4000000000001
4353,0,0,0,0,26,1,0,1,2,0,2,2,0,0,1,1,1,87.15,2274.1,0,2,0.0383060085270977,0.0
2167,1,0,1,1,25,1,0,0,2,0,0,2,0,0,0,0,2,54.3,1296.8,0,2,0.041840036985668,0.0
6675,1,0,0,0,69,1,0,2,1,1,1,1,1,1,2,1,3,19.1,1268.85,0,3,0.0150411465921171,0.0
3666,0,0,0,0,72,1,2,1,2,2,2,2,2,2,2,1,1,112.75,8192.6,0,3,0.0137607400898262,0.0
3623,1,0,0,0,4,1,0,2,1,1,1,1,1,1,0,1,3,19.95,59.25,0,0,0.3311203319502074,0.0
6012,1,0,1,1,59,1,0,2,1,1,1,1,1,1,2,0,3,19.5,1147.85,0,3,0.0169734952343648,0.0
4691,1,0,0,0,67,1,0,0,2,0,2,0,0,2,2,0,0,65.55,4361.55,0,3,0.0150256157522549,0.0
6567,0,1,0,0,26,1,0,1,0,0,0,0,0,2,0,1,2,78.8,2006.1,0,2,0.0392606247820238,0.0
41,0,0,0,0,27,1,0,0,0,2,2,2,2,2,1,0,3,78.2,2078.95,0,2,0.0375970576215774,0.0
4217,1,0,1,1,72,1,2,1,2,0,2,0,2,2,2,0,0,105.25,7609.75,0,3,0.0138291232795716,0.0
5692,0,0,0,0,6,1,0,1,0,0,2,2,0,2,0,1,2,89.25,487.05,0,0,0.1828706075197213,1071.0
1528,1,0,1,1,62,1,0,2,1,1,1,1,1,1,2,0,1,20.65,1218.45,0,3,0.0169338636270449,0.0
1241,1,0,0,0,20,1,2,0,0,2,0,2,2,0,1,1,2,68.7,1416.2,0,1,0.048475867908552,0.0
937,1,0,0,0,6,1,0,0,2,0,2,2,2,2,0,0,1,78.65,483.3,0,0,0.1623993392525294,0.0
4301,1,0,0,0,51,1,2,2,1,1,1,1,1,1,2,0,3,24.75,1234.6,0,3,0.020030754289414,0.0
1232,0,0,1,1,61,1,0,2,1,1,1,1,1,1,2,0,1,19.75,1311.6,0,3,0.0150464726497028,0.0
4110,1,1,1,0,62,1,2,1,2,2,2,0,0,0,0,1,2,89.1,5618.3,0,3,0.0158560674817148,0.0
5945,0,0,0,0,72,1,2,1,2,0,0,2,0,0,2,1,0,84.7,6185.15,0,3,0.0136918762073341,0.0
3,1,1,1,0,13,1,0,1,0,2,2,0,2,2,0,1,2,98.0,1237.85,1,1,0.0791056221495742,1176.0
2932,1,0,1,0,5,1,0,1,0,0,2,0,2,2,0,1,2,94.45,498.1,1,0,0.1892406331396513,1133.4
4596,1,1,0,0,3,1,2,1,0,2,2,0,2,2,0,1,2,105.0,294.45,1,0,0.3553900829243527,1260.0
6972,0,1,1,0,26,1,2,1,0,2,2,0,0,2,0,1,2,93.85,2381.55,1,2,0.0393905689282491,1126.1999999999998
2032,1,1,0,0,13,1,0,0,0,2,0,0,2,0,0,1,2,59.9,788.35,0,1,0.0758852220181161,0.0
6617,0,0,1,1,38,1,0,2,1,1,1,1,1,1,2,1,3,19.95,756.4,0,2,0.0263401109057301,0.0
3823,0,1,1,0,8,1,2,1,0,0,0,0,0,2,0,1,2,84.0,613.4,1,0,0.13671875,1008.0
7016,1,1,1,1,34,1,2,1,0,2,2,2,2,2,0,1,2,108.9,3625.2,0,2,0.0300314378688434,0.0
3297,1,0,0,0,18,0,1,0,2,0,2,0,0,0,0,0,3,33.6,550.35,0,1,0.0609413258365829,0.0
6827,1,0,1,1,56,1,0,1,0,2,2,2,0,0,1,1,3,85.85,4793.8,0,3,0.0179048135480103,0.0
2014,0,0,0,0,36,0,1,0,0,2,0,2,0,0,0,1,0,34.85,1267.2,0,2,0.0274798927613941,0.0
5132,0,0,1,0,9,0,1,0,0,0,2,0,2,2,0,1,2,48.75,442.2,1,0,0.1099954873646209,585.0
1492,1,0,0,0,1,1,0,1,0,0,2,0,2,0,0,1,2,84.85,84.85,1,0,0.988351776354106,1018.1999999999999
4243,1,0,0,0,12,1,0,0,2,0,0,2,0,0,0,0,3,56.65,654.85,1,0,0.086376458031562,0.0
5965,0,1,1,1,57,1,0,1,0,2,2,2,2,0,0,1,1,95.3,5567.45,0,3,0.0171142777613159,0.0
4435,0,0,0,0,42,1,0,0,2,2,2,2,0,2,1,0,1,73.9,3160.55,1,2,0.0233746105549493,886.8000000000001
5628,0,0,1,1,33,1,2,2,1,1,1,1,1,1,2,1,3,24.5,740.3,1,2,0.0330500472143531,294.0
976,1,0,1,0,70,1,0,1,2,2,0,2,0,0,2,0,0,84.6,5706.2,0,3,0.0148233809924306,0.0
6181,0,0,0,0,68,0,1,0,0,2,0,2,0,2,0,0,2,44.95,3085.35,0,3,0.0145641291493187,0.0
1975,1,0,0,1,1,0,1,0,0,0,0,0,0,0,0,1,2,24.7,24.7,0,0,0.9610894941634242,296.4
4103,0,0,0,0,37,1,2,1,0,0,0,2,2,2,0,0,1,100.3,3541.4,0,2,0.0283141373080397,0.0
3083,0,0,0,1,4,1,2,2,1,1,1,1,1,1,0,1,3,25.45,84.2,0,0,0.2987089201877934,0.0
4876,1,0,0,0,1,1,0,0,2,0,0,0,0,0,0,1,3,50.7,50.7,0,0,0.9806576402321084,0.0
5236,1,0,0,0,20,0,1,0,2,2,2,2,2,0,0,1,1,55.0,1165.55,0,1,0.0471475719000471,0.0
5093,1,0,1,1,72,1,0,0,2,2,0,2,2,0,2,0,0,68.4,4855.35,0,3,0.0140846520534969,0.0
2538,0,0,0,0,31,1,2,1,0,0,2,0,0,2,0,1,2,89.9,2806.9,1,2,0.0320168097154457,1078.8000000000002
4872,1,1,1,0,18,1,0,1,0,0,0,0,0,2,0,0,2,78.55,1422.65,1,1,0.0551750781442067,942.5999999999999
4858,1,0,1,0,11,1,0,0,0,0,0,0,2,0,0,1,0,55.05,608.15,0,0,0.090371829598621,0.0
1880,0,0,1,1,33,1,0,2,1,1,1,1,1,1,2,0,1,19.8,641.35,0,2,0.0308243169611582,0.0
2047,0,1,0,0,62,1,2,1,0,0,0,0,2,0,1,0,2,84.45,4959.15,0,3,0.017025694787456,0.0
1383,0,0,0,0,1,0,1,0,0,0,2,2,0,0,0,0,3,35.9,35.9,0,0,0.97289972899729,0.0
2696,1,0,1,0,16,1,0,1,2,2,0,0,0,0,0,0,0,80.75,1321.3,0,1,0.0610678363457611,0.0
5089,1,0,1,1,22,1,2,0,0,0,2,2,2,2,1,1,3,78.65,1663.75,0,1,0.0472443309806277,0.0
6877,0,0,1,1,49,1,0,0,2,0,2,2,0,0,0,0,0,61.75,3024.15,0,3,0.0204122109647455,0.0
4224,1,0,1,1,36,1,0,0,2,0,2,0,0,2,1,1,1,63.7,2188.5,0,2,0.0290934003197076,0.0
5681,1,0,1,0,42,1,2,1,0,2,2,2,0,2,0,1,2,99.45,4138.05,1,2,0.0240272526304345,1193.4
3645,1,1,0,0,4,0,1,0,0,0,0,0,0,0,0,1,0,25.2,102.5,1,0,0.2434782608695652,302.4
6365,0,0,0,0,12,1,2,0,0,0,0,2,2,2,1,0,3,74.05,872.65,1,0,0.0847593429863217,888.5999999999999
3261,0,0,0,0,31,1,0,1,2,0,2,2,0,0,0,0,2,87.6,2724.25,0,2,0.0321438400146775,0.0
3415,1,0,1,0,5,1,2,1,2,0,0,0,0,2,0,1,2,89.15,413.25,0,0,0.2152082076041038,0.0
6893,1,0,1,1,66,1,0,2,1,1,1,1,1,1,2,0,1,20.0,1374.2,0,3,0.0145433391506689,0.0
910,0,1,0,0,15,1,2,0,0,0,0,2,0,0,0,0,1,55.0,757.1,1,1,0.0725497955414852,660.0
1596,1,0,0,0,64,1,2,1,0,2,2,0,2,2,2,1,0,104.4,6692.65,0,3,0.0155968716619482,0.0
5034,1,0,1,1,10,1,0,2,1,1,1,1,1,1,0,1,1,20.05,218.5,0,0,0.0913439635535307,0.0
1044,1,0,1,1,7,1,0,1,0,2,0,2,2,0,0,1,2,89.75,608.8,1,0,0.147179403082978,1077.0
4897,1,0,0,0,29,0,1,0,0,2,0,2,0,0,0,0,2,34.3,1004.75,0,2,0.0341039025602784,0.0
530,1,0,0,0,57,1,0,2,1,1,1,1,1,1,2,0,0,20.65,1125.6,0,3,0.0183294869518906,0.0
146,0,0,0,0,46,1,2,1,2,2,0,0,0,0,0,0,3,84.25,3847.6,0,2,0.0218910772748531,0.0
1839,1,0,0,0,53,1,0,2,1,1,1,1,1,1,2,0,0,19.65,978.0,0,3,0.0200715015321756,0.0
5006,0,0,0,0,17,1,0,0,2,2,0,2,2,2,1,0,1,79.85,1387.35,0,1,0.0575143155544351,0.0
6042,0,0,1,1,38,1,0,2,1,1,1,1,1,1,2,1,3,20.2,746.05,0,2,0.0270396894451509,0.0
2605,1,0,0,0,15,1,0,2,1,1,1,1,1,1,1,0,3,19.8,304.6,0,1,0.0647905759162303,0.0
121,0,0,0,0,22,0,1,0,0,2,0,0,2,2,0,1,2,50.35,1098.85,0,1,0.0457789698595263,0.0
6474,1,0,1,0,14,1,2,1,0,0,0,0,0,2,0,1,2,85.15,1139.2,1,1,0.0746798807226802,1021.8000000000001
2503,0,0,1,0,57,1,2,0,0,2,2,2,2,0,1,0,0,74.6,4368.95,0,3,0.0170711335369969,0.0
3732,1,1,0,0,11,1,0,1,0,0,0,0,0,2,0,1,1,79.15,827.7,0,0,0.0955110413901291,949.8000000000001
757,0,0,1,1,1,1,0,2,1,1,1,1,1,1,2,0,3,20.35,20.35,0,0,0.9531615925058547,0.0
4835,1,0,1,1,12,1,0,2,1,1,1,1,1,1,2,0,0,21.05,262.05,0,0,0.0800228093518342,0.0
3945,1,1,1,0,3,1,2,1,0,0,0,0,2,2,0,1,2,94.6,279.55,1,0,0.3371947959365531,1135.1999999999998
1019,1,0,0,1,36,1,0,1,0,2,0,0,2,2,0,1,2,94.7,3512.5,0,2,0.0269531805891561,0.0
5716,1,0,0,0,16,1,0,1,2,0,0,0,2,2,0,1,2,94.25,1483.25,1,1,0.0635000842176183,1131.0
470,1,0,1,1,65,1,2,0,2,2,2,0,0,2,1,0,1,72.45,4653.85,1,3,0.0155644113129316,0.0
1409,1,0,0,0,2,1,0,1,0,2,0,0,0,0,0,0,2,74.95,151.75,0,0,0.490671031096563,0.0
6795,0,0,0,0,42,1,2,1,2,0,2,0,2,2,0,1,2,105.2,4400.75,1,2,0.0238995853921735,1262.4
1486,1,0,1,1,72,1,0,1,2,2,2,2,2,2,2,0,0,111.95,8033.1,0,3,0.0139343548126112,0.0
4006,1,0,0,0,62,1,0,2,1,1,1,1,1,1,2,0,0,19.85,1253.65,0,3,0.0158211453393376,0.0
2413,0,0,0,0,6,1,2,1,0,2,0,0,2,0,0,1,2,89.75,552.65,0,0,0.1621060236611577,0.0
302,1,0,1,0,48,1,0,2,1,1,1,1,1,1,2,1,3,20.05,1036.0,0,2,0.019334619093539,0.0
4779,1,0,0,0,35,1,2,1,2,0,2,2,2,2,2,1,2,108.95,4025.5,0,2,0.0270582391655283,0.0
6677,1,0,0,1,52,1,0,2,1,1,1,1,1,1,1,0,1,19.65,928.4,0,3,0.0211426726920593,0.0
3044,0,0,0,0,1,0,1,0,0,0,0,0,0,0,0,1,3,24.9,24.9,0,0,0.9613899613899614,0.0
2615,1,0,1,0,6,1,2,1,0,0,0,0,2,0,0,1,2,82.85,460.25,1,0,0.179620596205962,994.1999999999999
2654,0,0,1,0,71,1,2,0,2,2,2,2,2,2,2,0,1,93.2,6506.15,0,3,0.0143227065612441,0.0
4785,0,0,1,1,67,1,0,1,2,2,2,0,0,0,1,0,0,84.8,5598.3,0,3,0.0151447502366367,0.0
2747,1,1,0,0,60,1,2,0,2,2,0,0,0,2,1,1,2,71.75,4374.55,0,3,0.0163979385448686,0.0
941,1,0,1,1,23,0,1,0,0,0,0,2,0,0,0,1,0,30.35,678.75,0,1,0.0446487679293858,0.0
1876,1,0,0,1,39,0,1,0,0,0,2,2,2,2,1,0,0,54.85,2191.7,0,2,0.0250148219090618,0.0
3097,1,0,1,1,15,1,0,2,1,1,1,1,1,1,1,1,3,19.5,239.75,0,1,0.0809968847352024,0.0
4707,1,1,1,0,53,1,2,1,0,2,2,0,2,2,0,1,2,103.85,5485.5,1,3,0.018928278501777,1246.1999999999998
2412,1,0,1,1,24,1,2,2,1,1,1,1,1,1,2,0,3,24.2,609.05,0,1,0.0396688796000327,0.0
4178,0,0,1,1,37,1,0,2,1,1,1,1,1,1,0,0,2,19.35,683.75,0,2,0.0282584884994523,0.0
4022,0,0,1,1,5,1,0,1,0,2,0,0,0,2,0,1,2,83.6,404.2,1,0,0.2063178677196446,1003.1999999999999
4014,0,1,1,0,50,1,2,1,0,0,0,2,2,2,1,1,2,100.65,5189.75,0,3,0.0193902615229013,0.0
652,0,0,0,0,54,1,0,1,0,0,2,0,2,2,1,1,1,94.1,5060.9,0,3,0.0185898575633655,0.0
1597,0,0,0,0,3,1,0,1,2,0,0,0,0,0,0,1,2,74.55,233.65,0,0,0.317707223524398,894.5999999999999
2968,1,0,0,0,68,1,2,1,0,2,2,2,2,2,1,0,2,108.45,7176.55,1,3,0.0151096126115457,1301.4
3116,1,0,0,0,5,1,0,0,0,0,2,2,0,0,0,0,2,56.15,291.45,0,0,0.1919986322448282,0.0
6249,1,0,0,0,33,1,0,2,1,1,1,1,1,1,2,0,3,20.35,689.75,0,2,0.0294607310893955,0.0
299,0,0,0,0,41,1,2,0,0,2,2,0,2,2,1,1,2,80.55,3263.9,0,2,0.024671506018561,0.0
16,0,0,1,1,34,0,1,0,2,0,2,2,2,2,1,0,3,61.25,1993.2,0,2,0.0307140708053354,0.0
2634,0,0,1,1,13,1,0,2,1,1,1,1,1,1,0,1,3,20.45,254.5,0,1,0.0800391389432485,0.0
3536,0,0,0,0,20,1,0,2,1,1,1,1,1,1,0,1,1,18.9,347.65,0,1,0.0542090922128208,0.0
3281,0,1,0,0,51,1,0,2,1,1,1,1,1,1,2,0,1,19.6,967.9,0,3,0.0202291258127773,0.0
3586,0,0,1,0,3,1,2,1,0,2,0,0,0,2,0,1,1,91.5,242.95,1,0,0.3750768600122976,1098.0
1998,0,0,0,1,41,1,0,0,0,0,0,0,0,0,0,0,0,45.2,1841.9,0,2,0.0245265613977969,0.0
3337,0,0,0,0,13,1,0,2,1,1,1,1,1,1,0,0,1,19.45,232.1,0,1,0.0834405834405834,0.0
3445,1,0,1,1,35,1,2,2,1,1,1,1,1,1,2,0,0,25.45,809.25,0,2,0.0314100586238815,0.0
1266,1,0,1,0,12,1,0,1,2,0,0,2,0,0,0,0,0,80.85,866.45,1,0,0.0932042192633581,970.1999999999999
6828,1,0,0,0,4,1,0,1,2,2,0,2,0,2,0,1,3,94.9,360.55,0,0,0.2624809846494261,0.0
1365,0,0,0,0,43,0,1,0,0,0,2,0,2,2,0,1,0,49.05,2076.2,1,2,0.0236135181975736,588.5999999999999
176,0,1,1,1,12,0,1,0,0,0,0,2,0,0,0,1,3,29.3,355.9,0,0,0.0820958251611095,0.0
6407,1,1,1,0,68,1,2,1,0,2,2,0,2,2,0,1,2,105.3,7299.65,1,3,0.0144233732612849,1263.6
4664,1,1,0,0,25,1,2,1,0,2,0,0,2,0,0,1,2,88.95,2291.2,1,2,0.0388055143530233,1067.4
5214,0,0,0,0,7,1,0,2,1,1,1,1,1,1,1,0,3,20.25,129.15,0,0,0.1555897041874759,0.0
6921,1,1,1,0,66,1,2,1,0,2,2,2,2,2,1,1,2,110.85,7491.75,1,3,0.0147943011577858,1330.1999999999998
5671,0,0,1,0,53,1,0,1,2,2,2,2,2,2,1,0,2,110.5,5835.5,0,3,0.0189325794568662,0.0
5325,1,1,0,0,63,1,2,1,2,2,2,0,2,2,0,1,0,109.4,7031.45,0,3,0.0155564561425961,0.0
1065,0,0,1,1,70,1,2,1,2,2,2,2,2,2,2,1,0,114.2,7723.9,1,3,0.014783362891429,1370.4
3996,1,1,1,0,27,0,1,0,0,0,0,0,0,2,0,0,0,36.5,1032.0,1,2,0.0353339787028073,0.0
354,0,0,0,0,1,1,0,1,0,0,0,0,0,0,0,0,3,70.75,70.75,1,0,0.9860627177700348,849.0
2342,0,0,0,0,5,1,0,2,1,1,1,1,1,1,0,0,3,19.95,109.6,0,0,0.180379746835443,0.0
3326,0,1,1,0,37,1,0,2,1,1,1,1,1,1,1,0,3,19.6,727.8,0,2,0.026893523600439,0.0
4479,1,0,0,0,3,0,1,0,0,0,2,0,2,0,0,1,3,40.15,130.75,1,0,0.3047438330170778,481.79999999999995
1147,0,0,0,1,12,1,2,1,0,0,0,0,0,0,0,1,2,76.6,893.0,0,0,0.0856823266219239,0.0
3120,0,0,1,1,38,1,0,2,1,1,1,1,1,1,1,0,1,19.6,763.1,0,2,0.0256510927889019,0.0
2051,0,0,0,0,9,1,0,1,0,0,2,0,0,2,0,1,1,85.3,781.4,0,0,0.109023517382413,0.0
485,1,0,1,0,13,1,2,0,2,0,0,0,0,2,0,1,2,65.85,902.25,0,1,0.0729034043730971,0.0
6510,1,1,1,0,29,1,2,1,0,0,0,0,2,2,0,1,2,94.45,2653.65,1,2,0.0355790782212344,1133.4
5411,0,0,1,1,47,1,0,2,1,1,1,1,1,1,2,0,1,20.05,1016.7,0,2,0.0197012872162719,0.0
330,1,0,1,0,61,1,2,1,2,0,2,2,2,0,0,0,0,99.4,5943.65,0,3,0.0167209171271647,0.0
2852,1,0,0,0,16,1,0,2,1,1,1,1,1,1,0,0,3,20.0,275.7,0,1,0.0722804481387784,0.0
1725,0,0,1,1,41,1,0,0,2,2,0,2,2,2,2,0,2,78.45,3126.45,0,2,0.0250843338822363,0.0
35,0,0,0,1,43,1,2,2,1,1,1,1,1,1,2,1,2,25.1,1070.15,0,2,0.0234327591840545,0.0
6632,0,0,1,1,36,1,2,1,0,2,2,0,2,0,0,1,0,97.35,3457.9,1,2,0.0281447859145971,1168.1999999999998
4670,0,0,0,0,6,1,0,0,0,0,0,0,0,2,0,1,2,55.0,340.4,0,0,0.1611013473930873,0.0
5908,0,0,0,0,58,1,2,0,2,2,2,2,0,0,1,1,1,71.1,4299.2,0,3,0.0165341146923398,0.0
2808,1,0,0,0,19,1,0,0,0,0,0,2,2,0,0,1,1,61.55,1093.2,0,1,0.0562511423871321,0.0
229,1,0,1,0,11,1,0,0,0,0,0,0,0,0,0,1,0,45.9,521.9,0,0,0.0877796901893287,0.0
5198,0,0,0,0,39,0,1,0,2,2,0,2,0,0,1,1,0,40.3,1630.4,0,2,0.0247027093294103,0.0
3439,0,1,0,0,8,1,0,1,0,2,0,0,2,0,0,1,2,87.1,713.6,0,0,0.1218863699972012,0.0
2749,0,0,0,1,26,1,2,0,0,0,0,0,0,0,0,1,3,49.5,1265.65,0,2,0.0390794615718627,0.0
2121,0,1,0,0,53,1,0,1,0,2,0,0,0,0,0,1,1,73.8,4003.85,0,3,0.0184276564665343,0.0
413,0,0,1,1,70,1,0,2,1,1,1,1,1,1,2,1,3,19.2,1401.4,0,3,0.0136908157444381,0.0
5349,1,0,0,0,1,0,1,0,0,0,0,0,2,2,0,1,3,45.3,45.3,1,0,0.978401727861771,543.5999999999999
3102,1,0,0,0,59,1,2,2,1,1,1,1,1,1,2,0,3,25.0,1510.5,0,3,0.016539861065167,0.0
3795,1,0,0,0,2,1,0,1,0,0,2,0,2,2,0,0,2,94.95,178.1,1,0,0.5301507537688442,1139.4
963,1,0,0,0,7,0,1,0,2,0,2,0,0,0,1,0,3,35.3,264.8,0,0,0.1328066215199398,0.0
2764,0,0,0,1,12,1,0,0,0,0,0,0,0,0,0,1,2,44.55,480.6,1,0,0.0925041528239202,0.0
5744,1,0,1,1,59,1,0,0,0,2,2,2,2,2,1,0,1,76.75,4541.9,0,3,0.0168944947060247,0.0
4259,1,0,1,1,61,1,2,0,0,0,2,2,2,2,2,1,0,81.0,4976.15,0,3,0.0162743738886712,0.0
270,1,0,1,1,72,1,2,1,2,0,2,0,2,2,2,1,0,105.55,7542.25,0,3,0.0139926424286613,0.0
2356,0,0,1,1,13,1,0,2,1,1,1,1,1,1,0,0,3,18.8,251.25,0,1,0.0745292368681863,0.0
4311,0,0,1,1,64,1,2,2,1,1,1,1,1,1,1,0,3,24.9,1595.5,0,3,0.0155966176010021,0.0
2668,1,0,1,0,1,0,1,0,0,0,0,0,0,0,0,1,2,23.45,23.45,1,0,0.9591002044989776,281.4
3577,0,0,0,0,10,1,0,0,0,2,0,2,0,2,1,0,3,64.9,685.55,0,0,0.0945306241351686,0.0
1763,0,0,1,1,65,1,0,0,2,2,2,0,0,0,1,0,0,61.35,3874.1,0,3,0.015831849500658,0.0
5736,0,0,1,0,62,1,2,1,2,2,2,2,2,2,2,0,3,113.95,6891.4,0,3,0.0165327026870175,0.0
6811,0,0,1,0,55,1,2,0,2,2,2,2,2,2,1,1,2,90.15,4916.95,0,3,0.0183308085686109,0.0
6953,0,0,1,0,25,1,2,0,0,2,0,0,0,0,0,0,2,54.1,1373.0,0,2,0.0393740902474526,0.0
6696,1,0,0,0,1,0,1,0,2,0,0,0,0,0,0,0,3,29.7,29.7,1,0,0.96742671009772,356.4
6182,1,0,0,0,1,1,0,0,2,0,0,0,0,0,0,1,1,49.8,49.8,0,0,0.9803149606299212,0.0
3143,0,0,1,0,59,1,2,1,0,2,0,0,2,2,0,0,2,101.1,6039.9,1,3,0.0167359168335844,0.0
1015,1,1,1,1,64,1,2,2,1,1,1,1,1,1,2,1,0,24.4,1548.65,0,3,0.0157454909173039,0.0
3597,1,0,1,0,36,1,2,1,0,0,0,0,2,2,0,1,0,95.0,3440.25,0,2,0.0276062477297493,0.0
5924,0,0,0,0,3,1,2,0,0,0,0,0,0,0,0,1,3,50.65,151.3,1,0,0.3325673013788575,607.8
623,1,0,1,0,61,1,2,0,2,0,2,0,0,2,2,1,3,69.9,4226.7,0,3,0.0165338127114033,0.0
5900,1,0,0,1,26,0,1,0,0,2,0,0,2,0,1,1,0,39.95,1023.75,0,2,0.0389851183215418,0.0
2129,0,0,0,0,1,1,0,0,0,0,0,0,0,2,0,1,2,55.4,55.4,1,0,0.9822695035460992,664.8
6192,0,1,1,0,1,1,2,1,0,2,0,0,2,0,0,1,2,90.6,90.6,1,0,0.9890829694323144,1087.1999999999998
6768,1,0,1,1,68,1,0,1,2,2,2,0,2,2,2,1,1,103.25,7074.4,0,3,0.0145928145405206,0.0
2165,1,1,1,0,2,1,2,1,0,0,0,0,2,0,0,1,3,86.85,156.35,1,0,0.551954242135367,1042.1999999999998
2826,0,0,1,0,72,1,2,1,2,2,2,2,0,0,2,1,0,94.25,6849.75,0,3,0.0137576177790752,0.0
5048,0,0,1,0,71,0,1,0,0,0,2,2,0,2,2,1,2,47.05,3263.6,0,3,0.0144121791337376,0.0
5293,1,0,0,0,57,1,0,2,1,1,1,1,1,1,2,0,1,20.55,1252.85,0,3,0.0163895202775451,0.0
473,1,0,0,0,4,1,0,2,1,1,1,1,1,1,0,1,3,19.65,67.55,0,0,0.286652078774617,0.0
6754,0,1,0,0,1,1,0,1,0,0,0,0,0,0,0,1,2,70.2,70.2,0,0,0.9859550561797752,0.0
6427,1,0,1,1,72,1,2,0,2,2,2,2,0,2,2,0,1,81.0,5750.0,0,3,0.0140845070422535,0.0
3282,1,0,1,1,21,1,2,0,2,0,0,0,2,2,1,1,0,75.9,1549.75,0,1,0.0489440593261325,0.0
5467,0,0,1,1,71,1,2,2,1,1,1,1,1,1,2,0,0,24.7,1810.55,0,3,0.0136347326874775,0.0
2482,0,1,1,0,29,1,2,1,0,0,2,0,2,2,0,1,0,99.05,2952.85,1,2,0.0335325084212129,1188.6
3220,0,1,0,0,69,1,2,1,2,0,2,2,2,2,2,0,1,110.25,7467.55,0,3,0.0147619015739333,0.0
6884,0,0,1,0,64,1,2,0,2,0,2,2,2,2,2,1,1,85.0,5484.4,0,3,0.0154956794399679,0.0
6040,1,0,0,0,16,1,0,2,1,1,1,1,1,1,0,0,1,19.75,294.9,0,1,0.0667455221358567,0.0
5216,0,0,0,0,4,1,2,2,1,1,1,1,1,1,1,0,2,23.9,97.5,0,0,0.2426395939086294,0.0
6506,0,0,0,0,52,1,2,1,2,2,0,2,2,2,1,1,1,111.25,5916.45,1,3,0.0188003278439192,1335.0
3894,1,0,0,0,2,1,0,0,2,0,2,0,0,0,0,1,3,55.1,113.35,1,0,0.4818539571491037,661.2
4448,1,0,0,0,1,1,0,2,1,1,1,1,1,1,0,0,3,19.95,19.95,0,0,0.9522673031026252,0.0
3381,1,0,0,0,18,0,1,0,0,0,0,0,0,0,0,0,3,25.15,476.8,0,1,0.0526370866471326,0.0
6102,0,0,0,0,2,1,2,0,0,2,0,0,0,0,0,0,3,54.15,101.65,0,0,0.5275207014125669,0.0
3851,0,0,1,0,19,1,0,0,0,2,0,0,0,2,0,1,3,59.8,1130.85,0,1,0.0528338560763352,0.0
6901,0,0,0,0,40,1,2,1,0,0,0,0,0,2,0,0,0,83.85,3532.25,0,2,0.0237316917851836,0.0
3936,0,1,1,1,66,1,2,1,0,2,2,0,2,2,1,1,2,104.9,6891.45,0,3,0.0152195518284499,0.0
848,1,0,0,0,21,1,2,1,0,0,0,0,0,0,0,0,3,75.3,1570.7,0,1,0.0479099064707005,0.0
2951,1,0,0,0,8,1,0,0,0,2,0,2,2,0,0,1,2,66.65,520.95,0,0,0.1276942235846345,0.0
2689,0,0,1,1,72,1,0,1,2,2,2,2,2,2,2,1,1,109.5,7854.9,0,3,0.0139385684644661,0.0
5266,0,0,0,0,48,1,2,0,0,2,2,2,2,0,1,1,0,73.85,3581.4,0,2,0.0206146717284502,0.0
2302,1,0,0,0,69,1,0,2,1,1,1,1,1,1,2,1,0,19.3,1447.9,0,3,0.0133204499965491,0.0
6982,1,0,0,0,72,1,2,1,2,2,2,2,2,2,2,1,2,118.2,8547.15,0,3,0.0138275533302527,0.0
46,0,0,0,0,14,1,0,0,0,2,0,0,0,0,1,0,1,51.45,727.85,0,1,0.0705906565136859,0.0
4402,1,0,0,0,6,1,0,0,0,2,0,0,2,0,0,0,2,59.45,357.6,0,0,0.1657836029001673,0.0
5204,0,0,1,1,8,1,0,2,1,1,1,1,1,1,2,0,0,19.5,159.35,0,0,0.1216089803554724,0.0
5389,0,0,0,0,17,1,0,2,1,1,1,1,1,1,1,0,3,19.55,280.85,0,1,0.0693631364200816,0.0
426,1,0,0,0,65,1,2,1,2,0,0,2,0,2,1,0,2,93.55,6069.25,0,3,0.0154112268852188,0.0
5080,0,0,1,1,57,1,0,0,2,0,2,2,0,0,1,1,3,59.3,3274.35,0,3,0.0181049353504205,0.0
594,1,0,1,0,13,1,2,1,0,0,2,0,2,2,0,1,1,102.25,1359.0,1,1,0.0751838235294117,1227.0
6476,1,1,0,0,19,1,0,1,0,0,2,0,2,2,0,1,1,95.9,1777.9,1,1,0.0539097194895722,1150.8000000000002
4384,0,0,1,0,56,1,2,1,2,2,2,0,2,2,1,0,0,109.8,6109.65,0,3,0.0179686285419718,0.0
2312,0,0,1,0,14,1,0,1,0,0,0,0,0,2,0,1,2,78.1,1122.4,0,1,0.0695210966708207,0.0
2894,1,0,1,0,52,0,1,0,2,0,0,0,0,2,0,1,2,39.9,2020.9,0,3,0.0197339136455808,0.0
3974,0,0,0,0,58,1,0,0,2,2,2,2,0,0,2,1,1,64.9,3795.45,0,3,0.0170949176204085,0.0
750,0,1,0,0,47,1,2,1,0,2,0,2,2,0,0,1,2,95.05,4504.55,1,2,0.0210962035711511,0.0
2732,0,0,0,0,67,0,1,0,0,0,2,2,2,2,0,1,1,53.4,3579.15,0,3,0.0149155761630099,0.0
6780,1,0,0,0,2,0,1,0,0,0,0,0,0,0,0,1,1,24.9,49.7,0,0,0.4911242603550295,0.0
2273,1,1,0,0,6,1,0,0,0,0,0,0,0,0,0,0,1,44.7,276.5,0,0,0.1610810810810811,0.0
2611,1,0,1,1,71,1,2,1,2,2,2,2,2,2,2,1,0,114.0,8175.9,0,3,0.0139417138524379,0.0
2224,0,0,1,1,46,1,0,2,1,1,1,1,1,1,2,0,0,20.25,890.35,0,2,0.0227183485723901,0.0
592,0,0,0,0,5,1,0,0,2,0,0,2,0,0,0,0,1,53.85,259.8,1,0,0.2064800613496932,646.2
3403,1,1,1,0,67,1,2,1,2,2,0,0,0,0,0,0,0,83.85,5588.8,0,3,0.0150005366918315,0.0
2112,1,0,0,1,3,1,0,2,1,1,1,1,1,1,0,0,0,20.2,50.6,0,0,0.3914728682170542,0.0
100,0,0,0,0,3,1,0,2,1,1,1,1,1,1,0,0,3,19.95,58.0,0,0,0.338135593220339,0.0
3825,1,1,1,0,52,1,2,1,2,0,2,0,2,2,0,1,2,104.2,5568.35,1,3,0.018709544201747,1250.4
2795,0,0,1,0,42,1,2,0,0,0,0,0,0,0,0,1,2,50.25,2203.65,1,2,0.0227927335404712,603.0
4075,1,0,1,1,50,1,0,2,1,1,1,1,1,1,1,1,3,20.35,938.95,0,3,0.021650087770626,0.0
1593,1,1,1,0,23,1,0,1,2,2,0,0,0,2,0,1,2,90.0,2024.1,0,1,0.0444422497654436,0.0
3521,0,0,1,1,67,0,1,0,2,2,2,2,2,0,2,0,1,54.2,3623.95,0,3,0.0149519303714534,0.0
2812,0,0,0,0,25,1,0,1,0,2,2,0,2,2,0,1,2,99.5,2369.05,1,2,0.0419822366616738,1194.0
4521,0,1,1,0,39,1,0,1,2,2,0,0,2,2,1,0,3,99.1,3877.95,0,2,0.0255481509171296,0.0
6337,0,0,0,0,69,1,2,0,2,2,0,2,0,0,2,1,3,66.9,4577.9,0,3,0.0146104959706479,0.0
2133,0,0,0,0,1,0,1,0,0,0,0,0,0,0,1,0,3,25.85,25.85,0,0,0.962756052141527,0.0
3702,1,0,0,0,32,1,0,1,0,0,0,0,2,2,0,0,2,91.05,2871.5,0,2,0.0316971279373368,0.0
2526,0,0,0,0,9,1,0,1,0,0,0,0,0,0,0,0,2,71.0,672.55,1,0,0.1054116249721624,852.0
5343,0,0,0,0,16,1,0,1,0,2,2,0,0,2,0,1,1,93.2,1573.7,1,1,0.0591858766749222,1118.4
4735,1,0,1,1,60,1,0,2,1,1,1,1,1,1,2,1,0,20.95,1270.55,0,3,0.0164759545436671,0.0
6279,0,0,1,1,72,1,2,1,0,2,2,2,2,2,2,1,0,109.2,7711.45,0,3,0.0141589248552664,0.0
3450,1,0,1,0,5,1,0,2,1,1,1,1,1,1,0,0,3,19.35,126.05,1,0,0.1523022432113341,232.20000000000002
73,0,1,0,0,26,1,0,1,2,0,0,0,2,0,0,1,1,85.8,2193.65,0,2,0.0390950721071697,0.0
4808,1,0,0,0,3,1,0,2,1,1,1,1,1,1,0,0,3,19.85,64.55,1,0,0.3028222730739893,238.20000000000002
2697,1,0,0,0,2,1,0,2,1,1,1,1,1,1,0,1,2,19.65,31.2,0,0,0.6102484472049688,0.0
4134,0,0,0,1,2,1,0,2,1,1,1,1,1,1,1,0,0,20.5,38.25,0,0,0.5222929936305732,0.0
495,0,0,0,0,36,1,2,0,2,0,2,2,2,2,1,1,1,89.65,3348.1,0,2,0.0267683855364127,0.0
3029,1,0,0,0,7,1,0,1,2,0,0,0,0,0,0,0,3,74.35,533.6,0,0,0.1390759446315001,0.0
6350,0,1,1,0,60,0,1,0,0,2,0,0,2,2,2,1,1,49.45,2907.55,0,3,0.0170015987347647,0.0
2392,0,0,1,0,19,1,2,1,0,2,0,0,0,2,0,1,2,89.1,1620.8,0,1,0.0549389567147613,0.0
5513,1,1,1,0,45,1,2,0,2,0,2,2,0,2,2,0,1,75.15,3480.35,0,2,0.0215864535309578,0.0
441,1,1,0,0,4,1,0,1,0,0,0,0,0,0,0,1,2,70.65,293.85,0,0,0.2396133627268102,847.8000000000001
2849,0,0,1,1,31,1,2,1,0,0,2,2,2,2,0,1,2,104.2,3243.45,1,2,0.0321163833623572,1250.4
2195,1,0,1,1,47,1,0,1,2,0,2,0,0,2,0,0,2,90.05,4137.2,0,2,0.0217606688898554,0.0
1981,1,0,0,0,1,1,0,1,0,0,0,0,0,2,0,1,2,79.25,79.25,1,0,0.9875389408099688,951.0
3411,0,0,0,0,1,1,0,0,0,0,0,0,0,0,0,1,0,44.9,44.9,1,0,0.9782135076252724,538.8
1510,0,0,0,0,1,1,0,2,1,1,1,1,1,1,0,0,1,19.4,19.4,0,0,0.9509803921568628,0.0
1130,0,1,1,1,59,1,2,1,0,0,2,0,0,2,0,1,1,88.75,5348.65,0,3,0.016589870365351,0.0
4519,1,0,1,0,10,1,0,1,0,0,0,0,0,0,0,1,2,70.1,659.65,1,0,0.1061076212820706,841.1999999999999
1633,1,1,0,0,35,1,2,1,2,0,0,0,0,2,0,0,1,91.0,3180.5,0,2,0.0286028602860286,0.0
6099,1,0,0,0,4,0,1,0,0,0,2,0,0,0,0,1,2,29.65,118.5,1,0,0.2481171548117154,355.79999999999995
3051,1,0,1,1,32,1,0,1,2,2,0,0,0,2,1,1,2,90.8,3023.85,0,2,0.0300180174223515,0.0
319,1,0,0,0,43,1,2,1,0,2,0,0,0,0,0,1,2,77.85,3365.85,1,2,0.0231225032300221,0.0
866,1,0,0,0,4,1,0,0,0,0,0,0,0,2,0,0,2,54.3,195.3,1,0,0.2766174223127865,651.5999999999999
2602,0,1,1,0,54,1,0,2,1,1,1,1,1,1,2,1,3,18.95,1031.1,0,3,0.0183606239705454,0.0
4473,0,1,0,0,11,1,2,1,0,0,0,0,2,2,0,1,0,95.15,997.65,1,0,0.0952786261452961,1141.8000000000002
114,0,1,0,0,66,1,2,1,2,0,0,0,2,2,2,1,0,102.4,6471.85,0,3,0.0158199247626625,0.0
3477,1,0,1,1,61,1,2,1,0,0,2,0,2,2,1,1,2,99.9,6241.35,0,3,0.016003588392192,0.0
2024,1,0,1,1,72,1,2,0,2,2,2,2,2,2,2,0,1,88.7,6501.35,0,3,0.0136412220197313,0.0
4949,1,0,1,1,44,0,1,0,0,0,2,2,2,2,1,1,2,54.3,2317.1,0,2,0.0234243561537466,0.0
2379,1,0,0,0,41,1,2,0,0,0,2,0,0,0,0,1,0,55.7,2237.55,0,2,0.024882178195707,0.0
5689,1,0,1,0,50,1,2,1,2,0,2,0,2,2,1,1,2,103.95,5231.3,0,3,0.0198669801043518,0.0
3349,1,0,1,0,47,1,2,1,2,0,2,2,2,2,1,1,1,110.85,5275.8,1,2,0.0210070497271073,1330.1999999999998
132,1,0,1,1,8,1,0,2,1,1,1,1,1,1,2,0,3,20.15,165.5,0,0,0.121021021021021,0.0
5329,1,0,0,0,18,1,0,2,1,1,1,1,1,1,0,0,3,20.05,358.5,0,1,0.0557719054242002,0.0
3305,1,0,1,1,72,1,2,0,2,2,2,2,2,2,2,1,1,91.95,6614.9,0,3,0.013898335827325,0.0
1979,1,0,0,0,1,1,0,1,0,0,0,0,0,2,0,0,2,80.5,80.5,1,0,0.9877300613496932,966.0
6002,0,1,0,0,42,1,2,0,0,0,2,0,0,0,0,0,2,55.65,2421.75,0,2,0.0229697657620472,0.0
297,0,1,0,0,18,1,0,1,0,2,0,0,0,0,0,1,2,74.7,1294.6,0,1,0.0576566841617783,0.0
4049,0,0,0,1,13,1,2,1,0,2,2,0,2,2,1,1,1,104.15,1299.1,0,1,0.0801092223675102,0.0
1980,0,0,1,1,68,1,2,1,0,2,0,2,0,0,1,1,0,83.65,5733.4,0,3,0.01458740234375,0.0
5758,1,0,0,0,4,1,2,1,0,0,0,0,0,0,0,1,0,72.2,305.55,1,0,0.2355243842766269,866.4000000000001
2079,1,0,0,0,69,1,2,1,2,2,2,0,2,2,2,1,1,110.05,7430.75,0,3,0.0148080869243448,0.0
1088,1,0,0,0,17,1,0,0,0,0,0,2,0,0,0,0,3,51.5,900.5,1,1,0.0571270105379922,618.0
42,1,0,1,1,25,1,2,2,1,1,1,1,1,1,2,0,1,25.5,630.6,0,2,0.0403736542115262,0.0
1970,1,1,0,0,43,1,0,1,0,0,0,0,2,2,0,1,3,89.55,3856.75,1,2,0.0232130127665089,0.0
5201,0,0,1,1,59,1,0,2,1,1,1,1,1,1,2,0,1,19.5,1222.65,0,3,0.0159359293915743,0.0
4567,0,1,0,0,5,1,0,1,2,2,0,0,0,0,0,0,2,80.7,374.8,0,0,0.2147418839808408,0.0
6027,1,0,1,1,21,1,2,0,2,2,0,2,2,0,1,0,3,77.5,1625.0,1,1,0.0476629766297663,930.0
744,0,0,1,1,69,1,2,1,2,2,2,2,2,0,1,1,1,105.1,7234.8,0,3,0.0145250006910085,0.0
2125,1,0,0,0,13,0,1,0,0,0,0,0,0,0,0,1,0,25.15,331.85,0,1,0.0755595613639777,0.0
5331,1,0,1,0,42,1,2,1,0,2,2,0,2,0,0,1,0,95.25,3959.35,1,2,0.0240509045917658,0.0
1569,1,0,1,0,52,1,2,1,0,2,0,2,0,2,0,1,1,95.65,5088.4,0,3,0.0187939639250206,0.0
4801,1,1,0,0,46,1,0,1,2,0,0,0,0,2,0,0,2,85.0,3969.4,1,2,0.0214084223252065,1020.0
621,1,0,1,0,61,1,2,0,2,2,2,2,0,2,2,1,0,80.8,4860.85,0,3,0.0166191881691125,0.0
2382,1,0,0,0,29,0,1,0,0,0,0,0,0,0,1,1,3,24.85,788.05,0,2,0.031493568214942,0.0
706,0,0,0,1,25,1,0,0,0,2,0,2,0,0,1,1,1,54.75,1266.35,0,2,0.0432003787430465,0.0
3087,0,0,1,1,5,1,0,1,0,0,0,2,2,0,0,1,2,85.75,470.95,1,0,0.1816929759508422,1029.0
4622,1,0,0,0,15,0,1,0,0,0,2,0,2,2,1,0,2,50.75,688.2,0,1,0.073636099825885,0.0
6347,0,0,1,1,19,1,0,2,1,1,1,1,1,1,2,0,3,20.15,387.7,0,1,0.0518394648829431,0.0
4767,1,0,0,0,44,1,0,2,1,1,1,1,1,1,2,0,3,20.05,845.25,0,2,0.0236927621861152,0.0
1674,0,1,0,0,6,1,2,1,0,2,0,0,2,2,0,1,2,98.25,560.6,1,0,0.1749465811965811,1179.0
5088,1,0,1,1,58,1,2,0,2,2,2,2,0,0,2,0,1,71.6,4230.25,0,3,0.0169217134416543,0.0
1099,1,0,1,1,62,1,0,1,2,2,0,0,0,0,1,1,1,81.45,4983.05,0,3,0.0163421313991633,0.0
6229,0,0,1,1,70,0,1,0,0,2,2,2,2,2,1,1,0,58.4,4113.15,0,3,0.0141949126794113,0.0
1034,0,1,0,0,1,0,1,0,0,0,0,0,0,0,0,1,3,25.7,25.7,1,0,0.9625468164794008,308.4
4553,1,0,1,1,10,0,1,0,2,2,2,2,0,2,2,0,1,53.7,521.0,0,0,0.1028735632183908,0.0
28,1,0,0,0,26,1,0,2,1,1,1,1,1,1,1,1,0,19.6,471.85,0,2,0.0414507772020725,0.0
81,1,0,0,0,66,1,2,1,0,2,0,0,0,2,0,0,1,89.4,5976.9,0,3,0.014955084561468,0.0
1758,0,0,1,1,7,1,0,1,0,0,0,0,0,0,0,1,2,69.0,506.9,1,0,0.1358535144713526,828.0
1600,1,0,1,1,51,1,2,1,0,2,0,2,0,0,1,0,0,84.2,4299.75,0,3,0.0195779805847817,0.0
1002,1,0,1,1,72,1,2,1,2,2,2,2,2,0,2,1,1,106.1,7548.6,0,3,0.0140537247006463,0.0
1423,1,0,0,0,65,1,2,2,1,1,1,1,1,1,2,0,3,25.75,1654.75,0,3,0.0155518647138758,0.0
1960,1,0,0,0,2,1,0,0,0,0,0,0,0,0,0,0,0,46.05,80.35,1,0,0.5660725261216963,552.5999999999999
6055,1,0,0,1,70,1,2,0,2,2,0,2,0,0,1,0,0,64.95,4551.5,0,3,0.0142668863261943,0.0
4697,1,0,1,0,72,1,2,0,0,2,2,2,2,2,2,1,1,85.45,6227.5,0,3,0.0137191940274544,0.0
7010,0,0,1,1,1,1,0,2,1,1,1,1,1,1,0,0,3,20.05,20.05,0,0,0.9524940617577196,0.0
2297,0,1,1,0,1,1,0,1,0,2,0,0,0,0,0,1,3,76.4,76.4,1,0,0.9870801033591732,916.8000000000001
6807,0,0,0,0,5,1,2,1,0,0,2,0,2,2,0,1,2,100.5,514.0,1,0,0.1951456310679611,1206.0
4527,1,0,0,0,3,1,0,2,1,1,1,1,1,1,0,0,3,20.7,57.5,0,0,0.3538461538461538,0.0
4242,1,0,0,0,58,1,2,2,1,1,1,1,1,1,2,1,1,25.3,1474.35,0,3,0.0171484732436371,0.0
3664,1,1,1,1,22,0,1,0,2,0,0,0,0,2,0,0,3,40.05,880.2,1,1,0.0454493871992737,480.59999999999997
1300,1,1,1,0,33,1,2,1,0,2,0,0,2,2,0,1,0,100.6,3270.25,0,2,0.0307527703477264,0.0
5081,1,0,0,0,1,1,0,1,0,0,0,0,0,0,0,0,2,69.95,69.95,1,0,0.9859055673009162,839.4000000000001
3671,1,1,1,0,54,1,2,1,0,0,0,0,0,0,0,0,0,74.0,3919.15,0,3,0.0188768286927796,0.0
452,1,0,1,0,72,1,2,1,0,2,0,0,2,2,2,1,2,99.4,7285.7,0,3,0.0136412916683821,0.0
4617,1,0,0,1,1,1,2,1,0,0,0,0,2,2,0,1,2,93.3,93.3,1,0,0.9893955461293744,1119.6
6262,1,0,0,0,3,1,0,0,0,0,2,0,0,0,0,1,2,49.15,169.05,1,0,0.2890326374595707,589.8
5869,0,0,1,1,72,1,2,1,2,2,2,2,0,2,2,0,1,107.45,7658.3,0,3,0.0140286971394252,0.0
2470,0,0,1,1,72,1,2,0,2,2,2,0,2,2,2,1,1,83.6,5959.3,0,3,0.0140261396238444,0.0
3782,1,1,1,0,54,1,2,1,0,0,2,0,2,2,0,1,1,99.05,5295.7,0,3,0.0187003228425245,1188.6
3330,0,0,1,0,59,1,2,0,0,2,0,2,2,2,1,1,2,80.1,4693.2,0,3,0.0170636104128499,0.0
5007,1,0,0,0,54,1,0,0,2,2,0,0,2,0,2,1,0,65.3,3512.9,0,3,0.0185833404479353,0.0
2393,1,0,0,0,60,1,2,1,0,0,2,0,2,0,2,1,2,89.55,5231.2,0,3,0.0171151714384006,0.0
4630,0,0,1,0,60,0,1,0,0,2,2,2,2,2,2,0,1,60.8,3603.45,0,3,0.0168680381195466,0.0
5545,1,0,0,0,3,1,2,1,0,0,0,0,0,0,0,0,2,74.5,217.45,0,0,0.341039139391165,0.0
2587,0,0,1,0,69,1,2,1,2,0,0,0,2,2,2,0,0,99.15,6875.35,0,3,0.014418986817134,0.0
6586,0,0,1,1,1,1,0,2,1,1,1,1,1,1,0,0,2,19.25,19.25,0,0,0.9506172839506172,0.0
6398,1,0,1,1,50,0,1,0,2,0,0,0,2,0,0,1,1,39.45,2021.35,0,3,0.0195070091724973,0.0
4336,0,0,0,0,56,0,1,0,0,0,0,0,2,2,0,1,1,44.85,2564.95,0,3,0.0174789064479042,0.0
6990,0,0,1,0,60,1,0,1,2,0,0,2,2,2,2,1,2,97.2,5611.75,0,3,0.0173177141330007,0.0
3112,1,1,1,0,69,1,2,1,2,0,2,2,2,2,1,1,3,110.55,7610.1,0,3,0.0145248387223922,0.0
2633,0,0,0,0,1,0,1,0,0,0,0,0,0,2,0,0,3,35.05,35.05,1,0,0.972260748959778,420.59999999999997
1328,0,1,0,0,1,1,0,1,0,2,0,0,0,0,0,1,2,73.0,73.0,1,0,0.9864864864864864,876.0
3566,0,0,1,0,3,1,0,2,1,1,1,1,1,1,0,1,3,19.9,45.75,0,0,0.4256684491978609,0.0
1822,1,0,1,1,60,1,0,0,0,2,0,2,2,2,2,0,0,76.95,4543.95,0,3,0.0169308793276053,0.0
309,0,0,0,0,13,0,1,0,0,0,2,2,0,0,2,0,3,35.4,450.4,0,1,0.078422684980062,0.0
5156,1,0,1,1,62,1,0,2,1,1,1,1,1,1,2,0,0,20.45,1297.35,0,3,0.015750760580737,0.0
560,0,0,0,0,45,1,2,1,2,2,0,0,0,2,1,0,0,96.75,4442.75,0,2,0.0217721518987341,0.0
5957,0,0,0,0,25,0,1,0,0,0,2,2,2,2,1,0,2,54.2,1423.15,0,2,0.0380577888565109,0.0
1761,1,0,0,0,44,1,0,1,0,0,2,2,2,2,2,0,0,100.1,4378.35,0,2,0.0228572733396508,0.0
2287,0,0,0,0,2,1,0,0,0,0,0,0,0,0,0,1,3,45.25,74.2,0,0,0.6017287234042553,0.0
4100,1,1,0,0,33,1,2,1,0,2,2,0,0,0,0,1,1,83.85,2716.3,1,2,0.0308578368233172,0.0
213,0,0,0,0,1,1,0,1,0,0,0,0,0,0,0,1,2,70.1,70.1,1,0,0.9859353023909986,841.1999999999999
6849,0,0,0,0,22,1,0,2,1,1,1,1,1,1,1,0,0,20.85,450.65,0,1,0.0461640650946529,0.0
2039,0,0,0,0,35,0,1,0,0,0,2,2,0,0,0,1,3,33.45,1175.85,0,2,0.0284233334749543,0.0
429,0,0,1,1,29,1,0,2,1,1,1,1,1,1,2,0,3,20.2,558.8,0,2,0.0360843158270811,0.0
4769,1,1,1,0,27,1,2,1,2,0,2,0,0,0,1,1,2,85.9,2220.1,0,2,0.0386745306379721,0.0
3231,1,0,0,1,54,1,0,0,0,2,2,2,0,0,1,1,2,61.0,3283.05,0,3,0.01857462584309,0.0
3027,0,1,0,0,2,1,0,1,0,0,0,0,0,0,0,1,2,70.65,142.35,1,0,0.4928496686431811,847.8000000000001
3269,1,0,0,0,57,1,2,1,0,0,0,0,2,0,1,1,2,86.9,4939.25,0,3,0.0175902029249531,0.0
604,1,0,0,0,62,1,2,0,2,2,2,2,0,0,2,0,0,69.4,4237.5,0,3,0.0163737171169045,0.0
3518,0,0,1,1,15,1,0,2,1,1,1,1,1,1,1,0,1,20.35,335.95,0,1,0.0603947173171093,0.0
2939,1,0,0,0,2,1,0,2,1,1,1,1,1,1,0,0,3,20.35,33.2,1,0,0.5950292397660819,244.20000000000002
5114,0,0,1,0,70,1,2,1,0,0,2,2,2,2,2,1,0,104.3,7188.5,0,3,0.0145072675429445,0.0
2816,0,0,1,1,21,1,0,0,0,0,0,0,0,0,0,1,2,44.95,926.25,0,1,0.0484766783499595,0.0
333,0,0,0,1,23,1,0,0,0,0,0,2,0,0,1,1,2,49.45,1119.35,0,1,0.0441379925916008,0.0
5263,1,0,0,0,6,1,0,2,1,1,1,1,1,1,1,0,3,20.6,116.6,0,0,0.1751700680272109,0.0
935,1,0,1,1,4,1,0,2,1,1,1,1,1,1,2,0,1,19.55,68.8,0,0,0.2800859598853868,0.0
4928,0,0,0,0,3,1,0,1,2,0,2,0,2,2,0,1,1,99.0,287.4,1,0,0.3432732316227462,0.0
2074,0,0,0,0,23,1,2,1,0,0,0,0,2,2,0,1,2,93.5,2341.55,0,1,0.0399137691831551,0.0
1934,1,0,0,0,26,0,1,0,2,0,0,2,2,2,1,0,1,54.55,1362.85,0,2,0.0399970671261502,0.0
1868,0,0,0,1,8,1,0,2,1,1,1,1,1,1,0,0,3,20.05,163.6,0,0,0.1218104495747266,0.0
2250,1,0,0,0,26,1,2,1,0,0,0,0,0,2,0,1,2,83.95,2254.2,1,2,0.0372250798155374,0.0
2386,1,0,0,0,2,1,2,1,0,2,0,0,0,0,0,1,2,79.45,145.15,0,0,0.5436195689360246,0.0
6378,1,0,0,0,67,1,2,1,2,2,2,2,2,2,2,0,1,116.2,7752.3,1,3,0.0149871667548011,1394.4
1736,0,0,1,0,71,1,2,1,0,0,0,0,2,2,2,1,0,93.7,6585.35,1,3,0.0142263924632004,1124.4
2001,0,0,0,0,59,1,2,0,2,2,2,2,0,2,1,0,1,79.85,4786.1,0,3,0.0166802448246328,0.0
212,1,0,1,1,39,1,2,1,0,0,2,0,2,2,1,0,2,100.0,3835.55,0,2,0.0260650845160365,0.0
5649,1,0,0,1,21,1,0,2,1,1,1,1,1,1,2,0,3,19.6,397.0,0,1,0.0492462311557789,0.0
4680,1,0,0,0,1,1,0,2,1,1,1,1,1,1,0,0,3,19.7,19.7,1,0,0.9516908212560388,236.39999999999998
4997,0,0,1,1,48,1,0,2,1,1,1,1,1,1,2,0,0,20.2,1027.25,0,2,0.0196450279601264,0.0
2825,0,1,1,0,31,0,1,0,2,2,2,0,0,2,1,1,1,50.4,1580.1,0,2,0.0318765416482196,0.0
586,0,0,1,1,64,1,2,1,2,2,2,2,2,2,1,0,2,113.35,7222.75,0,3,0.0156912960719847,0.0
5217,1,0,1,1,46,1,2,1,0,2,0,0,0,0,0,1,0,80.0,3769.7,0,2,0.0212162198000371,0.0
6706,0,0,0,0,52,1,2,0,0,0,2,2,2,2,2,1,0,80.95,4233.95,0,3,0.0191147475176802,0.0
2782,0,0,1,1,67,1,2,2,1,1,1,1,1,1,2,1,3,24.9,1680.25,0,3,0.014810408921933,0.0
5579,0,1,0,0,67,1,2,0,0,2,0,0,0,0,0,0,2,54.9,3725.5,0,3,0.0147323225546759,0.0
6507,0,0,0,0,5,1,2,1,0,0,0,0,0,0,0,0,2,75.55,413.65,1,0,0.182201856987821,906.5999999999999
4463,0,0,1,0,71,1,2,1,0,2,2,2,2,2,2,0,2,109.25,7707.7,0,3,0.0141722988311907,0.0
1896,0,0,0,0,9,1,0,1,0,0,0,0,2,0,0,1,0,77.65,714.15,1,0,0.1085786198699573,931.8000000000001
1097,0,1,0,0,26,1,2,1,2,2,0,0,0,2,0,1,2,95.0,2497.2,1,2,0.0380273797133936,0.0
103,1,0,0,0,71,1,2,1,2,2,2,2,2,2,1,1,0,116.3,8309.55,0,3,0.0139942603076812,0.0
2113,0,0,0,0,32,1,0,2,1,1,1,1,1,1,0,0,0,19.9,601.55,0,2,0.033026304870965,0.0
3855,0,0,0,0,2,1,0,1,0,0,0,0,0,0,0,0,2,70.35,139.25,0,0,0.5016042780748663,844.1999999999999
1467,0,0,1,0,71,1,2,2,1,1,1,1,1,1,2,0,1,25.6,1888.25,0,3,0.0135503506682545,0.0
4143,0,0,0,0,60,0,1,0,2,0,2,0,0,2,1,1,2,44.45,2773.9,0,3,0.0160185952646942,0.0
2202,0,1,0,0,55,1,2,1,0,0,2,0,2,2,1,1,2,100.15,5409.75,0,3,0.0185094487825162,1201.8000000000002
5012,1,0,0,0,54,1,0,1,2,2,0,2,2,2,1,1,1,105.4,5643.4,1,3,0.0186733753809085,0.0
519,1,0,0,0,2,1,0,1,0,0,2,0,2,2,0,1,2,95.85,197.7,1,0,0.4823855057876195,1150.1999999999998
6258,0,0,0,0,6,1,2,1,0,0,0,0,0,0,0,1,3,73.85,401.3,0,0,0.1835694755157842,0.0
4031,0,0,1,1,48,1,0,0,2,2,2,0,0,2,2,1,1,70.1,3238.4,0,2,0.0216398098413286,0.0
6309,1,0,1,1,63,1,2,2,1,1,1,1,1,1,2,0,3,25.25,1573.05,0,3,0.0160414218099806,0.0
5294,1,0,0,0,1,1,2,1,0,2,0,0,0,0,0,1,2,79.15,79.15,1,0,0.9875233936369308,949.8000000000001
370,1,0,0,1,12,1,0,2,1,1,1,1,1,1,0,0,1,21.05,235.8,0,0,0.088893581081081,0.0
6283,1,1,1,0,54,0,1,0,0,0,0,0,0,0,0,1,0,24.95,1364.75,0,3,0.0182683507230459,0.0
6239,0,0,1,1,30,1,0,0,0,0,2,2,2,0,1,1,2,64.5,1985.15,0,2,0.0324748886035797,0.0
1083,0,0,1,0,30,1,0,2,1,1,1,1,1,1,0,0,0,19.65,655.85,1,2,0.0299155058232473,235.79999999999998
6178,0,0,0,0,4,1,0,1,0,0,0,0,2,0,0,1,2,79.0,303.15,1,0,0.2597402597402597,948.0
476,0,0,0,0,40,1,2,1,0,0,2,2,2,2,1,1,1,105.95,4335.2,0,2,0.0244338360776716,0.0
3534,0,0,1,1,9,1,0,1,0,0,0,2,0,0,0,1,2,75.85,647.5,0,0,0.1169622205088666,910.1999999999999
3170,0,0,1,1,17,1,0,1,2,0,0,2,2,0,0,0,2,91.85,1574.45,1,1,0.0583008029451902,1102.1999999999998
2266,0,0,0,0,62,0,1,0,0,2,2,0,0,2,2,1,1,43.6,2748.7,0,3,0.015856275230025,0.0
2620,1,0,0,0,28,1,0,1,0,2,0,2,2,0,1,1,0,91.25,2483.65,0,2,0.0367254945364538,0.0
3284,0,0,0,0,70,1,2,0,2,2,2,2,2,2,2,0,1,89.75,6367.2,0,3,0.0140934644012436,0.0
4671,0,0,0,0,46,1,0,1,0,2,2,2,2,2,2,1,0,104.4,4904.2,0,2,0.0212835358395172,0.0
6980,0,0,1,0,23,1,2,1,0,0,2,0,0,2,0,0,3,90.15,2044.95,0,1,0.0440626603778196,0.0
1296,1,0,1,1,47,0,1,0,2,0,2,2,0,0,1,0,2,40.3,1794.8,0,2,0.0224412518097783,0.0
3053,1,0,1,1,68,1,0,1,2,2,2,0,2,2,2,1,0,105.25,7173.15,0,3,0.0146707275426357,0.0
6100,0,1,0,0,60,1,2,1,0,0,2,2,2,2,1,1,2,106.0,6441.4,1,3,0.0164534955917049,1272.0
2891,0,0,0,1,67,1,2,1,0,2,0,2,2,2,2,1,2,104.0,7039.05,0,3,0.0147726223535344,0.0
5526,0,0,0,0,14,1,0,0,0,0,0,2,2,2,0,1,2,69.65,921.4,0,1,0.075509540329575,0.0
6097,1,0,1,1,57,1,2,1,0,0,0,0,0,0,0,1,2,74.3,4018.35,0,3,0.0184855760259743,0.0
1857,0,0,1,1,55,1,2,1,2,0,0,0,2,2,1,0,3,100.9,5448.6,0,3,0.0185151203758074,0.0
1411,1,0,0,0,1,1,0,2,1,1,1,1,1,1,0,1,3,20.25,20.25,0,0,0.9529411764705882,0.0
5403,1,0,0,1,1,1,0,0,0,0,0,2,0,0,0,1,3,49.9,49.9,1,0,0.9803536345776032,0.0
2318,1,0,0,0,23,1,2,1,0,0,2,2,2,0,0,1,1,96.9,2085.45,0,1,0.0464425219871072,0.0
6553,0,0,0,0,13,1,2,1,2,0,0,0,2,2,0,1,2,100.35,1358.85,1,1,0.0737949038496893,1204.1999999999998
2355,1,0,1,0,47,1,2,1,0,2,2,0,2,2,0,1,2,104.1,5135.15,0,2,0.0202680996466224,0.0
616,1,0,0,0,38,1,0,2,1,1,1,1,1,1,1,0,3,20.1,730.1,0,2,0.027492819039803,0.0
6531,0,1,1,0,38,1,2,1,0,0,0,0,0,0,0,1,0,74.95,2869.85,1,2,0.0261072504658898,899.4000000000001
4284,0,1,0,0,2,1,2,0,0,2,0,0,0,0,0,1,1,56.55,118.25,0,0,0.4742138364779873,0.0
6797,1,1,1,1,1,1,0,0,0,0,0,2,0,0,0,1,1,49.25,49.25,1,0,0.9800995024875622,591.0
5472,1,0,1,0,15,1,0,1,0,0,0,0,0,0,0,1,0,68.6,1108.6,0,1,0.0618240807498197,0.0
695,0,0,0,0,26,1,0,1,0,0,0,0,0,0,0,1,1,69.05,1815.65,0,2,0.0380095230231469,0.0
2403,0,0,1,1,35,1,0,2,1,1,1,1,1,1,2,0,1,19.7,730.4,0,2,0.0269346458846048,0.0
2374,1,0,0,1,3,1,0,2,1,1,1,1,1,1,0,1,3,20.05,75.45,0,0,0.2622629169391759,0.0
1243,1,0,1,1,50,1,2,1,0,2,0,2,2,2,0,0,2,103.7,5071.05,1,3,0.0204453820447353,0.0
1611,1,0,1,0,42,1,2,1,2,0,2,0,0,2,0,1,2,94.4,4014.6,0,2,0.0235083175615101,0.0
6155,1,0,1,0,10,1,0,0,2,0,0,2,0,0,0,1,1,54.95,568.85,0,0,0.0964288847942441,0.0
2245,0,0,1,0,61,1,0,1,2,2,0,2,0,2,1,0,0,93.7,5860.7,0,3,0.0159851237695549,0.0
1305,0,0,0,0,68,1,2,1,2,2,0,2,2,2,2,0,1,110.25,7279.35,0,3,0.0151435027162155,0.0
2504,1,0,0,0,10,1,0,1,2,0,2,0,2,2,1,1,2,98.9,1064.95,0,0,0.092781087293025,0.0
5730,1,0,1,0,65,1,2,1,2,2,2,0,0,0,1,0,2,89.75,5769.6,1,3,0.0155529754271652,0.0
696,0,0,1,1,72,1,0,0,2,0,2,2,2,2,2,1,0,80.45,5886.85,0,3,0.0136637312431532,0.0
5079,1,0,1,1,55,1,0,1,0,2,0,2,0,0,0,0,2,79.4,4238.45,0,3,0.0187288445435139,0.0
5727,0,0,0,0,1,1,0,2,1,1,1,1,1,1,0,1,3,20.3,20.3,1,0,0.9530516431924884,0.0
3762,0,0,0,0,7,1,0,0,0,0,2,2,0,2,0,0,0,62.8,418.3,0,0,0.1497734319103267,0.0
4854,0,0,0,0,2,1,2,1,0,0,0,0,0,0,0,1,3,74.9,136.05,0,0,0.546515870120394,0.0
6195,0,0,0,0,9,1,0,1,2,0,0,0,0,0,0,1,2,74.85,708.2,0,0,0.1055414551607444,0.0
6831,1,0,0,1,27,1,2,2,1,1,1,1,1,1,2,1,1,25.85,788.55,0,2,0.0327401684503831,0.0
6269,1,1,1,0,7,1,2,1,0,0,2,0,2,2,0,1,2,101.95,700.85,1,0,0.1452589584669089,1223.4
1964,0,0,1,0,64,1,0,0,0,2,2,2,0,2,2,1,3,68.3,4378.8,0,3,0.0155943193753139,0.0
577,1,0,0,0,70,0,1,0,2,0,2,2,0,2,2,0,0,48.4,3442.8,0,3,0.0140542424066438,0.0
1873,1,1,0,0,2,1,2,1,0,0,0,0,2,2,0,1,2,94.0,181.7,1,0,0.514504652435687,1128.0
4781,1,1,0,0,67,1,0,1,2,2,0,2,2,2,2,1,2,105.05,7171.7,0,3,0.0146458098066279,0.0
1983,0,0,0,0,45,1,2,1,0,2,0,0,2,0,0,1,1,89.3,4016.85,1,2,0.0222258172903418,1071.6
1049,0,0,0,0,24,1,2,2,1,1,1,1,1,1,2,0,1,25.15,553.0,0,1,0.0453971119133574,0.0
4509,1,0,1,1,4,1,0,2,1,1,1,1,1,1,2,0,1,19.5,96.85,0,0,0.1992846193152785,0.0
644,1,0,1,1,44,1,0,1,0,0,2,0,2,2,0,1,0,92.95,4122.9,0,2,0.02253934382502,0.0
886,0,0,1,1,72,1,0,2,1,1,1,1,1,1,2,1,3,20.7,1482.3,0,3,0.0139553697835906,0.0
6960,0,0,0,0,1,1,0,1,0,2,0,0,0,0,0,1,1,74.3,74.3,1,0,0.9867197875166004,891.5999999999999
892,1,0,0,0,66,1,0,2,1,1,1,1,1,1,2,0,0,19.35,1240.8,0,3,0.015582219358995,0.0
5560,1,0,0,0,1,0,1,0,0,2,0,2,0,2,0,1,3,44.65,44.65,1,0,0.9780941949616648,535.8
435,1,0,1,1,13,1,0,1,2,0,0,0,0,2,0,0,2,84.05,1095.3,1,1,0.0766669707196935,1008.5999999999999
642,1,0,0,0,10,1,2,1,0,2,0,0,0,0,0,1,0,80.7,788.8,1,0,0.1021777665231704,968.4000000000001
1634,1,1,1,0,65,1,2,1,0,2,2,0,2,2,0,1,2,104.35,6578.55,0,3,0.0158597472471521,0.0
630,1,0,0,1,1,1,0,2,1,1,1,1,1,1,0,0,3,19.55,19.55,0,0,0.951338199513382,0.0
6062,1,0,1,1,38,1,0,0,2,2,2,2,2,0,1,0,2,74.05,2802.3,0,2,0.0264152962579816,0.0
1604,1,0,0,1,23,0,1,0,2,0,2,2,0,0,2,0,3,40.1,857.75,0,1,0.0466957787481805,0.0
1312,0,0,1,0,10,1,0,2,1,1,1,1,1,1,1,0,3,20.1,184.4,0,0,0.1084142394822006,0.0
482,1,0,0,1,4,1,2,1,0,2,0,0,2,2,0,1,2,101.7,364.55,1,0,0.2782109150594994,1220.4
4718,1,0,1,1,72,1,2,0,2,0,2,2,2,2,2,1,1,83.55,6093.3,0,3,0.0137095318576374,0.0
6938,0,0,1,0,35,1,0,0,0,2,0,2,0,0,0,0,2,56.85,1861.1,0,2,0.0305300467214435,0.0
1319,0,0,0,0,1,1,0,2,1,1,1,1,1,1,0,0,3,20.4,20.4,1,0,0.9532710280373832,244.79999999999998
2652,0,0,1,1,58,1,0,2,1,1,1,1,1,1,2,0,1,19.55,1079.65,0,3,0.018090963771804,0.0
4962,1,0,1,1,70,1,0,1,0,2,2,2,2,2,1,1,2,106.15,7475.1,0,3,0.0141985794732547,0.0
2805,1,0,1,1,38,1,2,0,0,2,2,0,2,2,1,0,1,78.95,2862.55,0,2,0.0275706727663215,0.0
2804,0,0,1,1,60,0,1,0,0,2,0,0,2,2,0,1,2,49.75,3069.45,0,3,0.0162028367177449,0.0
2415,1,0,0,0,26,1,2,1,2,2,0,0,2,0,0,1,1,92.4,2349.8,0,2,0.0393057682491066,0.0
1844,0,0,0,0,8,1,0,0,2,2,0,2,0,0,1,0,0,58.2,469.25,0,0,0.1237639553429027,0.0
2124,1,0,1,1,41,1,2,1,0,0,2,2,2,2,1,1,2,102.6,4213.35,1,2,0.024345391341488,1231.1999999999998
2063,0,1,1,0,36,1,2,1,0,2,0,0,2,0,0,1,1,91.95,3301.05,0,2,0.0278463378810133,0.0
5660,1,1,0,0,54,1,0,0,0,0,2,2,0,2,1,0,0,65.25,3529.95,0,3,0.0184794460414336,0.0
2276,1,0,1,1,71,1,2,1,0,2,2,0,2,2,2,1,0,106.0,7723.7,1,3,0.0137222157494789,1272.0
1425,0,0,0,0,55,1,2,1,0,0,0,0,0,0,0,1,2,73.1,4144.9,0,3,0.0176318772763453,0.0
5609,0,0,0,0,72,1,2,0,2,2,0,0,0,0,2,0,0,59.75,4265.0,0,3,0.0140060947022972,0.0
546,0,0,0,1,3,1,0,0,2,0,0,2,0,0,0,1,3,55.1,154.65,1,0,0.3539993575329264,661.2
6009,0,0,1,1,54,1,2,0,0,2,2,0,0,0,2,1,0,59.8,3246.45,0,3,0.0184144482594035,0.0
2275,1,0,1,1,72,1,2,1,2,2,2,2,2,2,2,1,0,116.6,8337.45,0,3,0.0139834141836912,0.0
983,1,0,0,0,52,1,2,1,2,0,2,2,2,2,2,1,2,109.3,5731.4,0,3,0.0190670574279533,0.0
3753,0,1,0,0,60,1,2,1,2,0,0,0,2,2,1,1,0,101.4,6176.6,0,3,0.0164141414141414,0.0
3096,0,0,0,0,39,0,1,0,0,0,2,0,2,2,0,1,1,50.65,1905.4,0,2,0.0265684011749895,0.0
4771,0,0,0,0,15,1,0,0,0,0,0,0,2,0,1,0,3,56.15,931.9,0,1,0.0601886590202594,0.0
4062,1,0,0,0,69,1,2,1,0,0,2,2,2,2,2,1,0,106.5,7348.8,1,3,0.0144901902092573,1278.0
2548,1,0,1,1,43,1,0,2,1,1,1,1,1,1,1,1,3,19.2,776.25,0,2,0.0247024766806046,0.0
4327,0,1,0,0,63,1,2,0,2,2,2,2,2,0,1,0,0,83.0,5243.05,0,3,0.0158274615993363,0.0
3598,1,1,1,0,2,1,0,1,0,0,0,0,0,0,0,0,2,70.1,141.65,0,0,0.4914125481948825,841.1999999999999
4616,0,0,1,1,72,1,0,1,2,2,2,2,2,2,2,1,0,108.3,7679.65,0,3,0.0141003691093852,0.0
5485,0,0,1,1,32,1,2,1,0,0,2,0,0,2,0,1,0,91.05,2954.5,1,2,0.0308069700558281,1092.6
2421,1,0,1,1,40,1,2,2,1,1,1,1,1,1,2,0,1,25.25,1006.9,0,2,0.0250520885008433,0.0
5840,0,0,1,0,58,0,1,0,2,2,0,0,2,0,1,1,2,45.35,2540.1,0,3,0.0178466018653339,0.0
6757,1,0,0,0,67,0,1,0,2,0,0,2,2,0,2,0,2,43.9,3097.2,0,3,0.01416951778452,0.0
6870,0,1,1,0,51,1,2,1,2,0,0,0,0,0,0,1,2,77.5,3807.35,1,3,0.0203500203500203,930.0
1709,1,0,1,0,31,1,2,0,0,0,2,2,2,2,1,1,3,79.3,2484.0,0,2,0.0319114688128772,0.0
2711,1,1,1,0,69,1,2,1,2,2,0,0,0,0,0,1,1,84.9,5785.65,0,3,0.0146717012433791,0.0
979,1,0,1,0,32,1,2,1,0,0,0,2,0,0,1,1,2,79.25,2619.15,0,2,0.0302463599412247,0.0
2086,0,0,0,0,21,1,0,0,2,2,0,2,2,0,2,0,1,71.05,1524.85,0,1,0.0465642101123963,0.0
6109,1,0,0,0,52,1,0,0,2,0,2,0,0,0,1,0,2,53.75,2790.65,0,3,0.0192538462916196,0.0
322,0,0,1,1,72,1,2,2,1,1,1,1,1,1,2,0,1,24.25,1784.5,0,3,0.0135816297955754,0.0
4275,0,0,1,0,72,0,1,0,0,2,2,0,2,2,2,1,2,54.2,3937.45,1,3,0.0137617590676535,0.0
6850,1,0,1,1,52,0,1,0,2,0,2,0,0,2,1,0,0,44.25,2276.1,0,3,0.0194326116551754,0.0
2752,0,0,0,0,41,1,0,0,0,0,0,2,0,0,1,0,0,50.05,2029.05,0,2,0.0246545651584936,0.0
4254,1,0,0,0,41,1,0,2,1,1,1,1,1,1,2,0,3,20.15,802.35,0,2,0.0250824671687309,0.0
1407,0,0,0,0,6,1,0,1,0,0,0,0,0,0,0,1,3,69.25,418.4,1,0,0.1651168335717692,0.0
4477,1,0,1,1,67,1,2,0,2,2,2,2,0,0,1,1,1,69.35,4653.25,0,3,0.0149003598861255,0.0
1422,0,0,1,1,16,1,0,2,1,1,1,1,1,1,0,0,3,19.35,275.9,0,1,0.0698808234019501,0.0
2281,1,0,0,0,17,1,0,2,1,1,1,1,1,1,2,0,3,19.15,343.45,0,1,0.055595877485847,0.0
5835,1,0,1,0,35,1,0,0,2,2,2,0,0,0,0,0,3,61.0,2130.45,0,2,0.0286190152243777,0.0
1610,0,0,1,1,58,1,0,2,1,1,1,1,1,1,2,0,1,20.5,1191.4,0,3,0.0171922173767192,0.0
4673,1,0,0,0,1,1,0,0,0,0,2,0,0,0,0,1,2,50.5,50.5,1,0,0.9805825242718448,606.0
183,1,0,1,1,52,0,1,0,0,2,2,2,2,0,2,0,3,50.2,2554.0,0,3,0.0196477495107632,0.0
5341,0,0,0,0,70,1,0,0,2,0,2,2,2,2,2,0,0,79.6,5589.45,0,3,0.0142385675571733,0.0
2084,0,0,1,1,19,1,2,2,1,1,1,1,1,1,2,1,0,24.9,467.7,0,1,0.0531256667377853,0.0
2477,1,1,0,0,1,1,2,1,0,0,0,0,0,0,0,1,2,74.4,74.4,1,0,0.986737400530504,892.8000000000001
6445,0,0,1,1,35,1,0,1,2,0,2,2,2,2,0,1,2,106.9,3756.45,0,2,0.0284501457105217,0.0
1931,0,0,0,0,32,1,2,1,0,0,2,0,2,2,0,1,2,101.35,3334.9,0,2,0.0303816061632542,1216.1999999999998
3578,0,0,1,1,17,1,0,0,2,0,0,2,0,0,0,1,1,55.35,920.5,0,1,0.0600651112316874,0.0
154,0,0,1,1,67,1,0,0,0,2,0,0,0,0,1,0,1,50.55,3431.75,0,3,0.0147258029276818,0.0
5478,0,0,0,0,9,1,0,2,1,1,1,1,1,1,0,0,0,19.5,150.35,0,0,0.1288404360753221,0.0
4459,1,0,0,1,31,1,2,0,0,2,0,2,2,2,1,1,3,79.45,2587.7,1,2,0.0306910804650983,0.0
3788,1,0,0,0,4,1,2,1,2,0,0,0,2,0,0,0,2,90.65,367.95,0,0,0.2456972489497222,0.0
1495,1,1,1,1,58,1,2,1,2,2,0,2,0,0,1,1,0,89.85,5125.75,0,3,0.0175257229238796,0.0
6203,1,0,0,0,60,1,0,0,2,0,2,2,2,2,1,0,3,79.0,4801.1,0,3,0.0164511359613502,0.0
2573,1,0,0,0,58,1,2,1,0,0,2,2,2,2,1,1,2,104.65,6219.6,1,3,0.016823136031894,1255.8000000000002
5380,1,0,0,0,1,1,0,2,1,1,1,1,1,1,0,0,3,19.55,19.55,0,0,0.951338199513382,0.0
3204,0,0,1,1,27,1,0,2,1,1,1,1,1,1,2,0,3,19.9,550.1,0,2,0.0361095989838504,0.0
3423,1,1,1,1,66,1,2,1,2,2,2,2,2,2,1,1,2,116.25,7862.25,0,3,0.0147839633739229,0.0
6698,1,0,0,0,15,1,2,1,2,0,0,0,2,0,0,1,0,87.75,1242.2,0,1,0.0705839768339768,0.0
6087,1,1,1,0,47,1,2,1,0,0,2,0,2,2,0,1,2,100.05,4871.05,1,2,0.0205355035354727,1200.6
1829,0,0,0,0,41,1,2,1,2,0,0,0,0,0,0,1,1,81.3,3190.65,0,2,0.0254727178732003,0.0
1699,1,0,1,0,59,0,1,0,0,0,0,0,2,2,0,1,2,44.3,2666.75,0,3,0.016605753912473,0.0
6471,0,0,0,1,50,1,0,1,0,0,0,0,0,0,2,0,1,70.35,3533.6,0,3,0.0199032422339161,0.0
1522,1,0,1,1,17,0,1,0,2,0,2,0,2,0,1,0,1,44.45,792.15,0,1,0.0560423627308831,0.0
6786,1,0,1,1,6,1,0,0,2,0,0,0,0,0,0,1,2,49.15,295.65,0,0,0.1656834653632226,0.0
2272,1,1,1,0,51,0,1,0,0,2,0,0,0,0,0,1,1,29.45,1459.35,0,3,0.0201663984661211,0.0
6184,1,0,0,0,44,1,0,1,0,2,0,2,2,2,0,0,2,100.55,4398.15,1,2,0.0228566882238614,1206.6
282,1,0,1,0,49,1,0,1,0,2,0,0,2,0,0,1,1,85.3,4297.95,0,3,0.0198420544551576,0.0
5959,1,0,0,0,2,1,0,1,0,2,0,0,2,2,0,0,2,95.65,167.3,1,0,0.5683303624480095,1147.8000000000002
595,1,0,1,0,59,1,2,0,2,0,0,2,0,2,1,1,3,69.1,4096.9,0,3,0.0168622953219941,0.0
3310,1,1,0,0,50,1,2,0,2,2,0,0,2,0,0,1,0,70.35,3454.6,0,3,0.0203582590577613,0.0
5786,0,0,1,1,59,1,0,2,1,1,1,1,1,1,2,0,3,20.6,1286.0,0,3,0.016006216006216,0.0
2156,1,0,0,0,18,1,2,1,0,0,0,0,0,0,0,0,3,74.15,1387.0,0,1,0.0534221902017291,0.0
6666,1,0,0,0,10,1,2,1,0,0,0,0,0,0,0,0,2,75.05,786.3,0,0,0.0953257970278165,0.0
1776,1,0,1,0,14,1,0,0,0,0,0,0,0,0,1,0,2,44.6,641.25,0,1,0.0694433631763332,0.0
5626,1,0,0,0,35,1,0,2,1,1,1,1,1,1,2,0,0,21.45,705.45,0,2,0.0303630830207374,0.0
3158,1,0,1,1,8,1,0,0,0,0,0,0,0,0,1,1,3,43.45,345.5,0,0,0.1253968253968254,0.0
584,1,0,1,1,18,1,0,2,1,1,1,1,1,1,1,0,0,20.05,345.9,0,1,0.0577976362063995,0.0
788,0,0,1,1,60,1,2,1,2,2,0,0,2,0,1,0,0,94.15,5811.8,0,3,0.0161970134874759,0.0
6490,0,0,0,0,1,1,0,1,0,0,2,0,2,2,0,0,2,94.4,94.4,1,0,0.989517819706499,1132.8000000000002
5106,0,0,0,0,6,1,0,2,1,1,1,1,1,1,2,0,3,19.55,124.45,0,0,0.1558389796731765,0.0
3867,0,0,0,1,19,1,2,0,2,2,0,2,2,0,0,1,3,75.9,1375.6,0,1,0.0551358419293912,0.0
808,1,0,1,1,53,1,2,0,2,2,0,2,0,0,1,0,0,64.15,3491.55,0,3,0.0183676683225723,0.0
2448,1,1,1,0,72,1,2,1,2,2,2,0,2,2,2,1,0,109.55,7920.7,0,3,0.0138291023391443,0.0
6554,0,0,1,0,60,1,2,1,0,2,2,2,2,2,2,1,1,110.8,6640.7,0,3,0.0166824758721411,0.0
3032,0,0,0,0,1,1,0,0,0,0,0,0,2,0,0,1,1,55.0,55.0,1,0,0.9821428571428572,660.0
640,0,0,0,1,13,1,0,0,0,0,2,2,0,0,0,0,3,53.45,718.1,0,1,0.0743290223890974,0.0
6594,0,0,1,1,5,1,0,1,0,0,0,0,0,0,0,0,1,69.95,320.4,0,0,0.2176415681393902,0.0
3845,1,0,0,0,1,1,2,1,0,0,2,0,2,2,0,1,2,101.45,101.45,1,0,0.990239141044412,1217.4
2542,1,0,1,1,13,1,0,1,0,0,2,0,2,2,0,0,2,97.0,1334.45,0,1,0.072634692425774,0.0
2015,1,0,0,0,37,1,2,0,2,2,2,2,2,2,1,1,0,90.6,3358.65,0,2,0.0269670947866593,0.0
4183,1,0,1,0,64,1,0,1,2,0,0,0,0,0,0,1,3,73.55,4764.0,0,3,0.0154354669464847,0.0
1424,0,0,1,0,5,1,2,0,0,0,2,2,2,0,0,0,0,67.95,350.3,1,0,0.1934244235695986,815.4000000000001
4250,0,0,1,0,61,1,2,1,0,2,0,2,0,2,2,1,0,94.35,5703.0,0,3,0.0165410238429172,0.0
332,0,0,0,0,1,1,0,1,0,0,0,0,0,0,0,1,2,69.5,69.5,1,0,0.9858156028368794,834.0
6549,1,0,0,0,1,1,0,2,1,1,1,1,1,1,0,1,3,18.85,18.85,1,0,0.9496221662468514,226.20000000000002
2796,1,0,0,0,26,1,0,2,1,1,1,1,1,1,1,0,3,19.4,525.55,0,2,0.0368436045959548,0.0
6836,0,0,0,0,1,1,0,1,0,0,0,0,0,0,0,1,2,69.2,69.2,1,0,0.9857549857549858,830.4000000000001
6712,1,0,1,0,24,1,0,2,1,1,1,1,1,1,2,0,3,19.75,483.15,0,1,0.0407931426210885,0.0
4649,1,0,1,0,17,0,1,0,0,0,2,2,2,2,1,0,2,54.6,934.8,0,1,0.0583458003846975,0.0
3004,0,0,0,1,26,0,1,0,0,0,2,0,0,0,0,1,3,29.8,786.5,0,2,0.0378412698412698,0.0
5151,1,0,0,0,1,1,0,1,0,0,0,0,0,0,0,1,2,69.65,69.65,1,0,0.9858457183297948,835.8000000000001
1695,1,1,1,0,40,1,2,1,2,0,0,0,2,2,0,0,2,101.85,4086.3,1,2,0.0249186504538448,1222.1999999999998
2841,1,0,0,0,52,1,2,1,0,2,2,0,2,2,0,1,2,103.05,5364.8,0,3,0.0192049647769204,1236.6
508,0,0,0,0,1,1,0,1,0,2,2,0,0,0,0,1,2,82.3,82.3,1,0,0.9879951980792316,987.5999999999999
1841,1,0,0,0,1,1,0,2,1,1,1,1,1,1,0,0,3,20.3,20.3,0,0,0.9530516431924884,0.0
6499,0,0,0,0,21,0,1,0,2,0,0,2,0,0,2,0,3,35.1,770.4,0,1,0.0455016852476017,0.0
3329,0,0,1,0,67,1,2,1,0,2,2,0,2,2,1,1,0,105.7,6816.95,0,3,0.015503193775255,0.0
4318,0,0,1,1,44,1,0,0,2,0,0,2,0,0,0,0,0,56.25,2419.55,0,2,0.0232385201710355,0.0
5515,1,0,1,1,70,0,1,0,0,2,2,2,2,2,1,0,2,60.35,4138.7,0,3,0.0145783510882431,0.0
4320,1,0,0,0,3,1,0,1,0,0,0,0,2,0,0,0,2,79.25,267.6,1,0,0.295048399106478,951.0
4983,1,0,1,1,56,1,0,0,2,2,2,0,0,0,2,1,0,59.8,3457.45,0,3,0.0172909829547918,0.0
4156,0,0,0,0,13,1,2,1,0,0,0,0,0,2,0,1,2,84.6,1115.2,1,1,0.0757928686615301,1015.1999999999999
4044,0,0,1,1,58,1,2,1,2,2,0,0,0,2,0,1,0,93.4,5435.6,1,3,0.0171798550564691,0.0
6135,0,0,1,1,42,1,2,1,0,0,0,0,2,2,0,1,2,94.2,4186.3,1,2,0.0224965968523869,1130.4
414,1,1,1,0,1,0,1,0,0,0,0,0,0,0,0,0,2,25.05,25.05,1,0,0.961612284069098,300.6
387,0,0,1,1,46,1,2,1,2,0,2,2,0,2,2,0,3,99.65,4630.2,0,2,0.0215171013992053,0.0
3614,0,0,1,1,63,1,0,0,2,0,0,0,0,0,2,1,0,50.65,3221.25,0,3,0.0157188300100861,0.0
934,1,0,0,0,11,1,0,0,0,2,2,2,0,0,0,1,2,60.9,688.5,0,0,0.0883248730964467,0.0
1216,1,0,1,1,15,1,2,0,0,0,2,2,0,0,0,1,0,59.65,867.1,0,1,0.0687132818799677,0.0
4361,1,0,1,0,72,0,1,0,2,2,2,2,2,2,2,1,2,64.7,4746.05,0,3,0.0136295172791523,0.0
4979,0,0,0,0,29,0,1,0,0,0,0,0,0,0,0,1,1,25.1,712.85,1,2,0.0351614484835749,0.0
4871,1,0,0,1,1,1,0,0,0,0,2,0,0,0,0,0,2,48.95,48.95,1,0,0.97997997997998,587.4000000000001
6555,0,0,1,1,6,1,0,0,0,0,0,0,2,0,0,0,2,54.85,355.1,0,0,0.1540297669194046,0.0
1318,1,0,0,0,1,1,0,0,0,0,0,0,0,0,0,0,2,45.3,45.3,1,0,0.978401727861771,543.5999999999999
2924,1,0,1,1,63,1,2,1,0,2,0,0,0,2,1,1,2,91.35,5764.7,0,3,0.0158436963421614,0.0
127,1,0,0,0,2,1,0,1,0,0,2,0,0,2,0,1,2,85.85,167.3,1,0,0.51010101010101,1030.1999999999998
747,0,0,1,1,18,1,2,2,1,1,1,1,1,1,2,0,3,25.1,428.45,0,1,0.0584468506228897,0.0
5126,0,0,1,0,43,0,1,0,2,0,0,2,0,0,0,0,0,34.0,1505.35,0,2,0.0225711156105818,0.0
1954,0,0,0,0,15,0,1,0,2,2,2,2,0,0,1,0,3,45.9,693.45,0,1,0.0660954712362301,0.0
1895,1,0,0,1,10,1,2,1,0,0,0,0,2,2,0,0,2,95.2,930.4,1,0,0.102211724286021,1142.4
1650,1,0,1,1,55,1,0,2,1,1,1,1,1,1,2,0,3,20.5,1177.95,0,3,0.0173883540438525,0.0
2225,1,0,0,1,49,1,2,1,0,0,0,2,2,2,1,1,0,100.6,5069.65,1,3,0.0198396655261159,1207.1999999999998
5335,1,0,1,1,6,1,0,0,0,2,2,0,0,0,0,1,3,55.3,324.25,1,0,0.1700230591852421,663.5999999999999
3490,1,0,1,1,70,1,0,2,1,1,1,1,1,1,2,0,1,20.35,1458.1,0,3,0.0139469536015351,0.0
5130,1,1,0,0,2,1,2,1,0,0,0,0,0,0,0,1,3,74.85,156.4,1,0,0.4755400254129605,898.1999999999999
137,1,1,1,0,63,0,1,0,2,0,0,2,0,0,1,0,0,36.1,2298.9,0,3,0.0156963346232444,0.0
3466,0,0,0,0,25,1,0,0,0,2,0,2,0,2,0,1,0,65.8,1679.65,0,2,0.0391515187576235,0.0
1195,0,1,0,0,18,1,0,2,1,1,1,1,1,1,1,0,0,20.35,369.6,0,1,0.0549109552077711,0.0
761,1,1,1,0,28,1,2,1,0,2,0,2,2,2,0,1,2,105.8,2998.0,0,2,0.0352784261420473,0.0
3674,0,1,0,0,53,1,0,1,2,2,0,2,0,2,1,1,3,96.75,5206.55,0,3,0.0185787942506552,0.0
355,1,0,0,0,35,1,0,1,0,2,2,0,2,2,1,1,0,102.35,3626.1,1,2,0.0282181357006975,1228.1999999999998
2396,1,0,0,0,1,0,1,0,0,0,0,0,0,0,0,0,3,24.4,24.4,0,0,0.9606299212598424,0.0
993,1,0,1,0,70,1,2,1,2,2,2,2,2,2,1,0,1,115.65,7968.85,1,3,0.0145109380979566,0.0
4046,1,0,0,0,2,1,0,1,0,0,2,2,0,0,0,1,2,79.85,152.45,1,0,0.5203649397197785,958.1999999999999
4204,0,0,1,0,26,1,0,0,0,2,0,2,2,2,0,1,2,73.05,1959.5,0,2,0.0372609028309104,0.0
3687,0,0,0,0,34,1,0,0,2,2,0,0,0,2,1,0,2,64.35,2053.05,0,2,0.0313283513059565,0.0
1118,0,0,0,1,19,1,0,2,1,1,1,1,1,1,2,0,3,20.5,398.55,0,1,0.0513077211863346,0.0
2309,1,0,0,0,15,1,2,1,0,0,0,0,0,0,0,1,3,76.0,1130.85,1,1,0.0671467067190882,912.0
5706,0,0,1,1,62,1,0,0,2,0,2,0,0,0,1,0,1,54.75,3425.35,0,3,0.0159791031272345,0.0
4721,0,1,0,0,42,1,2,1,0,2,2,0,2,2,0,1,0,104.75,4323.45,1,2,0.0242227335268068,1257.0
1043,0,0,0,0,9,1,0,0,2,2,0,0,2,2,0,1,2,74.65,703.55,1,0,0.105954155134483,895.8000000000001
6917,1,0,0,0,24,1,0,0,2,0,0,0,0,0,0,1,2,51.15,1275.7,0,1,0.0400642280880394,0.0
2741,1,1,1,0,68,0,1,0,2,2,2,0,0,0,2,1,2,41.95,2965.75,0,3,0.0141400522457234,0.0
3522,1,0,1,1,31,1,0,0,0,0,2,2,0,0,0,0,3,54.35,1647.0,0,2,0.0329793689320388,0.0
4170,0,0,0,0,1,1,0,0,0,0,0,0,0,2,0,1,2,56.25,56.25,1,0,0.982532751091703,675.0
901,1,0,1,0,21,1,2,1,0,0,2,2,2,2,0,1,2,106.1,2249.95,1,1,0.0471356538350474,1273.1999999999998
4773,0,0,1,0,63,1,0,1,0,2,0,0,2,2,1,1,2,96.0,6109.75,0,3,0.0157100192284089,0.0
6548,0,1,0,0,2,1,0,1,0,0,0,0,0,2,0,1,0,79.75,159.4,1,0,0.4971945137157107,957.0
3441,0,0,1,1,61,0,1,0,0,2,2,2,2,2,2,1,0,61.45,3751.15,0,3,0.0163772770278373,0.0
1969,0,0,0,0,1,1,0,1,0,0,0,0,0,0,0,0,2,68.65,68.65,1,0,0.9856424982053122,823.8000000000001
6323,1,0,0,0,18,1,0,2,1,1,1,1,1,1,1,0,3,19.65,411.25,0,1,0.0476652516676773,0.0
449,0,0,1,1,6,1,0,2,1,1,1,1,1,1,1,0,1,19.0,105.5,0,0,0.1784037558685446,0.0
6136,0,0,0,0,33,1,2,1,0,2,0,0,2,2,0,1,2,100.0,3320.6,0,2,0.0301059730250481,0.0
3122,1,0,0,0,16,1,0,2,1,1,1,1,1,1,0,0,0,20.25,327.45,1,1,0.0616532196681382,243.0
981,0,0,1,0,56,1,0,1,0,0,2,2,2,2,0,1,2,98.7,5669.5,0,3,0.017405872498016,0.0
6895,1,0,0,1,23,1,0,2,1,1,1,1,1,1,1,0,3,19.8,465.45,0,1,0.0424482795583663,0.0
4483,1,0,0,0,9,1,0,1,0,0,2,0,0,0,0,1,2,73.8,704.3,0,0,0.1046363249680986,0.0
2523,0,1,1,0,14,1,2,1,0,2,0,0,2,2,0,1,2,100.2,1369.8,1,1,0.0730960023344032,1202.4
4895,1,0,1,1,15,1,2,1,0,0,0,0,0,0,0,1,0,74.9,1107.25,1,1,0.0675840288743514,898.8000000000001
1461,1,0,0,0,5,1,0,2,1,1,1,1,1,1,0,0,1,20.05,95.55,0,0,0.2076644225789746,0.0
1059,1,0,1,0,61,1,2,1,2,2,0,0,2,2,0,1,2,106.2,6375.2,0,3,0.0166556883410181,0.0
2664,1,0,1,1,70,1,2,1,2,2,2,2,2,2,2,1,1,116.55,8152.3,0,3,0.0142948254081169,0.0
4399,1,0,0,0,15,1,2,1,2,0,0,0,2,2,0,1,2,99.7,1566.75,0,1,0.0635943230744697,1196.4
3993,1,0,1,1,8,1,0,2,1,1,1,1,1,1,2,0,3,19.7,130.25,0,0,0.1500952380952381,0.0
1517,0,0,1,1,8,1,0,2,1,1,1,1,1,1,2,0,3,19.5,162.15,0,0,0.1195219123505976,0.0
6772,0,0,0,0,4,0,1,0,2,0,0,0,0,0,0,1,3,29.15,110.05,0,0,0.2624943719045475,0.0
1479,0,0,0,0,34,1,0,0,2,2,0,0,0,0,1,0,3,55.0,1885.15,0,2,0.0291599289558094,0.0
4430,1,0,1,0,68,1,2,0,2,2,2,2,2,2,2,1,1,90.8,6302.85,0,3,0.01440389603179,0.0
749,0,0,1,1,45,0,1,0,0,2,2,2,0,2,1,0,0,51.0,2264.5,0,2,0.0225115868461708,0.0
4941,0,1,0,0,9,1,2,1,0,0,2,0,2,0,0,1,2,90.1,816.8,0,0,0.1101736365859623,1081.1999999999998
2065,0,0,0,0,22,1,2,0,2,0,0,2,0,0,0,1,3,59.05,1253.5,0,1,0.0470705460342766,0.0
1606,0,0,0,0,2,1,0,2,1,1,1,1,1,1,0,0,3,20.3,41.2,0,0,0.481042654028436,0.0
4926,1,0,1,0,70,1,2,0,0,2,2,2,2,0,2,0,0,72.95,5265.55,0,3,0.0138515726614197,0.0
2734,0,0,0,1,10,1,2,0,2,0,2,2,0,2,1,0,1,73.55,693.3,0,0,0.10593403427913,0.0
2761,1,0,0,0,72,1,2,0,2,0,2,2,2,2,2,0,1,84.3,5997.1,0,3,0.0140544505760157,0.0
5459,0,0,1,1,49,1,0,0,0,2,2,0,2,2,1,0,1,78.0,3824.2,0,3,0.0203910906619261,0.0
1682,0,1,0,0,54,1,2,0,0,2,0,2,2,0,1,0,3,72.1,3886.05,0,3,0.0185487709188201,0.0
6719,0,0,0,0,71,1,2,1,2,2,2,0,2,2,2,1,1,106.75,7283.25,0,3,0.0146549061330953,0.0
6761,0,0,0,0,22,1,0,2,1,1,1,1,1,1,1,1,3,19.25,412.55,0,1,0.046548180389312,0.0
4484,0,0,1,1,50,1,0,2,1,1,1,1,1,1,2,0,1,20.55,1070.25,0,3,0.0191831971995332,0.0
3489,0,0,1,1,43,1,0,2,1,1,1,1,1,1,1,0,3,20.0,817.95,0,2,0.0244215153550277,0.0
4824,0,0,1,1,45,1,2,2,1,1,1,1,1,1,2,1,1,24.65,1171.3,0,2,0.0210270408598481,0.0
5257,1,1,0,0,64,1,2,1,2,2,0,0,2,2,0,1,0,103.5,6548.65,0,3,0.0158023711190674,0.0
2358,0,0,1,1,23,1,2,2,1,1,1,1,1,1,2,0,3,23.85,625.65,0,1,0.0380595228596505,0.0
2173,0,0,1,0,68,1,2,2,1,1,1,1,1,1,2,0,1,25.8,1911.5,0,3,0.0134901960784313,0.0
699,0,0,0,0,1,1,0,1,0,0,0,0,0,0,0,1,2,70.85,70.85,1,0,0.9860821155184412,850.1999999999999
4114,1,0,0,0,2,1,0,1,0,0,0,0,0,0,0,1,1,69.8,134.7,1,0,0.5143699336772292,837.5999999999999
2238,1,0,0,0,26,1,0,0,0,0,0,2,2,0,1,0,1,59.45,1507.0,0,2,0.0394230769230769,0.0
3283,1,0,1,0,55,0,1,0,0,0,2,2,2,2,0,1,0,54.55,2978.3,1,3,0.0183096700567247,654.5999999999999
5898,1,0,0,0,14,1,0,2,1,1,1,1,1,1,0,1,2,20.05,299.3,0,1,0.0667665667665667,0.0
4040,1,0,1,0,71,1,0,0,2,0,2,2,2,2,2,1,2,82.55,5832.65,0,3,0.0141506603927215,0.0
50,1,0,0,0,64,1,2,0,2,2,2,2,2,0,1,0,2,81.25,5567.55,0,3,0.0145908719505077,0.0
6485,0,0,0,0,7,1,0,0,0,0,0,2,2,2,0,1,1,70.75,450.8,1,0,0.1565958388667552,849.0
4364,0,0,0,0,57,1,0,0,2,2,2,2,2,0,2,1,1,74.3,4166.35,0,3,0.0178290760315308,0.0
21,0,0,1,0,13,1,2,1,0,2,2,0,2,0,0,0,2,94.1,1215.6,1,1,0.0773467039289824,1129.1999999999998
3196,0,0,1,1,3,0,1,0,2,0,0,0,0,0,0,0,1,29.7,91.7,1,0,0.3203883495145631,356.4
3454,1,1,1,0,72,1,2,1,0,2,2,2,2,2,2,0,1,109.7,7898.45,0,3,0.0138870427688003,0.0
3248,0,0,1,1,40,1,2,1,0,2,2,0,2,0,0,1,1,96.35,3915.4,0,2,0.02460167500766,0.0
1546,1,0,1,0,14,1,2,0,0,0,0,2,2,0,0,1,1,66.6,979.5,0,1,0.0679245283018867,0.0
5479,1,0,1,1,2,1,0,0,0,0,0,0,0,0,0,1,2,44.5,90.05,0,0,0.4887424492037342,0.0
5408,1,1,0,0,66,1,2,1,0,2,2,2,2,2,1,0,1,110.9,7432.05,1,3,0.0149198512050907,0.0
4613,0,0,1,0,38,1,2,1,0,0,2,2,2,2,0,1,2,105.0,4026.4,1,2,0.0260714108357749,1260.0
5136,1,0,0,1,1,0,1,0,0,0,0,0,0,0,0,1,2,25.3,25.3,1,0,0.9619771863117872,303.6
3184,1,0,0,0,22,1,0,0,0,2,0,2,0,0,1,1,1,55.15,1193.05,1,1,0.0461873455885431,0.0
680,1,0,0,0,1,1,0,2,1,1,1,1,1,1,0,1,3,20.1,20.1,1,0,0.95260663507109,241.20000000000002
6815,1,0,0,0,5,1,0,1,0,0,0,0,2,0,0,1,3,80.1,398.55,0,0,0.2004755349768489,0.0
6123,1,0,1,1,29,1,2,0,2,0,0,2,2,0,1,0,0,69.05,1958.45,0,2,0.0352394804664574,0.0
720,1,0,1,1,1,1,0,1,0,0,0,0,0,0,0,1,3,69.9,69.9,1,0,0.9858956276445698,838.8000000000001
6867,0,0,0,0,3,1,0,2,1,1,1,1,1,1,0,0,3,20.4,63.15,0,0,0.3180046765393608,0.0
2861,1,0,1,1,71,1,0,2,1,1,1,1,1,1,2,0,1,19.7,1301.1,0,3,0.0151294063435988,0.0
5914,1,0,0,1,9,1,0,0,0,2,0,0,0,0,0,1,2,50.1,484.05,0,0,0.1032883207916709,0.0
6749,1,0,0,0,43,1,2,1,0,2,0,0,2,2,0,1,2,101.4,4528.0,1,2,0.0223890483550452,1216.8000000000002
6231,0,0,0,0,48,1,2,0,2,2,2,0,2,2,1,1,1,83.45,3887.85,0,2,0.0214587860164315,0.0
5951,1,0,0,0,26,1,2,1,2,2,0,0,0,0,0,1,1,86.65,2208.75,0,2,0.0392125806086661,0.0
1913,0,0,0,0,9,1,0,2,1,1,1,1,1,1,0,0,0,20.15,238.15,0,0,0.0842567426301484,0.0
4566,1,0,0,0,1,1,0,1,0,0,0,0,0,2,0,1,2,80.8,80.8,1,0,0.9877750611246944,969.5999999999999
4796,0,0,1,1,46,1,0,2,1,1,1,1,1,1,2,0,1,19.4,958.15,0,2,0.0202262419850909,0.0
3253,1,0,0,0,2,1,2,0,0,0,0,0,0,2,0,0,0,62.05,118.3,1,0,0.5201173512154232,744.5999999999999
6505,1,1,0,0,1,1,2,1,0,0,0,0,0,0,0,1,2,76.45,76.45,1,0,0.987088444157521,917.4000000000001
6957,1,0,1,1,64,0,1,0,2,0,2,2,2,2,2,1,0,60.05,3845.45,0,3,0.0156117978915623,0.0
2365,0,1,0,0,12,1,2,1,0,2,0,0,2,0,0,1,2,91.3,1094.5,1,0,0.0833409402099498,1095.6
2316,1,1,1,0,6,1,0,1,0,0,2,0,2,2,0,1,2,95.75,573.75,1,0,0.1665941713788603,1149.0
728,0,0,1,0,59,1,0,2,1,1,1,1,1,1,1,0,3,20.35,1267.0,0,3,0.0160488958990536,0.0
7024,0,0,0,0,7,1,0,1,0,2,0,0,2,2,1,1,3,94.05,633.45,0,0,0.1482386318858854,0.0
4556,0,1,1,0,72,1,2,0,2,2,2,0,2,2,2,1,1,84.1,6129.65,0,3,0.0137179581284203,0.0
843,1,1,0,0,16,1,0,1,0,0,0,0,0,2,0,1,2,78.75,1218.25,0,1,0.0645888866106212,945.0
1429,1,0,1,0,25,1,2,0,0,0,2,0,0,0,0,0,1,55.55,1405.3,0,2,0.0395008177487022,0.0
6516,0,0,1,0,34,1,2,0,2,2,0,2,0,0,0,0,2,62.65,2274.9,1,2,0.0275275715101717,0.0
3072,0,0,0,0,1,1,2,1,0,0,0,0,0,0,0,1,2,74.5,74.5,1,0,0.9867549668874172,894.0
1013,0,0,1,1,10,1,2,1,0,2,2,0,2,2,0,1,1,102.1,1068.85,1,0,0.0954339393372902,1225.1999999999998
3883,1,0,1,0,24,1,0,2,1,1,1,1,1,1,1,0,3,20.1,533.9,0,1,0.0375771172181716,0.0
2417,0,0,1,1,10,1,2,0,2,2,0,0,2,0,1,0,2,70.3,676.15,0,0,0.1038174702798493,0.0
772,1,0,1,0,69,1,0,0,2,2,0,0,0,0,1,1,1,53.65,3804.4,0,3,0.0140983865033899,0.0
3511,1,0,0,0,57,1,0,2,1,1,1,1,1,1,2,0,3,20.75,1118.8,0,3,0.0185300946597606,0.0
3375,1,0,1,1,50,1,0,1,0,2,2,2,2,2,1,1,0,103.4,5236.4,0,3,0.01974262038416,0.0
2308,1,0,1,1,28,0,1,0,2,0,2,2,2,0,1,0,3,50.8,1386.8,0,2,0.0366046980832973,0.0
1932,0,0,0,0,16,1,0,0,2,0,0,0,0,0,0,1,2,50.15,762.25,1,1,0.0657058630854896,601.8
3323,1,0,0,0,25,1,0,0,2,2,0,2,2,2,0,1,3,79.0,1902.0,0,2,0.0415133998949027,0.0
2377,0,1,1,0,3,1,0,1,0,2,0,0,0,0,0,1,0,74.6,239.05,0,0,0.3107685898771088,895.1999999999999
613,1,0,1,0,61,1,2,1,0,0,0,0,2,2,1,1,0,96.5,5673.7,0,3,0.0170053042451583,0.0
5669,0,0,0,0,2,1,0,2,1,1,1,1,1,1,0,0,3,20.1,39.8,0,0,0.4926470588235295,0.0
5857,1,0,1,1,51,1,0,2,1,1,1,1,1,1,1,0,3,19.4,997.75,0,3,0.019424280350438,0.0
6147,0,0,1,1,71,1,0,0,2,0,2,0,2,2,2,0,1,77.55,5574.35,0,3,0.013909440662918,0.0
1464,0,0,1,1,20,1,0,2,1,1,1,1,1,1,0,0,3,20.05,406.05,0,1,0.0492568480530647,0.0
2823,1,0,1,1,6,1,0,2,1,1,1,1,1,1,0,0,1,19.85,138.85,0,0,0.1419377904898105,0.0
4130,0,0,0,0,6,1,0,2,1,1,1,1,1,1,0,0,3,20.2,123.65,0,0,0.1620537505014039,0.0
1374,0,0,0,0,29,1,2,0,2,2,0,2,0,0,0,0,3,67.45,1801.1,0,2,0.0374285555740524,0.0
562,1,0,0,0,36,1,0,2,1,1,1,1,1,1,2,1,1,18.55,689.0,0,2,0.0268840579710144,0.0
6210,0,0,0,0,28,0,1,0,0,0,2,0,0,0,0,1,3,29.75,790.7,0,2,0.037577365163572,0.0
1292,0,0,1,0,7,1,2,1,0,0,0,0,2,0,0,1,2,86.5,582.5,1,0,0.1482433590402742,1038.0
1160,0,0,0,0,63,1,2,2,1,1,1,1,1,1,2,0,3,24.2,1618.2,0,3,0.014945652173913,0.0
3342,1,0,1,1,48,1,2,2,1,1,1,1,1,1,2,0,3,23.55,1173.35,0,2,0.0200536466981734,0.0
31,0,0,1,0,49,1,0,2,1,1,1,1,1,1,1,0,0,20.45,900.9,0,3,0.0226743541412573,0.0
555,1,1,0,0,27,1,2,1,0,2,0,0,0,0,0,1,2,81.45,2122.05,1,2,0.0383646169426061,977.4000000000001
2781,1,0,1,0,72,1,2,0,2,2,2,2,2,2,2,0,1,92.3,6719.9,0,3,0.0137332797690785,0.0
994,1,0,1,0,1,1,0,1,0,0,0,0,0,0,0,1,2,69.15,69.15,1,0,0.985744832501782,829.8000000000001
2585,0,0,1,1,72,0,1,0,0,2,0,2,2,2,2,0,1,53.65,3784.0,0,3,0.0141743725231175,0.0
4823,0,0,0,0,47,0,1,0,2,2,0,2,0,0,1,0,1,39.65,1798.65,0,2,0.0220320617897924,0.0
460,0,0,0,0,1,1,0,0,0,0,0,0,2,0,0,1,2,54.65,54.65,0,0,0.982030548068284,0.0
3113,0,0,0,0,36,1,2,1,0,2,2,0,2,2,1,1,0,104.8,3886.45,0,2,0.0269585460906249,0.0
960,1,0,1,1,43,0,1,0,0,2,0,0,0,0,0,0,1,29.3,1224.05,0,2,0.0239173911268927,0.0
558,0,1,1,0,27,1,2,0,0,2,2,2,2,2,0,0,2,83.85,2310.2,0,2,0.0362798546209761,0.0
597,0,0,0,0,9,1,0,1,0,0,0,0,0,2,0,1,2,79.55,723.4,1,0,0.109815019326339,954.5999999999999
1951,0,0,0,0,38,1,2,1,0,0,2,2,2,2,0,1,2,103.65,3988.5,0,2,0.0259806993357563,0.0
2505,0,1,0,0,35,1,2,1,2,0,0,0,2,2,0,1,2,99.05,3554.6,0,2,0.0278574642816964,0.0
3582,0,0,1,0,59,1,0,1,0,2,0,2,2,2,2,1,3,100.05,6034.85,0,3,0.0165759586470836,0.0
1608,1,0,0,0,27,1,0,2,1,1,1,1,1,1,2,0,1,20.35,531.6,0,2,0.038208787082238,0.0
2669,0,1,0,0,2,1,0,0,0,0,0,0,0,0,0,0,2,43.95,85.1,0,0,0.5104529616724739,0.0
4429,1,0,0,0,7,1,2,2,1,1,1,1,1,1,0,0,3,23.5,173.0,0,0,0.1350574712643678,0.0
2925,0,0,0,0,36,1,2,0,0,2,0,2,0,2,1,1,3,70.7,2511.95,0,2,0.028134264509839,0.0
3734,0,0,1,1,41,1,2,1,2,2,0,0,2,0,0,1,0,94.3,3893.6,0,2,0.024213012889642,0.0
991,0,0,0,0,13,0,1,0,0,2,0,0,0,0,0,0,2,29.15,357.15,0,1,0.081390478849644,0.0
2791,1,0,0,1,19,1,0,2,1,1,1,1,1,1,2,0,1,20.85,467.5,0,1,0.0445037353255069,0.0
3479,0,0,1,0,60,0,1,0,2,2,0,2,0,0,2,0,0,37.7,2288.7,0,3,0.0164650390880901,0.0
6612,0,0,0,1,48,1,0,1,0,2,2,2,2,0,2,1,3,95.5,4627.85,1,2,0.0206314743402789,0.0
955,1,1,0,0,3,1,2,1,0,0,2,0,2,0,0,0,2,91.05,289.1,1,0,0.3138572905894519,1092.6
6745,1,0,1,0,69,1,2,1,0,2,0,2,2,0,2,1,3,92.45,6460.55,0,3,0.0143077125457514,0.0
6593,1,0,0,0,43,0,1,0,0,0,2,2,0,2,1,0,2,44.15,1931.3,0,2,0.0228484189825596,0.0
189,0,0,0,1,11,0,1,0,2,0,0,2,0,0,1,1,3,36.05,402.6,0,0,0.0893211100099107,0.0
5385,0,0,1,0,45,1,0,0,0,0,2,0,0,0,0,1,1,50.25,2221.55,0,2,0.0226091651481406,0.0
3257,1,0,1,0,72,1,2,1,0,2,2,2,2,2,2,1,1,109.75,7758.9,0,3,0.0141432234951481,0.0
3938,0,1,1,0,2,1,2,1,0,0,2,0,0,0,0,0,2,79.2,172.85,1,0,0.455565142364107,950.4000000000001
38,0,0,1,1,12,1,0,2,1,1,1,1,1,1,2,0,0,20.3,224.5,0,0,0.0900221729490022,0.0
6029,0,0,1,1,67,1,2,1,0,2,2,2,2,2,1,1,1,112.35,7388.45,0,3,0.015204108560177,0.0
3644,1,0,1,0,37,1,2,1,0,0,2,2,2,0,2,0,3,94.3,3460.95,0,2,0.0272389838097026,0.0
5882,0,0,0,0,39,0,1,0,2,2,0,2,0,0,1,0,0,41.15,1700.9,0,2,0.0241788589223808,0.0
6050,0,0,0,0,41,1,2,0,2,0,2,2,0,2,0,1,0,74.65,3090.65,0,2,0.0241456827260524,0.0
5596,0,0,0,0,25,0,1,0,0,0,2,0,2,2,0,1,2,48.25,1293.8,0,2,0.0372644423849243,0.0
3147,1,0,1,1,8,1,2,0,2,2,0,2,0,2,2,1,1,76.15,645.8,0,0,0.1177334570191713,0.0
4425,0,0,1,1,71,1,2,0,2,2,2,2,0,0,2,0,3,71.1,5224.95,0,3,0.0136051818329681,0.0
3176,1,0,0,0,5,1,2,1,0,2,2,0,0,2,0,0,2,96.55,500.1,0,0,0.1926761125523847,0.0
5732,0,0,0,0,30,1,2,0,2,0,2,0,2,2,1,1,1,79.3,2427.1,0,2,0.0326592809192372,0.0
4896,1,0,0,0,40,1,0,1,0,2,0,2,0,2,1,1,1,89.6,3488.15,0,2,0.0256796067810211,0.0
2555,0,0,0,0,54,1,0,2,1,1,1,1,1,1,2,1,3,20.5,1035.7,0,3,0.0197742837850872,0.0
5754,1,0,1,0,72,1,2,1,0,2,2,0,2,2,2,1,0,106.3,7565.35,0,3,0.0140490461054537,0.0
348,1,0,1,1,28,1,0,1,0,2,2,0,2,2,1,0,0,100.35,2799.0,0,2,0.0358392857142857,0.0
1362,1,0,1,1,18,1,0,1,0,0,0,2,0,2,0,1,2,85.6,1601.5,0,1,0.0534165366614664,0.0
1883,0,0,0,0,2,0,1,0,0,0,0,0,2,2,0,1,2,45.25,85.5,1,0,0.523121387283237,543.0
6973,0,0,1,1,59,1,2,1,0,2,2,0,2,2,1,1,2,106.15,6256.2,0,3,0.0169644569455986,0.0
2619,1,0,1,1,22,1,0,0,0,0,0,2,0,0,0,1,2,51.1,1232.9,0,1,0.0414134046519166,0.0
5586,0,0,0,0,1,1,0,2,1,1,1,1,1,1,0,0,3,19.9,19.9,0,0,0.9521531100478468,0.0
1680,0,1,1,0,72,1,2,2,1,1,1,1,1,1,2,1,1,25.7,1937.4,0,3,0.0132583574081716,0.0
1558,0,1,0,0,14,1,2,1,0,0,0,0,0,0,0,1,2,74.3,1096.25,1,1,0.0677147413989519,891.5999999999999
5040,1,0,1,0,50,1,2,1,0,0,0,2,2,2,1,0,2,99.4,5059.75,0,3,0.0196413575062984,0.0
3028,0,0,1,1,48,1,0,0,2,0,2,2,2,0,1,0,0,69.7,3023.65,0,2,0.0230439885606599,0.0
2471,0,0,1,1,49,1,2,1,0,2,0,0,2,2,0,1,2,98.35,4889.2,0,3,0.0201116518751789,0.0
1211,1,0,1,1,28,1,0,1,0,0,2,0,2,0,0,0,2,85.45,2289.9,0,2,0.0372997511894888,0.0
3510,1,1,0,0,68,1,2,1,0,2,2,0,0,2,0,1,2,95.9,6503.2,0,3,0.0147443190553796,0.0
5188,1,0,0,0,13,1,2,1,0,0,0,2,2,2,0,0,2,100.75,1313.25,0,1,0.0766596918394521,0.0
806,0,0,0,0,11,1,2,1,0,0,2,0,2,0,0,1,2,89.2,990.3,0,0,0.0899828508019772,0.0
6935,0,0,1,0,3,1,2,1,0,0,0,0,0,0,0,1,1,74.1,228.0,1,0,0.3235807860262008,889.1999999999999
2646,1,1,1,0,57,1,2,1,0,0,2,0,2,2,0,0,2,100.6,5746.15,1,3,0.0175043282322542,1207.1999999999998
6115,1,0,0,0,3,1,2,1,0,0,0,0,0,0,0,0,3,75.0,209.1,1,0,0.3569728700618753,900.0
1720,1,0,1,0,72,1,2,2,1,1,1,1,1,1,2,0,1,25.75,1864.2,0,3,0.013805490027879,0.0
6700,1,0,1,1,70,1,2,0,0,2,2,2,2,2,2,1,2,84.1,5979.7,0,3,0.0140618991087999,0.0
4888,0,0,1,1,49,1,2,0,0,2,0,2,2,2,2,0,0,79.3,3902.45,0,3,0.0203153620515185,0.0
3888,0,1,1,0,67,1,2,1,2,0,2,0,2,2,1,1,1,107.05,7142.5,0,3,0.0149856512913837,0.0
1396,1,0,0,0,46,1,0,2,1,1,1,1,1,1,2,0,0,20.05,902.0,0,2,0.022203765227021,0.0
5219,0,1,0,0,64,1,0,0,2,2,0,2,2,0,2,1,1,70.2,4481.0,1,3,0.0156626506024096,0.0
1393,0,0,1,0,37,1,0,2,1,1,1,1,1,1,0,0,0,19.5,805.2,0,2,0.0241875465145125,0.0
469,0,1,0,0,2,1,0,1,0,0,0,0,0,0,0,0,2,70.75,154.85,1,0,0.4539621430863009,849.0
515,0,1,1,0,13,0,1,0,0,0,0,0,2,2,0,0,2,45.3,528.45,0,1,0.0855604872981395,0.0
1638,0,0,1,0,72,1,2,1,2,2,2,2,2,2,2,0,2,115.15,8349.7,0,3,0.0137892631755421,0.0
1545,1,0,1,1,68,1,0,0,0,0,2,2,2,2,2,1,0,72.95,4953.25,0,3,0.0147247312913155,0.0
881,1,0,1,1,15,1,0,2,1,1,1,1,1,1,1,0,3,19.65,332.65,0,1,0.0588940506518807,0.0
96,0,0,0,0,24,1,0,2,1,1,1,1,1,1,2,1,0,19.55,470.2,0,1,0.0414898132427843,0.0
4009,0,0,0,0,24,1,2,1,0,0,0,2,0,2,0,1,2,89.55,2259.35,0,1,0.0396177583117658,0.0
2814,1,0,0,0,27,1,0,0,2,0,0,0,0,0,0,0,3,50.35,1411.35,0,2,0.0356498035189577,0.0
5801,1,0,0,0,12,1,0,0,0,0,0,2,0,0,0,0,0,50.25,593.75,1,0,0.0844892812105926,603.0
4504,0,0,1,1,71,1,0,0,2,2,2,2,2,2,2,0,1,87.25,6328.7,0,3,0.0137842235808964,0.0
5340,1,0,1,1,67,1,0,2,1,1,1,1,1,1,2,1,3,20.8,1411.9,0,3,0.0147214947979333,0.0
6658,0,0,1,0,63,1,2,1,0,2,2,2,2,2,2,1,0,109.25,6841.4,0,3,0.0159666198994504,0.0
2507,1,0,0,0,1,1,0,2,1,1,1,1,1,1,0,0,3,20.35,20.35,0,0,0.9531615925058547,0.0
4963,1,0,0,0,4,1,0,0,0,0,0,0,0,2,0,1,2,55.9,238.5,0,0,0.2334029227557411,0.0
5633,0,1,0,0,40,1,0,1,2,2,0,0,0,0,0,1,1,79.2,3233.85,1,2,0.0244833608977232,950.4000000000001
1473,0,0,0,0,12,1,0,1,0,0,2,0,2,2,0,1,2,96.0,1062.1,1,0,0.0903019471357351,1152.0
1316,1,0,1,1,52,1,0,0,2,2,2,0,2,2,2,0,2,79.2,4016.3,0,3,0.0197147337764169,0.0
1887,1,0,0,0,10,1,2,2,1,1,1,1,1,1,0,1,2,24.0,226.55,0,0,0.1054713249835201,0.0
4598,1,0,0,0,68,1,2,1,2,2,2,0,2,0,1,0,0,101.35,7110.75,0,3,0.0142510633810243,0.0
3908,0,0,0,0,54,1,2,1,0,0,0,2,2,2,0,1,2,100.1,5440.9,1,3,0.0183943108105624,1201.1999999999998
6328,0,0,1,1,4,1,0,0,0,2,0,2,0,0,0,0,3,56.5,235.1,1,0,0.2393053790766624,678.0
3721,0,0,1,0,52,0,1,0,2,0,2,0,0,0,1,0,3,35.45,1958.95,0,3,0.0180871961019413,0.0
4409,0,1,0,0,1,1,0,1,0,0,2,0,0,2,0,1,2,85.0,85.0,1,0,0.9883720930232558,1020.0
5993,1,0,1,0,70,1,2,0,2,2,2,2,2,0,1,0,0,79.4,5528.9,0,3,0.0143583066601566,0.0
1452,1,0,0,0,43,0,1,0,2,0,2,0,0,0,1,1,1,35.2,1463.7,0,2,0.0240322250290161,0.0
857,1,0,0,0,52,1,0,2,1,1,1,1,1,1,2,0,3,19.65,1025.05,0,3,0.0191511134934944,0.0
6985,0,0,0,0,12,0,1,0,2,0,2,2,0,2,2,0,3,49.85,552.1,0,0,0.0901283673838365,0.0
2878,0,0,1,1,56,1,2,0,2,2,0,0,0,2,1,0,0,68.75,3815.4,0,3,0.0180143590818572,0.0
6351,1,0,0,0,42,1,2,1,0,0,2,0,0,0,0,0,2,79.9,3313.4,0,2,0.0241069273473328,0.0
1189,1,1,1,0,22,1,0,1,0,0,0,0,2,2,0,1,0,89.75,1938.9,0,1,0.0462652714057425,0.0
3746,1,0,1,1,51,0,1,0,2,2,2,0,2,2,1,0,2,59.3,3014.65,1,3,0.0196640856863362,711.5999999999999
5632,1,0,0,0,27,1,0,2,1,1,1,1,1,1,0,1,1,19.4,460.25,0,2,0.0420596205962059,0.0
1091,1,1,1,0,51,1,2,1,2,0,2,0,0,2,1,1,0,93.65,4839.15,0,3,0.0193485739078334,0.0
3749,1,0,0,1,4,1,0,0,2,0,0,0,0,0,0,1,2,49.4,184.4,1,0,0.2664509169363538,0.0
1626,1,0,0,0,1,1,0,2,1,1,1,1,1,1,0,1,3,19.9,19.9,0,0,0.9521531100478468,0.0
6942,1,0,0,0,35,1,0,0,0,0,0,0,2,0,0,0,3,55.0,2010.55,1,2,0.027342099376103,660.0
5281,1,1,1,1,71,1,2,0,0,2,2,2,0,2,1,1,0,72.9,5139.65,0,3,0.0141810860494295,0.0
5429,0,0,0,0,1,1,0,1,0,0,0,0,0,0,0,1,2,69.2,69.2,1,0,0.9857549857549858,830.4000000000001
3593,0,0,1,1,69,1,2,2,1,1,1,1,1,1,2,1,0,25.6,1673.4,0,3,0.0152890587673196,0.0
6931,1,0,1,1,14,1,0,2,1,1,1,1,1,1,1,0,3,19.75,309.35,0,1,0.0636378282584179,0.0
5442,1,0,1,0,57,1,0,0,2,0,0,2,0,0,0,0,2,55.7,3171.6,0,3,0.0175565782008447,0.0
6844,0,0,1,1,72,1,2,1,2,2,2,2,2,2,2,0,1,117.5,8670.1,0,3,0.0135507605724763,0.0
6974,1,0,0,0,48,1,0,2,1,1,1,1,1,1,2,0,1,19.85,916.0,0,2,0.0216466739367502,0.0
2702,0,0,1,1,4,1,0,1,0,0,0,0,2,0,0,1,3,78.9,299.75,0,0,0.2623441396508728,0.0
1029,1,0,1,1,31,1,0,2,1,1,1,1,1,1,0,1,2,20.65,702.05,0,2,0.0293720219045587,0.0
5619,1,0,0,0,38,1,0,0,0,0,2,2,0,2,1,1,3,62.3,2354.8,1,2,0.0264453688768146,747.5999999999999
2799,1,1,1,0,37,1,2,1,0,0,0,0,2,2,0,1,2,92.5,3473.4,1,2,0.0266233018650702,1110.0
664,0,0,0,0,1,1,0,2,1,1,1,1,1,1,0,0,3,19.65,19.65,0,0,0.9515738498789348,0.0
2277,1,1,0,0,57,1,2,0,0,2,2,0,2,2,2,1,0,79.75,4438.2,0,3,0.0179649486393944,0.0
4326,0,1,1,0,62,1,0,0,2,0,2,2,2,2,2,1,1,79.95,4819.75,0,3,0.016584556344967,0.0
6730,1,0,1,0,3,0,1,0,0,0,0,2,0,0,0,1,2,29.9,92.25,0,0,0.3206434316353887,0.0
4157,0,0,0,1,72,1,0,2,1,1,1,1,1,1,2,1,3,19.75,1567.0,0,3,0.0125956632653061,0.0
44,1,0,0,1,29,0,1,0,2,2,2,2,0,0,0,1,3,45.0,1242.45,0,2,0.0361896336804857,0.0
2537,1,0,1,1,13,1,0,0,0,0,0,0,0,0,0,0,0,44.8,559.2,0,1,0.0799714387718671,0.0
3464,1,0,0,1,3,1,0,1,0,0,0,0,0,0,0,0,2,69.65,220.1,1,0,0.3150158299412031,835.8000000000001
1095,0,0,0,0,11,1,0,0,0,2,0,0,0,0,0,0,2,51.1,531.15,0,0,0.0960255567039368,0.0
6947,0,0,0,1,21,0,1,0,2,2,2,2,2,0,2,0,3,53.15,1183.2,0,1,0.0448826211788549,0.0
6710,0,0,0,0,19,1,2,2,1,1,1,1,1,1,0,0,0,24.7,465.85,0,1,0.0529077862268394,0.0
2151,1,0,0,0,61,1,2,1,2,0,2,2,2,2,2,1,1,111.6,6876.05,1,3,0.0162278884114554,1339.1999999999998
6906,0,0,0,0,11,1,0,0,2,0,0,0,0,0,0,0,1,48.55,501.0,1,0,0.0967131474103585,582.5999999999999
2214,1,0,1,1,35,1,2,1,0,2,2,2,2,2,0,1,2,109.95,3782.4,0,2,0.0290611619178516,0.0
1193,1,0,0,1,25,1,0,2,1,1,1,1,1,1,0,0,3,20.8,460.2,0,2,0.0450997398091934,0.0
5554,0,0,0,0,1,1,0,2,1,1,1,1,1,1,0,1,3,20.2,20.2,1,0,0.9528301886792452,242.39999999999998
5974,0,0,0,0,67,1,2,2,1,1,1,1,1,1,2,1,0,25.6,1790.35,0,3,0.014290897926145,0.0
3689,1,0,0,0,19,0,1,0,0,0,2,0,2,0,0,1,2,39.65,733.35,1,1,0.0539933274324232,475.79999999999995
3197,1,0,0,0,56,1,2,2,1,1,1,1,1,1,1,0,2,24.9,1334.0,1,3,0.0186516853932584,0.0
905,1,0,1,1,72,1,2,1,2,2,2,0,2,2,2,1,1,108.4,7767.25,0,3,0.0139542367972194,0.0
711,1,0,0,0,43,1,0,2,1,1,1,1,1,1,2,0,3,19.55,876.15,0,2,0.0222880921165137,0.0
2469,0,0,1,1,55,1,2,1,2,2,0,0,0,0,0,1,2,85.1,4600.95,0,3,0.0184921609317789,0.0
5979,1,0,1,1,2,1,2,0,2,0,0,0,0,0,0,0,3,56.7,113.55,1,0,0.4949803579223047,680.4000000000001
6148,1,0,0,0,27,1,0,1,0,0,0,0,0,0,0,1,3,69.05,1793.25,0,2,0.0384840462588825,0.0
5344,0,0,0,0,13,1,0,1,0,0,0,0,0,0,0,1,3,70.15,886.7,0,1,0.0790244451954489,0.0
5726,0,0,0,0,70,1,2,1,2,2,2,0,2,2,2,1,3,111.15,7737.55,0,3,0.014363155888377,0.0
765,0,0,1,0,14,1,0,1,2,2,0,2,2,2,1,0,3,105.95,1348.9,1,1,0.0784872953552115,0.0
4724,0,0,1,1,19,1,2,1,0,0,0,2,0,2,1,1,0,89.35,1686.85,0,1,0.0529371685872559,0.0
3981,0,0,0,0,20,1,2,1,2,0,0,0,2,0,0,1,0,89.1,1879.25,0,1,0.0473873155165536,0.0
4020,1,0,1,1,43,1,2,1,2,0,2,2,0,0,1,1,1,91.25,4013.8,0,2,0.0227284049018631,0.0
5827,1,0,1,1,5,1,0,1,2,0,2,0,0,2,0,1,3,90.35,434.5,0,0,0.2074626865671641,0.0
3015,0,1,1,0,70,1,2,1,0,2,0,2,2,2,1,1,0,105.55,7195.35,0,3,0.0146671576563118,0.0
3474,0,0,1,0,40,1,0,2,1,1,1,1,1,1,2,0,3,19.1,780.1,0,2,0.0244526949174241,0.0
1367,1,0,1,1,6,1,0,2,1,1,1,1,1,1,2,1,1,20.4,107.6,0,0,0.1878453038674033,0.0
767,1,0,0,0,39,1,0,1,2,0,2,0,2,2,2,1,2,100.45,3801.7,0,2,0.0264154416598732,0.0
6520,1,1,1,0,4,1,2,1,0,0,0,0,0,0,0,0,2,74.95,308.7,1,0,0.2420083952211818,899.4000000000001
5498,1,0,0,0,15,0,1,0,0,0,0,2,0,0,0,1,2,29.7,438.25,1,1,0.0676152532726237,356.4
6340,1,0,1,0,1,0,1,0,0,0,2,0,2,2,0,1,2,50.35,50.35,1,0,0.9805258033106136,604.2
4641,0,1,0,0,45,1,0,1,2,2,0,2,0,0,0,1,0,85.7,3778.1,0,2,0.0226773570426821,0.0
415,0,0,1,0,64,0,1,0,2,0,2,2,0,2,2,0,2,47.85,3147.5,1,3,0.0151977131967603,574.2
1555,0,1,1,0,57,1,2,1,0,2,2,0,0,2,0,0,1,94.0,5438.95,0,3,0.0172795705842884,0.0
169,1,0,1,1,72,1,2,0,2,2,2,2,0,0,2,0,0,69.85,5102.35,0,3,0.0136870878932465,0.0
1675,1,0,0,0,1,1,0,1,0,0,0,0,0,0,0,1,2,70.3,70.3,1,0,0.9859747545582048,843.5999999999999
3292,1,0,1,0,72,1,2,2,1,1,1,1,1,1,2,0,1,25.85,1872.2,0,3,0.0137999145846679,0.0
1865,0,0,0,0,3,1,0,0,2,2,0,2,0,2,2,0,3,71.1,213.35,0,0,0.331700489853044,0.0
2091,1,1,0,0,55,1,2,1,2,0,0,0,2,2,0,1,2,98.8,5617.75,1,3,0.0175839822024471,1185.6
4458,0,0,1,0,59,1,2,1,0,0,2,2,2,0,0,0,2,93.35,5386.5,0,3,0.0173271461716937,0.0
6204,0,0,0,0,18,1,2,1,0,0,0,2,2,2,0,1,0,99.85,1776.95,1,1,0.0561601844821282,1198.1999999999998
3828,1,1,1,0,32,1,0,1,0,0,0,0,0,2,0,1,1,80.3,2483.05,1,2,0.0323262414202612,963.5999999999999
4972,0,0,0,0,4,1,0,0,2,0,0,0,0,0,0,1,0,50.55,235.65,0,0,0.213606592013522,0.0
5977,0,1,0,0,66,1,2,1,0,2,0,0,0,0,0,1,1,80.45,5224.35,1,3,0.0153960978690422,965.4000000000001
3535,1,0,0,0,27,1,2,1,0,0,2,0,0,0,0,1,2,81.3,2272.8,0,2,0.0357551235816694,0.0
5648,1,0,0,0,4,1,0,2,1,1,1,1,1,1,0,1,1,20.7,83.75,0,0,0.2442477876106194,0.0
702,1,0,1,1,60,1,0,0,2,2,0,2,2,2,0,1,1,79.05,4663.4,0,3,0.0169475173655775,0.0
1348,0,0,1,1,8,1,0,2,1,1,1,1,1,1,2,0,3,19.05,201.7,0,0,0.0939812530833744,0.0
5776,1,0,1,1,8,1,0,2,1,1,1,1,1,1,2,0,1,19.6,125.0,0,0,0.1555555555555555,0.0
5539,1,0,0,0,35,1,0,2,1,1,1,1,1,1,2,1,3,20.2,684.4,0,2,0.0294718412605777,0.0
6637,1,0,0,0,7,1,2,1,0,0,0,0,0,2,0,1,2,86.8,620.35,1,0,0.1396958236098817,1041.6
6469,0,0,1,1,53,1,0,2,1,1,1,1,1,1,2,0,3,20.9,1146.05,0,3,0.0182206529793818,0.0
6437,0,1,0,0,18,1,2,1,0,2,0,2,2,2,0,1,1,103.6,1806.35,0,1,0.0573214927933161,0.0
2531,0,0,0,0,15,0,1,0,0,2,0,0,0,2,2,1,3,38.8,603.0,0,1,0.0642384105960264,0.0
5638,1,0,1,0,67,1,2,1,0,2,0,0,2,0,1,1,0,88.4,5798.3,0,3,0.0152432190091907,0.0
4141,1,1,1,0,6,1,0,1,0,2,0,0,0,2,0,1,2,84.2,519.15,1,0,0.1618763818129386,1010.4000000000001
4407,1,1,0,0,6,1,0,1,0,0,0,0,2,0,0,1,2,79.7,497.6,0,0,0.1598475732049739,0.0
1360,1,0,0,0,13,1,2,1,0,0,0,2,2,2,0,1,3,99.0,1301.7,1,1,0.0759960082904736,1188.0
2851,0,0,0,0,11,1,2,1,0,0,2,0,2,2,0,1,2,100.75,1129.75,1,0,0.0891001547645368,1209.0
1169,1,0,0,1,1,1,0,2,1,1,1,1,1,1,0,1,3,19.3,19.3,0,0,0.9507389162561576,0.0
5831,1,0,0,0,5,1,0,0,2,0,0,2,0,0,0,1,3,55.75,266.95,0,0,0.2080612054487777,0.0
3932,1,0,0,0,13,1,0,2,1,1,1,1,1,1,1,1,3,19.95,257.0,0,1,0.0773255813953488,0.0
6995,0,0,1,0,9,1,2,1,2,2,2,0,0,0,0,0,0,91.75,865.8,1,0,0.1058491001384402,1101.0
4886,1,0,0,0,29,1,0,1,0,2,0,2,2,0,0,0,3,89.65,2623.65,0,2,0.034156935210409,0.0
4333,1,1,0,0,1,1,0,0,0,0,0,0,0,0,0,1,3,45.85,45.85,0,0,0.9786552828175028,0.0
4683,0,0,0,0,1,1,2,1,0,0,2,0,0,0,0,1,3,79.55,79.55,1,0,0.9875853507138423,954.5999999999999
6299,0,0,1,1,18,1,0,0,0,0,0,0,2,0,0,0,3,55.95,1082.8,0,1,0.0516239158516331,0.0
4177,0,0,1,0,2,1,0,0,0,0,2,0,2,2,0,0,1,69.0,147.8,0,0,0.4637096774193548,0.0
3562,1,0,1,1,30,1,2,1,0,2,0,2,0,0,0,1,0,83.55,2570.2,0,2,0.0324945550715619,0.0
361,1,0,0,1,66,1,2,0,2,2,0,2,0,0,2,0,0,65.7,4378.9,0,3,0.0150003424735724,0.0
5988,1,0,1,1,38,1,2,1,0,0,2,2,2,0,2,1,0,94.9,3616.25,0,2,0.0262353998203054,0.0
1656,1,0,1,1,44,1,0,0,0,2,2,2,0,0,0,1,3,61.9,2924.05,0,2,0.0211620314182663,0.0
6401,0,0,0,0,54,1,2,1,0,2,2,2,2,2,0,0,2,111.1,6014.85,1,3,0.0184678806818654,1333.1999999999998
6818,1,0,0,0,2,1,0,2,1,1,1,1,1,1,0,0,3,20.0,32.7,0,0,0.5934718100890207,0.0
6159,0,0,0,0,42,1,0,0,2,2,0,2,0,2,1,1,3,67.7,2882.25,0,2,0.0234804474117749,0.0
3152,0,0,1,1,58,1,2,2,1,1,1,1,1,1,2,0,1,25.15,1509.9,0,3,0.0166457078562446,0.0
1299,1,0,1,1,58,1,0,1,0,2,0,0,2,2,0,1,2,92.85,5305.05,0,3,0.0174988927733436,0.0
1849,0,0,1,1,25,1,2,1,0,0,2,0,0,2,0,1,2,89.1,2368.4,1,2,0.0376044568245125,1069.1999999999998
2442,0,0,0,0,71,1,2,1,2,2,2,2,2,2,2,0,3,111.3,7985.9,0,3,0.0139353190850016,0.0
271,0,0,0,0,37,1,2,1,0,2,2,0,2,2,0,1,0,101.9,3545.35,1,2,0.0287337685225654,1222.8000000000002
4742,0,0,1,1,14,1,2,1,0,0,0,2,2,0,0,1,2,91.65,1301.0,1,1,0.0703917050691244,1099.8000000000002
882,0,1,0,0,4,1,2,1,0,0,2,0,0,2,0,1,2,88.85,372.45,1,0,0.2379167224528049,1066.1999999999998
447,0,0,1,0,48,1,2,0,2,0,0,2,0,0,1,1,0,60.6,2985.25,0,2,0.0202930096274591,0.0
3885,0,1,0,0,3,0,1,0,0,0,0,0,0,0,0,0,2,25.3,77.75,1,0,0.3212698412698412,303.6
6209,0,0,1,0,8,1,0,0,2,0,0,2,0,2,2,0,3,65.5,564.35,0,0,0.1158574334483063,0.0
180,1,0,0,0,1,1,2,1,0,0,0,0,2,2,0,1,2,95.45,95.45,1,0,0.9896319336443752,1145.4
3626,1,0,0,0,67,1,0,2,1,1,1,1,1,1,2,0,0,19.95,1311.75,0,3,0.0151971053132736,0.0
818,1,0,0,0,13,1,0,1,0,0,0,0,2,2,0,1,2,91.1,1135.7,1,1,0.0801442772939209,1093.1999999999998
4167,0,0,1,1,45,1,0,0,0,2,0,2,0,0,1,1,1,54.15,2319.8,1,2,0.0233324715615305,649.8
2407,1,0,0,0,49,1,2,1,0,0,0,0,0,0,0,1,0,74.6,3720.35,0,3,0.0200464885055154,0.0
2845,0,0,1,0,52,1,2,1,0,2,2,0,2,0,0,0,0,94.6,5025.8,0,3,0.0188191294660619,0.0
3752,0,0,1,0,63,1,0,1,2,0,2,0,0,0,1,1,1,81.15,5224.5,0,3,0.0155296143909673,0.0
4510,0,0,1,1,68,1,2,0,2,2,2,2,2,2,2,1,0,89.05,6185.8,0,3,0.0143935475528544,0.0
3468,0,0,1,0,31,1,0,0,0,0,0,2,0,0,0,1,3,49.2,1498.55,0,2,0.0328098429528858,0.0
4847,0,0,1,0,64,1,0,2,1,1,1,1,1,1,2,0,1,19.45,1208.6,0,3,0.0160796957671957,0.0
4485,0,0,1,0,62,1,0,1,2,0,2,2,2,2,1,1,2,104.3,6613.65,0,3,0.0157680300545002,0.0
3126,0,0,0,0,1,1,0,1,0,0,0,0,0,0,0,0,0,69.7,69.7,1,0,0.9858557284299858,836.4000000000001
2080,0,0,0,0,6,1,0,1,0,0,0,0,2,2,0,1,2,89.5,573.3,1,0,0.1558418944802368,1074.0
467,0,0,1,0,21,1,0,1,0,0,0,2,2,0,0,1,2,86.05,1818.9,0,1,0.0472828177372383,0.0
4944,0,0,1,1,72,1,2,2,1,1,1,1,1,1,2,0,0,25.2,1787.35,0,3,0.0140912013867531,0.0
5025,0,0,1,1,32,0,1,0,2,2,0,0,0,0,0,1,2,35.15,1051.05,0,2,0.0334109595551542,0.0
5719,0,1,0,0,71,1,2,1,2,2,0,2,2,0,1,1,1,99.65,7181.25,0,3,0.0138744822304988,0.0
1443,0,0,0,1,34,1,0,1,2,2,2,0,2,2,0,1,0,105.35,3688.6,0,2,0.0285532307025151,0.0
5230,1,0,1,0,3,0,1,0,0,0,0,0,0,2,0,1,2,35.15,99.75,1,0,0.3488833746898263,421.79999999999995
5383,1,0,0,1,12,1,2,1,0,0,0,0,0,0,0,1,1,73.75,871.4,1,0,0.0845369096744612,0.0
5128,0,1,0,0,8,1,2,1,0,0,2,0,2,2,0,0,2,101.35,780.5,1,0,0.1296865003198976,1216.1999999999998
1721,0,0,1,1,35,1,2,2,1,1,1,1,1,1,2,0,0,24.3,821.6,0,2,0.0295404814004376,0.0
2226,0,0,1,1,3,1,0,1,0,0,0,0,2,0,0,1,2,80.7,239.45,0,0,0.3356207111665627,0.0
5630,1,0,0,0,3,1,0,1,0,0,2,2,2,0,0,1,3,89.85,244.45,0,0,0.3660623344876756,0.0
5279,1,0,0,0,53,1,0,0,0,0,2,0,0,2,1,1,2,61.1,3357.9,0,3,0.0181904790258715,0.0
5564,0,0,1,0,4,0,1,0,2,0,0,0,0,0,0,1,2,29.05,129.6,0,0,0.2224349157733537,0.0
1056,0,0,1,1,48,1,0,1,2,0,2,0,2,2,1,1,0,99.7,4977.2,0,2,0.0200273191113253,0.0
4145,0,0,1,1,6,1,0,0,2,2,0,0,0,0,0,0,1,55.9,365.35,1,0,0.152586324553023,670.8
966,1,1,1,0,3,1,2,1,0,2,2,0,2,2,0,1,2,105.9,334.65,1,0,0.3155072247877253,1270.8000000000002
3603,1,0,1,1,54,0,1,0,0,0,2,2,0,2,2,0,1,46.0,2424.05,0,3,0.0189686810581225,0.0
2147,0,0,0,0,1,1,0,0,0,0,0,0,0,0,0,0,3,43.95,43.95,1,0,0.9777530589543938,0.0
1623,1,0,0,0,62,1,0,0,0,2,2,2,2,2,0,1,0,80.4,4981.15,0,3,0.0161376112722419,0.0
1314,1,0,1,1,22,1,0,1,0,2,2,0,2,2,1,1,3,100.05,2090.25,0,1,0.0478421996413628,0.0
2751,1,0,0,0,1,1,0,0,0,0,0,0,0,0,0,1,0,45.1,45.1,1,0,0.9783080260303688,541.2
5610,1,1,0,0,51,1,0,1,0,0,2,0,2,2,1,1,0,94.0,4905.75,0,3,0.0191572833341825,0.0
2023,0,0,0,0,30,1,2,0,0,2,2,0,2,0,1,1,1,68.95,2038.7,0,2,0.0338039907829582,0.0
4105,0,1,1,0,56,1,2,0,2,2,2,2,0,0,1,1,1,68.45,4014.0,0,3,0.0170485678704856,0.0
6756,1,0,1,0,35,1,2,0,0,2,0,2,2,0,1,1,2,69.0,2441.7,0,2,0.0282474311213002,0.0
4395,0,1,0,0,64,0,1,0,0,2,0,2,2,0,0,1,2,43.85,2751.0,0,3,0.0159338662790697,0.0
3103,1,0,0,1,30,0,1,0,0,0,0,0,2,2,0,1,2,44.5,1307.8,0,2,0.0340006112469437,0.0
7000,0,0,1,1,25,1,0,2,1,1,1,1,1,1,2,1,3,18.7,383.65,0,2,0.0486156245937865,0.0
705,0,0,0,0,41,1,0,1,0,0,0,0,0,0,0,0,0,70.25,2868.05,1,2,0.024485456858542,843.0
1186,1,0,0,1,9,1,0,0,0,0,0,0,2,0,0,0,2,55.35,449.75,1,0,0.1227953410981697,664.2
6422,0,0,1,0,1,1,0,0,2,2,0,0,0,0,0,1,3,53.55,53.55,0,0,0.9816681943171404,0.0
360,1,0,0,1,70,1,2,1,2,2,2,2,2,2,2,1,2,114.6,7882.5,0,3,0.014536690556225,0.0
343,0,0,1,1,57,1,0,2,1,1,1,1,1,1,2,1,0,20.1,1087.7,0,3,0.0184623863323229,0.0
1508,1,0,0,0,9,1,2,1,0,0,0,0,2,0,0,1,2,85.5,791.7,0,0,0.1078592153399772,0.0
5828,0,0,1,1,69,1,2,1,0,2,2,2,2,2,1,1,0,108.75,7493.05,0,3,0.0145115124665568,0.0
5075,1,1,1,0,43,1,2,1,0,2,2,0,2,2,0,1,2,103.0,4414.3,1,2,0.023327973184155,1236.0
897,0,0,1,0,72,1,2,1,0,0,2,0,2,2,2,1,2,97.85,6841.3,0,3,0.014300746824898,0.0
5135,1,0,0,1,44,1,0,2,1,1,1,1,1,1,2,0,0,19.55,819.95,0,2,0.0238138741701687,0.0
2010,0,0,1,0,72,1,2,1,2,2,0,0,0,0,2,1,0,84.05,6052.25,0,3,0.0138851030438194,0.0
5872,0,0,1,0,33,1,0,1,2,0,2,2,2,2,1,1,2,103.75,3361.05,1,2,0.0308591484362219,1245.0
3615,1,0,0,0,54,1,2,1,0,0,2,0,0,2,0,0,1,89.4,4869.5,0,3,0.0183554049892208,0.0
1774,1,0,0,1,27,1,0,2,1,1,1,1,1,1,2,0,1,19.7,509.3,0,2,0.038604742308446,0.0
3719,1,0,0,0,54,1,2,1,0,2,0,0,0,0,0,1,0,79.85,4308.25,0,3,0.0185299065962754,0.0
6603,1,0,0,0,3,1,0,1,0,2,0,0,0,0,0,0,1,74.45,221.1,0,0,0.335209365150833,893.4000000000001
5398,0,0,1,0,53,1,2,0,2,2,2,0,0,2,1,0,0,74.1,3833.95,0,3,0.0193222858185895,0.0
4565,1,0,0,0,1,1,0,1,0,0,0,0,0,0,0,1,2,69.35,69.35,1,0,0.9857853589196872,832.1999999999999
4607,1,0,1,0,15,1,0,2,1,1,1,1,1,1,1,0,3,18.8,294.95,0,1,0.0635242439601284,0.0
1000,0,0,0,0,56,1,0,1,0,2,0,0,0,0,0,1,2,73.85,4092.85,1,3,0.0180392540029556,886.1999999999999
3296,1,0,1,1,5,1,2,0,2,2,0,2,0,0,0,0,1,64.4,316.9,0,0,0.2025794274929223,0.0
3759,1,0,1,1,48,1,0,0,0,2,2,0,0,0,1,1,1,55.8,2651.2,0,2,0.0210391373199607,0.0
231,0,0,0,1,25,1,0,2,1,1,1,1,1,1,0,0,1,20.05,471.7,0,2,0.0424159086101121,0.0
3950,0,0,1,0,3,1,2,1,0,0,0,0,0,0,0,1,1,75.15,216.75,1,0,0.3451205510907004,901.8000000000001
1630,1,0,0,0,58,1,0,1,2,2,0,0,2,2,1,0,0,99.15,5720.95,0,3,0.017328008808186,0.0
314,1,0,0,0,10,1,0,0,0,0,0,0,0,2,0,1,0,56.75,503.25,0,0,0.1125433812592959,0.0
4601,1,0,0,0,1,1,0,1,0,0,0,0,0,0,0,1,2,69.6,69.6,1,0,0.9858356940509916,835.1999999999999
4427,1,0,1,0,71,1,2,1,0,2,0,2,2,2,2,1,1,104.15,7365.3,0,3,0.0141387127866092,0.0
3211,0,0,1,1,65,1,2,1,0,2,2,2,2,2,2,1,1,110.8,7245.9,0,3,0.0152892961128206,0.0
5455,1,0,1,1,5,1,2,1,0,2,0,0,0,0,0,1,2,80.15,385.0,1,0,0.2076424870466321,961.8000000000001
5490,0,0,0,0,28,0,1,0,0,0,2,2,0,0,0,1,3,35.75,961.4,0,2,0.0371467165419783,0.0
4247,0,0,1,1,67,1,2,0,0,0,2,2,0,2,2,1,0,69.9,4615.9,0,3,0.0151400290238038,0.0
1897,1,0,0,0,35,1,0,1,2,0,0,2,0,2,1,1,2,89.2,3251.3,0,2,0.0274267441502936,0.0
1586,0,0,1,1,72,0,1,0,2,2,2,2,0,2,2,0,1,55.65,3880.05,0,3,0.0143389031318844,0.0
1655,0,0,1,1,61,0,1,0,2,2,0,2,0,2,1,1,0,50.7,3088.75,0,3,0.0164090945869406,0.0
2409,1,1,0,0,68,1,0,2,1,1,1,1,1,1,2,1,1,20.0,1396.0,0,3,0.0143163922691481,0.0
25,0,0,1,1,1,0,1,0,2,0,0,0,0,0,0,0,0,30.5,30.5,1,0,0.9682539682539684,0.0
6368,1,0,0,0,3,1,0,2,1,1,1,1,1,1,0,1,3,19.1,53.05,0,0,0.3533765032377429,0.0
4818,1,0,1,1,70,1,2,1,0,2,0,0,2,2,2,0,0,98.3,6859.5,1,3,0.0143284017199912,1179.6
6352,0,0,0,1,48,0,1,0,0,2,2,0,0,2,0,0,1,45.55,2108.35,0,2,0.0215943300068741,0.0
2007,1,0,1,1,68,1,2,1,0,2,0,0,2,2,1,1,1,101.05,6770.5,0,3,0.0149228383666838,0.0
1892,0,0,0,0,47,1,0,1,2,0,2,2,2,2,1,1,2,103.7,4730.6,0,2,0.021916476456167,0.0
2546,1,0,1,1,32,0,1,0,0,0,2,2,0,0,1,1,3,36.25,1151.05,0,2,0.0314656481923527,0.0
1404,0,0,1,1,5,1,0,0,2,0,0,0,0,0,0,1,3,49.4,232.55,0,0,0.2115178762577606,0.0
6744,1,0,0,0,49,1,0,2,1,1,1,1,1,1,2,1,1,19.9,1022.6,0,3,0.0194411879640484,0.0
4528,0,0,0,0,48,1,2,1,0,2,2,0,2,2,0,1,0,107.4,5121.3,1,2,0.0209671436659313,1288.8000000000002
1072,0,1,0,0,13,1,2,1,0,0,0,0,0,2,0,1,2,82.0,1127.2,1,1,0.0726821485552207,984.0
6576,1,0,0,0,15,1,0,2,1,1,1,1,1,1,0,1,3,19.8,309.4,0,1,0.0637886597938144,0.0
3829,0,0,0,0,12,1,0,0,0,0,0,0,0,0,0,1,2,45.05,523.1,0,0,0.0859568784583094,0.0
1678,1,1,0,0,67,1,2,0,2,2,0,2,0,0,2,1,0,64.55,4250.1,0,3,0.0151843052386441,0.0
2746,1,0,0,0,9,1,0,1,0,0,0,2,2,0,0,0,2,86.25,770.5,0,0,0.1117952041477641,1035.0
2141,0,0,1,1,13,1,0,2,1,1,1,1,1,1,2,1,0,19.75,246.7,0,1,0.0797335486475575,0.0
693,0,0,0,0,38,1,0,1,0,0,0,0,2,2,1,1,3,89.1,3342.0,0,2,0.0266527071492671,0.0
3274,0,1,1,0,42,1,2,1,0,2,2,0,2,0,0,1,2,95.55,3930.6,0,2,0.0243030827144165,0.0
5782,0,0,1,0,24,1,2,1,0,0,0,0,0,0,0,1,1,75.4,1747.85,1,1,0.043114046373331,904.8000000000001
605,0,1,1,0,27,1,0,1,2,0,2,0,2,2,0,1,2,101.25,2754.45,1,2,0.0367453591972273,1215.0
6711,1,0,1,1,9,1,2,1,0,2,2,0,2,2,0,1,1,102.6,897.75,0,0,0.1141585535465924,0.0
870,0,0,1,0,49,0,1,0,0,2,0,2,2,2,1,1,1,56.3,2780.6,0,3,0.0202401495542134,0.0
5521,0,1,1,0,61,1,2,1,2,2,2,2,0,0,0,1,1,94.2,5895.45,0,3,0.0159757142009175,0.0
4665,1,0,0,1,50,0,1,0,2,2,0,0,2,0,1,1,0,43.05,2208.05,0,3,0.0194880152101582,0.0
6161,1,1,0,0,25,1,2,1,0,2,0,0,2,0,0,1,2,89.5,2196.15,1,2,0.0407345879889857,1074.0
6121,0,1,0,0,22,1,2,1,0,0,0,0,0,0,0,1,0,74.4,1692.6,1,1,0.0439300897496457,0.0
3322,1,0,0,0,1,1,0,2,1,1,1,1,1,1,0,0,3,20.5,20.5,1,0,0.9534883720930232,246.0
5734,1,0,0,0,4,1,2,1,0,0,0,0,0,0,0,1,2,74.35,265.35,1,0,0.2791439834803829,892.1999999999999
5133,0,1,1,0,18,1,2,1,0,0,0,2,2,2,0,0,0,99.75,1836.25,1,1,0.0542931011021907,1197.0
4723,0,1,0,0,56,1,2,1,0,2,2,2,2,2,1,1,2,111.95,6418.9,1,3,0.0174379663234629,1343.4
7019,0,1,1,0,53,1,0,1,0,2,2,2,2,0,1,1,2,94.0,4871.45,0,3,0.0192921425566193,0.0
287,0,0,1,0,51,1,2,1,0,0,2,0,2,2,1,1,2,98.85,4947.55,0,3,0.0199755483929635,0.0
1280,0,0,1,1,24,1,2,0,2,2,2,0,0,0,2,0,2,64.35,1558.65,0,1,0.0412592568845574,0.0
3608,0,0,1,0,62,1,0,0,2,2,2,0,2,0,2,1,1,72.0,4284.2,0,3,0.016802016241949,0.0
1961,1,0,0,0,24,1,0,0,0,2,0,0,0,0,0,1,3,49.7,1218.25,0,1,0.0407627639942587,0.0
4560,0,0,1,1,70,1,2,0,2,2,2,2,2,0,2,0,2,80.7,5617.95,0,3,0.0143621139180807,0.0
3796,1,0,0,1,1,0,1,0,0,0,0,0,0,0,0,0,3,24.2,24.2,0,0,0.9603174603174603,0.0
535,1,1,0,0,16,0,1,0,0,2,0,0,2,0,0,1,3,39.0,679.85,1,1,0.0572813395020929,468.0
3946,0,0,0,0,8,1,0,0,0,2,0,2,2,0,0,1,2,65.45,554.45,0,0,0.1178323881537492,0.0
5992,0,0,1,1,72,1,0,0,2,2,2,2,0,2,2,1,2,74.35,5237.4,0,3,0.0141932651191203,0.0
4699,0,0,0,0,23,1,0,1,0,2,2,2,0,0,0,0,0,83.2,2032.3,0,1,0.0409187035853046,0.0
4564,1,0,0,1,31,0,1,0,0,0,0,0,0,0,0,0,1,25.0,789.2,0,2,0.0316375601113642,0.0
4936,1,0,1,1,37,0,1,0,2,0,2,2,0,0,1,1,2,40.2,1525.35,0,2,0.026337340714777,0.0
2787,0,0,1,0,30,1,2,1,0,2,0,2,2,0,0,1,1,94.1,2804.45,1,2,0.0335418560302268,1129.1999999999998
4230,0,1,0,0,35,1,2,1,2,2,2,0,2,2,1,1,2,108.35,3726.15,0,2,0.0290704693935044,0.0
1142,0,0,1,1,23,1,2,0,0,2,0,2,2,0,0,1,1,69.5,1652.1,0,1,0.0420422237009255,0.0
956,0,0,1,1,20,1,2,0,2,0,0,0,2,2,1,0,0,76.0,1588.75,0,1,0.0478062588457304,0.0
247,1,0,1,0,36,1,0,1,2,0,0,0,2,2,0,1,2,93.6,3366.05,0,2,0.0277988149864124,0.0
2502,0,0,0,0,8,1,2,1,0,0,0,0,2,2,0,0,0,95.65,778.1,1,0,0.1227698626620459,1147.8000000000002
124,1,0,1,1,71,1,2,1,0,2,0,0,2,2,1,0,0,100.55,7113.75,0,3,0.0141326118275413,0.0
4656,0,1,1,0,50,1,2,1,0,2,0,0,2,0,0,1,2,88.05,4367.35,1,3,0.020156351940664,1056.6
545,0,0,1,1,43,1,2,2,1,1,1,1,1,1,1,1,0,24.45,993.15,0,2,0.0245938741638585,0.0
5090,1,0,0,1,57,1,2,0,2,2,2,2,2,2,2,0,3,89.55,5012.35,0,3,0.0178623076386049,0.0
2915,0,0,1,1,41,1,0,0,0,2,0,2,0,2,1,1,0,66.5,2728.6,1,2,0.0243625439624853,798.0
1733,0,0,1,0,27,1,0,1,0,2,0,0,0,0,0,1,2,76.1,2093.4,0,2,0.0363349885408708,0.0
633,0,0,0,0,13,1,0,1,0,0,0,0,0,2,0,1,2,80.5,1011.8,0,1,0.0794826224328594,0.0
1430,1,0,0,0,3,0,1,0,2,2,0,0,0,0,0,1,3,35.45,106.85,1,0,0.3286972647195179,425.40000000000003
33,0,0,0,0,67,1,0,2,1,1,1,1,1,1,1,0,2,20.55,1343.4,0,3,0.0152856292770008,0.0
4461,1,0,0,0,3,1,0,0,0,2,0,0,0,0,0,1,3,49.9,130.1,1,0,0.3806254767353165,598.8
6742,0,0,1,0,64,1,2,1,0,2,0,2,2,2,2,1,0,105.4,6794.75,0,3,0.015509693558474,0.0
3128,1,0,0,0,26,0,1,0,0,0,2,2,0,0,0,0,2,35.75,1022.5,0,2,0.0349291646311675,0.0
4298,1,0,0,0,38,1,2,1,0,2,2,0,0,2,0,1,1,95.1,3691.2,0,2,0.0257570012458696,0.0
6560,1,0,1,0,23,1,0,2,1,1,1,1,1,1,1,0,1,19.3,486.2,0,1,0.0396141215106732,0.0
53,1,0,0,0,40,1,2,1,0,2,2,0,2,2,0,1,1,104.5,4036.85,1,2,0.025880109464195,1254.0
1562,1,1,1,0,72,0,1,0,2,2,2,2,2,2,2,1,0,63.1,4685.55,0,3,0.0134640620499087,0.0
1329,0,1,0,0,3,1,2,1,0,0,0,0,0,0,0,1,1,75.05,256.25,1,0,0.2917395529640427,900.5999999999999
5462,1,0,0,0,23,1,2,1,0,0,2,0,0,0,0,1,2,81.0,1917.1,1,1,0.0422292894009697,0.0
492,0,1,1,0,1,1,2,1,0,0,0,0,0,0,0,1,2,74.45,74.45,1,0,0.9867461895294898,893.4000000000001
3889,0,0,0,0,4,1,0,0,2,2,0,2,0,0,0,1,3,60.4,272.15,1,0,0.2211239245835621,724.8
4741,0,0,1,0,62,1,2,0,2,2,0,2,2,2,2,1,2,84.95,5150.55,0,3,0.016490182566412,0.0
1143,0,0,0,0,40,1,2,1,0,2,2,0,2,0,0,1,0,93.4,3756.4,0,2,0.024857614307766,0.0
6377,1,0,0,0,41,1,2,1,0,2,0,0,2,0,0,1,2,89.2,3645.75,0,2,0.0244601357373003,0.0
453,1,1,1,0,34,1,0,1,0,0,2,0,2,0,0,1,1,85.2,2874.45,0,2,0.0296301448468935,0.0
1018,0,0,0,0,1,1,0,0,0,2,0,0,0,0,0,0,2,49.95,49.95,0,0,0.9803729146221786,0.0
3366,0,0,0,0,51,1,0,2,1,1,1,1,1,1,2,0,0,20.65,1020.75,0,3,0.0202104232933692,0.0
771,1,0,1,1,1,1,0,1,0,0,0,0,0,0,0,1,3,70.65,70.65,1,0,0.9860432658757852,847.8000000000001
6825,0,0,0,0,39,1,0,2,1,1,1,1,1,1,2,0,3,20.15,826.0,0,2,0.0243651753325272,0.0
6923,1,0,1,1,12,1,0,2,1,1,1,1,1,1,0,1,2,19.2,239.0,0,0,0.08,0.0
1154,1,0,0,0,12,1,0,0,0,0,0,2,2,0,1,1,2,59.8,727.8,1,0,0.08205268935236,0.0
5109,1,0,0,0,72,1,2,1,0,2,2,0,2,2,1,1,2,104.95,7544.3,0,3,0.0139093210342862,0.0
701,0,1,1,0,63,1,2,1,0,2,2,0,2,2,0,1,2,103.5,6479.4,0,3,0.0159712363434355,0.0
5239,1,0,1,0,44,1,2,1,2,0,2,0,0,0,0,1,1,84.8,3626.35,0,2,0.0233779480888251,0.0
1942,0,0,0,0,18,1,2,1,0,0,2,2,0,2,0,1,0,95.05,1679.4,0,1,0.0565639133539633,0.0
6190,0,0,0,0,9,1,0,0,0,0,0,0,0,0,0,1,0,44.2,403.35,1,0,0.1093112402621491,530.4000000000001
372,1,0,0,0,13,1,0,0,0,2,0,2,2,2,0,0,3,73.35,931.55,0,1,0.078655299983915,0.0
6525,0,0,1,0,68,1,0,0,0,2,0,2,2,0,2,0,0,64.1,4326.25,0,3,0.0148131030099948,0.0
1525,0,1,0,0,6,0,1,0,0,0,0,0,2,2,0,1,2,44.4,263.05,0,0,0.1681499715962885,0.0
593,0,0,0,0,2,1,0,2,1,1,1,1,1,1,0,1,3,20.05,39.25,0,0,0.4981366459627329,0.0
2515,1,1,1,0,55,1,2,0,2,2,0,0,0,0,1,0,1,60.0,3316.1,0,3,0.0180880889933978,0.0
4883,1,1,0,0,1,1,2,1,0,0,0,0,0,0,0,1,2,75.75,75.75,1,0,0.986970684039088,909.0
6864,1,0,0,0,38,1,0,1,0,0,0,0,0,0,0,1,1,69.5,2625.25,0,2,0.0264635887672536,0.0
437,0,0,0,0,67,1,2,1,2,2,2,0,2,0,0,1,1,102.95,6886.25,1,3,0.0149479109949544,1235.4
5984,1,0,0,0,19,1,0,1,0,0,0,0,2,0,0,1,0,78.7,1495.1,0,1,0.0526034355992246,0.0
5493,0,0,0,0,12,0,1,0,0,2,2,2,2,2,1,0,2,60.65,743.3,0,0,0.0814859599623807,0.0
1756,0,0,0,0,72,1,0,2,1,1,1,1,1,1,2,1,0,21.15,1419.4,0,3,0.0148901717825964,0.0
4843,1,0,1,1,24,1,2,0,2,0,2,2,2,2,1,1,3,84.8,1990.5,0,1,0.0425809691187547,0.0
1524,0,0,1,1,72,1,2,1,0,2,2,0,2,2,1,1,1,103.2,7362.9,0,3,0.0140143130678037,0.0
3358,0,0,1,1,11,0,1,0,2,0,0,0,0,0,0,1,2,29.6,346.45,0,0,0.0851921139732335,0.0
5923,1,1,1,0,4,1,2,1,0,0,0,0,0,0,0,1,3,74.4,306.6,1,0,0.2418725617685305,892.8000000000001
2221,1,0,0,0,66,1,0,1,2,0,2,2,2,2,2,1,0,105.65,6844.5,0,3,0.0154334964575268,0.0
